{
	"credit": "Made with Blockbench",
	"texture_size": [16, 19],
	"textures": {
		"0": "optifine/cit/icons/tomahawks/connors_tomahawk_axe",
		"1": "item/feather",
		"particle": "optifine/cit/icons/tomahawks/connors_tomahawk_axe"
	},
	"elements": [
		{
			"from": [7.5, 0, 0],
			"to": [8.5, 1, 2],
			"rotation": {"angle": 0, "axis": "y", "origin": [0.5, 9.95833, 8.39583]},
			"faces": {
				"north": {"uv": [0, 15.15789, 1, 16], "texture": "#0"},
				"east": {"uv": [2, 15.15789, 0, 16], "texture": "#0"},
				"south": {"uv": [1, 15.15789, 2, 16], "texture": "#0"},
				"west": {"uv": [0, 15.15789, 2, 16], "texture": "#0"},
				"up": {"uv": [0, 15.15789, 2, 16], "texture": "#0"},
				"down": {"uv": [1, 15.15789, 2, 16], "texture": "#0"}
			}
		},
		{
			"from": [7.5, 1, 0],
			"to": [8.5, 2, 3],
			"rotation": {"angle": 0, "axis": "y", "origin": [0.5, 9.95833, 8.39583]},
			"faces": {
				"north": {"uv": [0, 14.31579, 1, 15.15789], "texture": "#0"},
				"east": {"uv": [3, 14.31579, 0, 15.15789], "texture": "#0"},
				"south": {"uv": [2, 14.31579, 3, 15.15789], "texture": "#0"},
				"west": {"uv": [0, 14.31579, 3, 15.15789], "texture": "#0"},
				"up": {"uv": [0, 14.31579, 1, 15.15789], "texture": "#0"},
				"down": {"uv": [2, 14.31579, 3, 15.1579], "texture": "#0"}
			}
		},
		{
			"from": [7.5, 2, 1],
			"to": [8.5, 3, 4],
			"rotation": {"angle": 0, "axis": "y", "origin": [0.5, 9.95833, 8.39583]},
			"faces": {
				"north": {"uv": [1, 13.47368, 2, 14.31579], "texture": "#0"},
				"east": {"uv": [4, 13.47368, 1, 14.31579], "texture": "#0"},
				"south": {"uv": [3, 13.47368, 4, 14.31579], "texture": "#0"},
				"west": {"uv": [1, 13.47368, 4, 14.31579], "texture": "#0"},
				"up": {"uv": [1, 13.47368, 2, 14.31579], "texture": "#0"},
				"down": {"uv": [3, 13.47368, 4, 14.31579], "texture": "#0"}
			}
		},
		{
			"from": [7.5, 3, 2],
			"to": [8.5, 4, 5],
			"rotation": {"angle": 0, "axis": "y", "origin": [0.5, 9.95833, 8.39583]},
			"faces": {
				"north": {"uv": [2, 12.63158, 3, 13.47368], "texture": "#0"},
				"east": {"uv": [5, 12.63158, 2, 13.47368], "texture": "#0"},
				"south": {"uv": [4, 12.63158, 5, 13.47368], "texture": "#0"},
				"west": {"uv": [2, 12.63158, 5, 13.47368], "texture": "#0"},
				"up": {"uv": [2, 12.63158, 3, 13.47368], "texture": "#0"},
				"down": {"uv": [4, 12.63158, 5, 13.47369], "texture": "#0"}
			}
		},
		{
			"from": [7.5, 4, 3],
			"to": [8.5, 5, 6],
			"rotation": {"angle": 0, "axis": "y", "origin": [0.5, 9.95833, 8.39583]},
			"faces": {
				"north": {"uv": [3, 11.78947, 4, 12.63158], "texture": "#0"},
				"east": {"uv": [6, 11.78947, 3, 12.63158], "texture": "#0"},
				"south": {"uv": [5, 11.78947, 6, 12.63158], "texture": "#0"},
				"west": {"uv": [3, 11.78947, 6, 12.63158], "texture": "#0"},
				"up": {"uv": [3, 11.78947, 4, 12.63158], "texture": "#0"},
				"down": {"uv": [5, 11.78947, 6, 12.63158], "texture": "#0"}
			}
		},
		{
			"from": [7.5, 5, 4],
			"to": [8.5, 6, 7],
			"rotation": {"angle": 0, "axis": "y", "origin": [0.5, 9.95833, 8.39583]},
			"faces": {
				"north": {"uv": [4, 10.94737, 5, 11.78947], "texture": "#0"},
				"east": {"uv": [7, 10.94737, 4, 11.78947], "texture": "#0"},
				"south": {"uv": [6, 10.94737, 7, 11.78947], "texture": "#0"},
				"west": {"uv": [4, 10.94737, 7, 11.78947], "texture": "#0"},
				"up": {"uv": [4, 10.94737, 5, 11.78947], "texture": "#0"},
				"down": {"uv": [6, 10.94737, 7, 11.78948], "texture": "#0"}
			}
		},
		{
			"from": [7.5, 6, 5],
			"to": [8.5, 7, 8],
			"rotation": {"angle": 0, "axis": "y", "origin": [0.5, 9.95833, 8.39583]},
			"faces": {
				"north": {"uv": [5, 10.10526, 6, 10.94737], "texture": "#0"},
				"east": {"uv": [8, 10.10526, 5, 10.94737], "texture": "#0"},
				"south": {"uv": [7, 10.10526, 8, 10.94737], "texture": "#0"},
				"west": {"uv": [5, 10.10526, 8, 10.94737], "texture": "#0"},
				"up": {"uv": [5, 10.10526, 6, 10.94737], "texture": "#0"},
				"down": {"uv": [7, 10.10526, 8, 10.94737], "texture": "#0"}
			}
		},
		{
			"from": [7.5, 7, 6],
			"to": [8.5, 8, 9],
			"rotation": {"angle": 0, "axis": "y", "origin": [0.5, 9.95833, 8.39583]},
			"faces": {
				"north": {"uv": [6, 9.26316, 7, 10.10526], "texture": "#0"},
				"east": {"uv": [9, 9.26316, 6, 10.10526], "texture": "#0"},
				"south": {"uv": [8, 9.26316, 9, 10.10526], "texture": "#0"},
				"west": {"uv": [6, 9.26316, 9, 10.10526], "texture": "#0"},
				"up": {"uv": [6, 9.26316, 7, 10.10526], "texture": "#0"},
				"down": {"uv": [8, 9.26316, 9, 10.10527], "texture": "#0"}
			}
		},
		{
			"from": [7.5, 8, 7],
			"to": [8.5, 9, 10],
			"rotation": {"angle": 0, "axis": "y", "origin": [0.5, 9.95833, 8.39583]},
			"faces": {
				"north": {"uv": [7, 8.42105, 8, 9.26316], "texture": "#0"},
				"east": {"uv": [10, 8.42105, 7, 9.26316], "texture": "#0"},
				"south": {"uv": [9, 8.42105, 10, 9.26316], "texture": "#0"},
				"west": {"uv": [7, 8.42105, 10, 9.26316], "texture": "#0"},
				"up": {"uv": [7, 8.42105, 8, 9.26316], "texture": "#0"},
				"down": {"uv": [9, 8.42105, 10, 9.26316], "texture": "#0"}
			}
		},
		{
			"from": [7.5, 9, 8],
			"to": [8.5, 10, 11],
			"rotation": {"angle": 0, "axis": "y", "origin": [0.5, 9.95833, 8.39583]},
			"faces": {
				"north": {"uv": [9, 6.73684, 10, 7.57895], "texture": "#0"},
				"east": {"uv": [11, 7.57895, 8, 8.42105], "texture": "#0"},
				"south": {"uv": [10, 7.57895, 11, 8.42105], "texture": "#0"},
				"west": {"uv": [8, 7.57895, 11, 8.42105], "texture": "#0"},
				"up": {"uv": [8, 7.57895, 9, 8.42105], "texture": "#0"},
				"down": {"uv": [10, 7.57895, 11, 8.42106], "texture": "#0"}
			}
		},
		{
			"from": [7.5, 10, 9],
			"to": [8.5, 11, 15],
			"rotation": {"angle": 0, "axis": "y", "origin": [0.5, 9.95833, 8.39583]},
			"faces": {
				"north": {"uv": [9, 6.73684, 10, 7.57895], "texture": "#0"},
				"east": {"uv": [15, 6.73684, 9, 7.57895], "texture": "#0"},
				"south": {"uv": [13, 5.89474, 14, 6.73684], "texture": "#0"},
				"west": {"uv": [9, 6.73684, 15, 7.57895], "texture": "#0"},
				"up": {"uv": [9, 6.73684, 15, 7.57895], "rotation": 90, "texture": "#0"},
				"down": {"uv": [9, 6.73684, 15, 7.57895], "rotation": 270, "texture": "#0"}
			}
		},
		{
			"from": [7.5, 8, 15],
			"to": [8.5, 9, 16],
			"rotation": {"angle": 0, "axis": "y", "origin": [0.5, 9.95833, 8.39583]},
			"faces": {
				"north": {"uv": [15, 8.42105, 16, 9.26316], "texture": "#0"},
				"east": {"uv": [15, 8.42105, 16, 9.26316], "texture": "#0"},
				"south": {"uv": [15, 8.42105, 16, 9.26316], "texture": "#0"},
				"west": {"uv": [15, 8.42105, 16, 9.26316], "texture": "#0"},
				"up": {"uv": [15, 8.42105, 16, 9.26316], "texture": "#0"},
				"down": {"uv": [15, 8.42105, 16, 9.26316], "texture": "#0"}
			}
		},
		{
			"from": [7.5, 9, 13],
			"to": [8.5, 10, 15],
			"rotation": {"angle": 0, "axis": "y", "origin": [0.5, 9.95833, 8.39583]},
			"faces": {
				"north": {"uv": [13, 7.57895, 15, 8.42105], "texture": "#0"},
				"east": {"uv": [13, 7.57895, 15, 8.42105], "texture": "#0"},
				"south": {"uv": [13, 7.57895, 15, 8.42105], "texture": "#0"},
				"west": {"uv": [13, 7.57895, 15, 8.42105], "texture": "#0"},
				"up": {"uv": [13, 7.57895, 15, 8.42105], "texture": "#0"},
				"down": {"uv": [13, 7.57895, 15, 8.42105], "texture": "#0"}
			}
		},
		{
			"from": [7.5, 10, 6],
			"to": [8.5, 11, 7],
			"rotation": {"angle": 0, "axis": "y", "origin": [0.5, 9.95833, 8.39583]},
			"faces": {
				"north": {"uv": [6, 6.73684, 7, 7.57895], "texture": "#0"},
				"east": {"uv": [6, 6.73684, 7, 7.57895], "texture": "#0"},
				"south": {"uv": [6, 6.73684, 7, 7.57895], "texture": "#0"},
				"west": {"uv": [6, 6.73684, 7, 7.57895], "texture": "#0"},
				"up": {"uv": [6, 6.73684, 7, 7.57895], "texture": "#0"},
				"down": {"uv": [6, 6.73684, 7, 7.57895], "texture": "#0"}
			}
		},
		{
			"from": [7.5, 11, 5],
			"to": [8.5, 12, 14],
			"rotation": {"angle": 0, "axis": "y", "origin": [0.5, 9.95833, 8.39583]},
			"faces": {
				"north": {"uv": [5, 5.89474, 6, 6.73684], "texture": "#0"},
				"east": {"uv": [14, 5.89474, 5, 6.73684], "texture": "#0"},
				"south": {"uv": [13, 5.89474, 14, 6.73684], "texture": "#0"},
				"west": {"uv": [5, 5.89474, 14, 6.73684], "texture": "#0"},
				"up": {"uv": [5, 5.89474, 14, 6.73684], "rotation": 90, "texture": "#0"},
				"down": {"uv": [5, 5.89474, 14, 6.73684], "rotation": 270, "texture": "#0"}
			}
		},
		{
			"from": [7.5, 12, 6],
			"to": [8.5, 13, 9],
			"rotation": {"angle": 0, "axis": "y", "origin": [0.5, 9.95833, 8.39583]},
			"faces": {
				"north": {"uv": [6, 5.05263, 7, 5.89474], "texture": "#0"},
				"east": {"uv": [9, 5.05263, 6, 5.89474], "texture": "#0"},
				"south": {"uv": [8, 5.05263, 9, 5.89474], "texture": "#0"},
				"west": {"uv": [6, 5.05263, 9, 5.89474], "texture": "#0"},
				"up": {"uv": [6, 5.05263, 9, 5.89474], "rotation": 90, "texture": "#0"},
				"down": {"uv": [0, 15.15789, 1, 16], "texture": "#0"}
			}
		},
		{
			"from": [7.5, 12, 10],
			"to": [8.5, 13, 14],
			"rotation": {"angle": 0, "axis": "y", "origin": [0.5, 9.95833, 8.39583]},
			"faces": {
				"north": {"uv": [10, 5.05263, 11, 5.89474], "texture": "#0"},
				"east": {"uv": [14, 5.05263, 10, 5.89474], "texture": "#0"},
				"south": {"uv": [13, 5.05263, 14, 5.89474], "texture": "#0"},
				"west": {"uv": [10, 5.05263, 14, 5.89474], "texture": "#0"},
				"up": {"uv": [10, 5.05263, 14, 5.89474], "rotation": 90, "texture": "#0"},
				"down": {"uv": [0, 15.15789, 1, 16], "texture": "#0"}
			}
		},
		{
			"from": [7.5, 13, 11],
			"to": [8.5, 14, 13],
			"rotation": {"angle": 0, "axis": "y", "origin": [0.5, 9.95833, 8.39583]},
			"faces": {
				"north": {"uv": [11, 4.21053, 12, 5.05263], "texture": "#0"},
				"east": {"uv": [13, 4.21053, 11, 5.05263], "texture": "#0"},
				"south": {"uv": [12, 4.21053, 13, 5.05263], "texture": "#0"},
				"west": {"uv": [11, 4.21053, 13, 5.05263], "texture": "#0"},
				"up": {"uv": [11, 4.21053, 13, 5.05263], "rotation": 90, "texture": "#0"},
				"down": {"uv": [0, 15.15789, 1, 16], "texture": "#0"}
			}
		},
		{
			"from": [7.5, 13, 5],
			"to": [8.5, 17, 7],
			"rotation": {"angle": 0, "axis": "y", "origin": [0.5, 9.95833, 8.39583]},
			"faces": {
				"north": {"uv": [5, 1.68421, 6, 5.05263], "texture": "#0"},
				"east": {"uv": [7, 1.68421, 5, 5.05263], "texture": "#0"},
				"south": {"uv": [6, 1.68421, 7, 5.05263], "texture": "#0"},
				"west": {"uv": [5, 1.68421, 7, 5.05263], "texture": "#0"},
				"up": {"uv": [5, 1.68421, 6, 2.52632], "texture": "#0"},
				"down": {"uv": [5, 4.21053, 6, 5.05263], "texture": "#0"}
			}
		},
		{
			"from": [7.5, 15, 11],
			"to": [8.5, 17, 13],
			"rotation": {"angle": 0, "axis": "y", "origin": [0.5, 9.95833, 8.39583]},
			"faces": {
				"north": {"uv": [11, 1.68421, 12, 3.36842], "texture": "#0"},
				"east": {"uv": [13, 1.68421, 11, 3.36842], "texture": "#0"},
				"south": {"uv": [12, 1.68421, 13, 3.36842], "texture": "#0"},
				"west": {"uv": [11, 1.68421, 13, 3.36842], "texture": "#0"},
				"up": {"uv": [11, 1.68421, 13, 3.36842], "texture": "#0"},
				"down": {"uv": [11, 2.52632, 13, 3.36842], "rotation": 270, "texture": "#0"}
			}
		},
		{
			"from": [7.5, 14, 12],
			"to": [8.5, 15, 13],
			"rotation": {"angle": 0, "axis": "y", "origin": [0.5, 9.95833, 8.39583]},
			"faces": {
				"north": {"uv": [12, 3.36842, 13, 4.21053], "texture": "#0"},
				"east": {"uv": [12, 3.36842, 13, 4.21053], "texture": "#0"},
				"south": {"uv": [12, 3.36842, 13, 4.21053], "texture": "#0"},
				"west": {"uv": [12, 3.36842, 13, 4.21053], "texture": "#0"},
				"up": {"uv": [12, 3.36842, 13, 4.21053], "texture": "#0"},
				"down": {"uv": [12, 3.36842, 13, 4.21053], "texture": "#0"}
			}
		},
		{
			"from": [7.5, 17, 6],
			"to": [8.5, 18, 14],
			"rotation": {"angle": 0, "axis": "y", "origin": [0.5, 9.95833, 8.39583]},
			"faces": {
				"north": {"uv": [6, 0.84211, 7, 1.68421], "texture": "#0"},
				"east": {"uv": [14, 0.84211, 6, 1.68421], "texture": "#0"},
				"south": {"uv": [13, 0.84211, 14, 1.68421], "texture": "#0"},
				"west": {"uv": [6, 0.84211, 14, 1.68421], "texture": "#0"},
				"up": {"uv": [6, 0.84211, 14, 1.68421], "rotation": 90, "texture": "#0"},
				"down": {"uv": [6, 0.84211, 14, 1.68421], "rotation": 270, "texture": "#0"}
			}
		},
		{
			"from": [7.5, 18, 12],
			"to": [8.5, 19, 13],
			"rotation": {"angle": 0, "axis": "y", "origin": [0.5, 9.95833, 8.39583]},
			"faces": {
				"north": {"uv": [12, 0, 13, 0.84211], "texture": "#0"},
				"east": {"uv": [12, 0, 13, 0.84211], "texture": "#0"},
				"south": {"uv": [12, 0, 13, 0.84211], "texture": "#0"},
				"west": {"uv": [12, 0, 13, 0.84211], "texture": "#0"},
				"up": {"uv": [12, 0, 13, 0.84211], "texture": "#0"},
				"down": {"uv": [12, 0, 13, 0.84211], "texture": "#0"}
			}
		},
		{
			"from": [7.5, 18, 7],
			"to": [8.5, 19, 11],
			"rotation": {"angle": 0, "axis": "y", "origin": [0.5, 9.95833, 8.39583]},
			"faces": {
				"north": {"uv": [7, 0, 8, 0.84211], "texture": "#0"},
				"east": {"uv": [7, 0, 11, 0.84211], "texture": "#0"},
				"south": {"uv": [10, 0, 11, 0.84211], "texture": "#0"},
				"west": {"uv": [7, 0, 11, 0.84211], "texture": "#0"},
				"up": {"uv": [7, 0, 11, 0.84211], "texture": "#0"},
				"down": {"uv": [7, 0, 11, 0.84211], "texture": "#0"}
			}
		},
		{
			"from": [7.20647, 5.92139, 5],
			"to": [7.20647, 9.92139, 9],
			"rotation": {"angle": -22.5, "axis": "z", "origin": [7.34067, 8.34038, 6.73336]},
			"faces": {
				"north": {"uv": [0, 0, 0, 3.36842], "rotation": 180, "texture": "#1"},
				"east": {"uv": [0, 16, 16, 0], "texture": "#1"},
				"south": {"uv": [0, 0, 0, 3.36842], "rotation": 180, "texture": "#1"},
				"west": {"uv": [0, 0, 16, 16], "rotation": 180, "texture": "#1"},
				"up": {"uv": [0, 0, 0, 3.36842], "texture": "#1"},
				"down": {"uv": [0, 0, 0, 3.36842], "texture": "#1"}
			}
		},
		{
			"from": [7.625, 6.54853, 4.35852],
			"to": [7.625, 10.54853, 8.35852],
			"rotation": {"angle": 22.5, "axis": "x", "origin": [7.34067, 8.34038, 6.73336]},
			"faces": {
				"north": {"uv": [0, 0, 0, 3.36842], "rotation": 180, "texture": "#1"},
				"east": {"uv": [0, 16, 16, 0], "texture": "#1"},
				"south": {"uv": [0, 0, 0, 3.36842], "rotation": 180, "texture": "#1"},
				"west": {"uv": [0, 0, 16, 16], "rotation": 180, "texture": "#1"},
				"up": {"uv": [0, 0, 0, 3.36842], "texture": "#1"},
				"down": {"uv": [0, 0, 0, 3.36842], "texture": "#1"}
			}
		},
		{
			"from": [8.22487, 5.85703, 8.31436],
			"to": [8.22487, 9.85703, 12.31436],
			"rotation": {"angle": -22.5, "axis": "x", "origin": [7.59067, 9.09038, 9.48336]},
			"faces": {
				"north": {"uv": [0, 0, 0, 3.36842], "texture": "#1"},
				"east": {"uv": [0, 0, 16, 16], "rotation": 90, "texture": "#1"},
				"south": {"uv": [0, 0, 0, 3.36842], "rotation": 180, "texture": "#1"},
				"west": {"uv": [0, 16, 16, 0], "rotation": 90, "texture": "#1"},
				"up": {"uv": [0, 0, 0, 3.36842], "texture": "#1"},
				"down": {"uv": [0, 0, 0, 3.36842], "rotation": 180, "texture": "#1"}
			}
		},
		{
			"from": [8.80635, 6.46555, 7.9415],
			"to": [8.80635, 10.46555, 11.9415],
			"rotation": {"angle": 22.5, "axis": "z", "origin": [7.59067, 9.09038, 9.48336]},
			"faces": {
				"north": {"uv": [0, 0, 0, 3.36842], "texture": "#1"},
				"east": {"uv": [0, 0, 16, 16], "rotation": 90, "texture": "#1"},
				"south": {"uv": [0, 0, 0, 3.36842], "rotation": 180, "texture": "#1"},
				"west": {"uv": [0, 16, 16, 0], "rotation": 90, "texture": "#1"},
				"up": {"uv": [0, 0, 0, 3.36842], "texture": "#1"},
				"down": {"uv": [0, 0, 0, 3.36842], "rotation": 180, "texture": "#1"}
			}
		}
	],
	"display": {
		"thirdperson_righthand": {
			"rotation": [-45, 0, 0],
			"translation": [0, 3.25, 1.5],
			"scale": [0.75, 0.75, 0.75]
		},
		"thirdperson_lefthand": {
			"rotation": [-45, 0, 0],
			"translation": [0, 3.25, 1.5],
			"scale": [0.75, 0.75, 0.75]
		},
		"firstperson_righthand": {
			"rotation": [-45, 0, 0],
			"translation": [0, 3.25, 1.5],
			"scale": [0.75, 0.75, 0.75]
		},
		"firstperson_lefthand": {
			"rotation": [-45, 0, 0],
			"translation": [0, 3.25, 1.5],
			"scale": [0.75, 0.75, 0.75]
		},
		"ground": {
			"rotation": [-57, 0, -102],
			"translation": [0, 6.75, 0],
			"scale": [0.5, 0.5, 0.5]
		},
		"gui": {
			"rotation": [3, 101.5, 6],
			"translation": [-0.5, -1.25, -0.75],
			"scale": [0.8, 0.8, 0.8]
		},
		"head": {
			"rotation": [81, -180, 0],
			"translation": [0, 3, -13.25]
		},
		"fixed": {
			"rotation": [63, -143.75, -1],
			"translation": [0, 0, -10],
			"scale": [1.5, 1.5, 1.5]
		}
	},
	"groups": [
		{
			"name": "group",
			"origin": [0, 0, 0],
			"children": [0, 1, 2, 3, 4, 5, 6, 7, 8, 9, 10, 11, 12, 13, 14, 15, 16, 17, 18, 19, 20, 21, 22, 23]
		},
		{
			"name": "feathers",
			"origin": [7.625, 6.90919, 6.31552],
			"children": [24, 25]
		},
		{
			"name": "feathers",
			"origin": [7.625, 6.90919, 6.31552],
			"children": [26, 27]
		}
	]
}