{
	"credit": "Made with Blockbench",
	"textures": {
		"1": "minecraft:block/magma",
		"2": "minecraft:block/basalt_side",
		"3": "minecraft:block/blackstone",
		"particle": "minecraft:block/blackstone"
	},
	"elements": [
		{
			"from": [5.1, 17, 3.1],
			"to": [10.9, 23, 12.9],
			"rotation": {"angle": 0, "axis": "y", "origin": [8, 0, 8]},
			"faces": {
				"north": {"uv": [5.1, 0, 10.9, 6], "texture": "#2"},
				"east": {"uv": [3.1, 0, 12.9, 6], "texture": "#2"},
				"south": {"uv": [5.1, 0, 10.9, 6], "texture": "#2"},
				"west": {"uv": [2, 0, 11.8, 6], "texture": "#2"},
				"up": {"uv": [5.1, 3.1, 10.9, 12.9], "texture": "#2"},
				"down": {"uv": [5.1, 3.1, 10.9, 12.9], "texture": "#2"}
			}
		},
		{
			"from": [5.1, 17, 13.775],
			"to": [10.9, 23, 14.575],
			"rotation": {"angle": 0, "axis": "y", "origin": [8, 0, 7.85]},
			"faces": {
				"north": {"uv": [5.1, 0, 10.9, 6], "texture": "#3"},
				"east": {"uv": [1.425, 0, 2.225, 6], "texture": "#3"},
				"south": {"uv": [5.1, 0, 10.9, 6], "texture": "#3"},
				"west": {"uv": [2, 0, 2.8, 6], "texture": "#3"},
				"up": {"uv": [5.1, 13.775, 10.9, 14.575], "texture": "#3"},
				"down": {"uv": [5.1, 1.425, 10.9, 2.225], "texture": "#3"}
			}
		},
		{
			"from": [5.6, 17.5, 12.95],
			"to": [10.4, 22.5, 13.75],
			"rotation": {"angle": 0, "axis": "y", "origin": [8, 0, 7.95]},
			"faces": {
				"north": {"uv": [5.6, 0, 10.4, 5], "texture": "#3"},
				"east": {"uv": [2.25, 0, 3.05, 5], "texture": "#3"},
				"south": {"uv": [5.6, 0, 10.4, 5], "texture": "#3"},
				"west": {"uv": [2, 0, 2.8, 5], "texture": "#3"},
				"up": {"uv": [5.6, 12.95, 10.4, 13.75], "texture": "#3"},
				"down": {"uv": [5.6, 2.25, 10.4, 3.05], "texture": "#3"}
			}
		},
		{
			"from": [5.1, 17, 1.425],
			"to": [10.9, 23, 2.225],
			"rotation": {"angle": 0, "axis": "y", "origin": [8, 0, 8]},
			"faces": {
				"north": {"uv": [5.1, 0, 10.9, 6], "texture": "#1"},
				"east": {"uv": [13.775, 0, 14.575, 6], "texture": "#1"},
				"south": {"uv": [5.1, 0, 10.9, 6], "texture": "#1"},
				"west": {"uv": [2, 0, 2.8, 6], "texture": "#1"},
				"up": {"uv": [5.1, 1.425, 10.9, 2.225], "texture": "#1"},
				"down": {"uv": [5.1, 13.775, 10.9, 14.575], "texture": "#1"}
			}
		},
		{
			"from": [5.6, 17.5, 2.25],
			"to": [10.4, 22.5, 3.05],
			"rotation": {"angle": 0, "axis": "y", "origin": [8, 0, 8]},
			"faces": {
				"north": {"uv": [5.6, 0, 10.4, 5], "texture": "#1"},
				"east": {"uv": [12.95, 0, 13.75, 5], "texture": "#1"},
				"south": {"uv": [5.6, 0, 10.4, 5], "texture": "#1"},
				"west": {"uv": [2, 0, 2.8, 5], "texture": "#1"},
				"up": {"uv": [5.6, 2.25, 10.4, 3.05], "texture": "#1"},
				"down": {"uv": [5.6, 12.95, 10.4, 13.75], "texture": "#1"}
			}
		},
		{
			"from": [10.85, 18, 4.1],
			"to": [11.15, 22, 11.9],
			"rotation": {"angle": 0, "axis": "y", "origin": [8, 0, 8]},
			"faces": {
				"north": {"uv": [4.85, 0, 5.15, 4], "texture": "#3"},
				"east": {"uv": [4.1, 0, 11.9, 4], "texture": "#3"},
				"south": {"uv": [10.85, 0, 11.15, 4], "texture": "#3"},
				"west": {"uv": [2, 0, 9.8, 4], "texture": "#3"},
				"up": {"uv": [10.85, 4.1, 11.15, 11.9], "texture": "#3"},
				"down": {"uv": [10.85, 4.1, 11.15, 11.9], "texture": "#3"}
			}
		},
		{
			"from": [4.85, 18, 4.1],
			"to": [5.15, 22, 11.9],
			"rotation": {"angle": 0, "axis": "y", "origin": [8, 0, 8]},
			"faces": {
				"north": {"uv": [10.85, 0, 11.15, 4], "texture": "#3"},
				"east": {"uv": [4.1, 0, 11.9, 4], "texture": "#3"},
				"south": {"uv": [4.85, 0, 5.15, 4], "texture": "#3"},
				"west": {"uv": [2, 0, 9.8, 4], "texture": "#3"},
				"up": {"uv": [4.85, 4.1, 5.15, 11.9], "texture": "#3"},
				"down": {"uv": [4.85, 4.1, 5.15, 11.9], "texture": "#3"}
			}
		},
		{
			"from": [4.525, 18.73972, 6.3],
			"to": [4.825, 21.53972, 9.075],
			"rotation": {"angle": -45, "axis": "x", "origin": [4, 20.43972, 8]},
			"faces": {
				"north": {"uv": [11.175, 0, 11.475, 2.8], "texture": "#1"},
				"east": {"uv": [6.925, 0, 9.7, 2.8], "texture": "#1"},
				"south": {"uv": [4.525, 0, 4.825, 2.8], "texture": "#1"},
				"west": {"uv": [2, 0, 4.775, 2.8], "texture": "#1"},
				"up": {"uv": [4.525, 6.3, 4.825, 9.075], "texture": "#1"},
				"down": {"uv": [4.525, 6.925, 4.825, 9.7], "texture": "#1"}
			}
		},
		{
			"from": [11.2, 18.73972, 6.3],
			"to": [11.5, 21.53972, 9.075],
			"rotation": {"angle": -45, "axis": "x", "origin": [4, 20.43972, 8]},
			"faces": {
				"north": {"uv": [4.5, 0, 4.8, 2.8], "texture": "#1"},
				"east": {"uv": [6.925, 0, 9.7, 2.8], "texture": "#1"},
				"south": {"uv": [11.2, 0, 11.5, 2.8], "texture": "#1"},
				"west": {"uv": [2, 0, 4.775, 2.8], "texture": "#1"},
				"up": {"uv": [11.2, 6.3, 11.5, 9.075], "texture": "#1"},
				"down": {"uv": [11.2, 6.925, 11.5, 9.7], "texture": "#1"}
			}
		},
		{
			"from": [5.6, 20.75, 13.025],
			"to": [6.4, 21.5, 13.825],
			"rotation": {"angle": 45, "axis": "x", "origin": [8, 20, 15.425]},
			"faces": {
				"north": {"uv": [9.6, 0, 10.4, 0.75], "texture": "#3"},
				"east": {"uv": [2.175, 0, 2.975, 0.75], "texture": "#3"},
				"south": {"uv": [5.6, 0, 6.4, 0.75], "texture": "#3"},
				"west": {"uv": [2, 0, 2.8, 0.75], "texture": "#3"},
				"up": {"uv": [5.6, 13.025, 6.4, 13.825], "texture": "#3"},
				"down": {"uv": [5.6, 2.175, 6.4, 2.975], "texture": "#3"}
			}
		},
		{
			"from": [5.6, 17.75, 16.025],
			"to": [6.4, 18.5, 16.825],
			"rotation": {"angle": 45, "axis": "x", "origin": [8, 20, 15.425]},
			"faces": {
				"north": {"uv": [9.6, 0, 10.4, 0.75], "texture": "#3"},
				"east": {"uv": [0, 0, 0.8, 0.75], "texture": "#3"},
				"south": {"uv": [5.6, 0, 6.4, 0.75], "texture": "#3"},
				"west": {"uv": [2, 0, 2.8, 0.75], "texture": "#3"},
				"up": {"uv": [5.6, 16, 6.4, 16.8], "texture": "#3"},
				"down": {"uv": [5.6, 0, 6.4, 0.8], "texture": "#3"}
			}
		},
		{
			"from": [5.6, 19.225, 14.025],
			"to": [6.4, 20.875, 15.825],
			"rotation": {"angle": 45, "axis": "x", "origin": [8, 20.25, 14.925]},
			"faces": {
				"north": {"uv": [9.6, 0, 10.4, 1.65], "texture": "#3"},
				"east": {"uv": [0.175, 0, 1.975, 1.65], "texture": "#3"},
				"south": {"uv": [5.6, 0, 6.4, 1.65], "texture": "#3"},
				"west": {"uv": [2, 0, 3.8, 1.65], "texture": "#3"},
				"up": {"uv": [5.6, 14.025, 6.4, 15.825], "texture": "#3"},
				"down": {"uv": [5.6, 0.175, 6.4, 1.975], "texture": "#3"}
			}
		},
		{
			"from": [9.6, 20.75, 13.025],
			"to": [10.4, 21.5, 13.825],
			"rotation": {"angle": 45, "axis": "x", "origin": [8, 20, 15.425]},
			"faces": {
				"north": {"uv": [5.6, 0, 6.4, 0.75], "texture": "#3"},
				"east": {"uv": [2.175, 0, 2.975, 0.75], "texture": "#3"},
				"south": {"uv": [9.6, 0, 10.4, 0.75], "texture": "#3"},
				"west": {"uv": [2, 0, 2.8, 0.75], "texture": "#3"},
				"up": {"uv": [9.6, 13.025, 10.4, 13.825], "texture": "#3"},
				"down": {"uv": [9.6, 2.175, 10.4, 2.975], "texture": "#3"}
			}
		},
		{
			"from": [9.6, 17.75, 16.025],
			"to": [10.4, 18.5, 16.825],
			"rotation": {"angle": 45, "axis": "x", "origin": [8, 20, 15.425]},
			"faces": {
				"north": {"uv": [5.6, 0, 6.4, 0.75], "texture": "#3"},
				"east": {"uv": [0, 0, 0.8, 0.75], "texture": "#3"},
				"south": {"uv": [9.6, 0, 10.4, 0.75], "texture": "#3"},
				"west": {"uv": [2, 0, 2.8, 0.75], "texture": "#3"},
				"up": {"uv": [9.6, 16, 10.4, 16.8], "texture": "#3"},
				"down": {"uv": [9.6, 0, 10.4, 0.8], "texture": "#3"}
			}
		},
		{
			"from": [9.6, 19.225, 14.025],
			"to": [10.4, 20.875, 15.825],
			"rotation": {"angle": 45, "axis": "x", "origin": [8, 20.25, 14.925]},
			"faces": {
				"north": {"uv": [5.6, 0, 6.4, 1.65], "texture": "#3"},
				"east": {"uv": [0.175, 0, 1.975, 1.65], "texture": "#3"},
				"south": {"uv": [9.6, 0, 10.4, 1.65], "texture": "#3"},
				"west": {"uv": [2, 0, 3.8, 1.65], "texture": "#3"},
				"up": {"uv": [9.6, 14.025, 10.4, 15.825], "texture": "#3"},
				"down": {"uv": [9.6, 0.175, 10.4, 1.975], "texture": "#3"}
			}
		},
		{
			"from": [7, -1, 7],
			"to": [9, 9, 9],
			"rotation": {"angle": 0, "axis": "y", "origin": [8, 0, 8]},
			"faces": {
				"north": {"uv": [7, 6, 9, 16], "texture": "#3"},
				"east": {"uv": [7, 6, 9, 16], "texture": "#3"},
				"south": {"uv": [7, 6, 9, 16], "texture": "#3"},
				"west": {"uv": [2, 0, 4, 10], "texture": "#3"},
				"up": {"uv": [7, 7, 9, 9], "texture": "#3"},
				"down": {"uv": [7, 7, 9, 9], "texture": "#3"}
			}
		},
		{
			"from": [7.47487, -1.61299, 7.35],
			"to": [8.77487, -1.31299, 8.65],
			"shade": false,
			"rotation": {"angle": 45, "axis": "z", "origin": [11.12487, -1.46299, 8]},
			"faces": {
				"north": {"uv": [7, 6, 7.3, 7.3], "rotation": 270, "texture": "#2"},
				"east": {"uv": [7, 6, 7.3, 7.3], "rotation": 270, "texture": "#2"},
				"south": {"uv": [7, 6, 7.3, 7.3], "rotation": 270, "texture": "#2"},
				"west": {"uv": [8, 6, 8.3, 7.3], "rotation": 270, "texture": "#2"},
				"up": {"uv": [7.47487, 7.35, 8.77487, 8.65], "rotation": 270, "texture": "#2"},
				"down": {"uv": [7.47487, 7.35, 8.77487, 8.65], "rotation": 270, "texture": "#2"}
			}
		},
		{
			"from": [6.43076, -3.23076, 7.35],
			"to": [6.73076, -1.93076, 8.65],
			"shade": false,
			"rotation": {"angle": 0, "axis": "y", "origin": [6.58076, -2.58076, 8]},
			"faces": {
				"north": {"uv": [7, 6, 8.3, 6.3], "rotation": 270, "texture": "#2"},
				"east": {"uv": [7, 6, 8.3, 7.3], "rotation": 270, "texture": "#2"},
				"south": {"uv": [7, 6, 8.3, 6.3], "rotation": 270, "texture": "#2"},
				"west": {"uv": [8, 6, 9.3, 7.3], "rotation": 270, "texture": "#2"},
				"up": {"uv": [6.43076, 7.35, 7.73076, 7.65], "rotation": 270, "texture": "#2"},
				"down": {"uv": [6.43076, 7.35, 7.73076, 7.65], "rotation": 270, "texture": "#2"}
			}
		},
		{
			"from": [9.23223, 0.39411, 7.35],
			"to": [10.53223, 0.69411, 8.65],
			"shade": false,
			"rotation": {"angle": -45, "axis": "z", "origin": [6.88223, 0.54411, 8]},
			"faces": {
				"north": {"uv": [7, 6, 7.3, 7.3], "rotation": 270, "texture": "#2"},
				"east": {"uv": [7, 6, 7.3, 7.3], "rotation": 270, "texture": "#2"},
				"south": {"uv": [7, 6, 7.3, 7.3], "rotation": 270, "texture": "#2"},
				"west": {"uv": [8, 6, 8.3, 7.3], "rotation": 270, "texture": "#2"},
				"up": {"uv": [9.23223, 7.35, 10.53223, 8.65], "rotation": 270, "texture": "#2"},
				"down": {"uv": [9.23223, 7.35, 10.53223, 8.65], "rotation": 270, "texture": "#2"}
			}
		},
		{
			"from": [7.35, -1.31152, 7.35],
			"to": [8.65, -1.01152, 8.65],
			"shade": false,
			"rotation": {"angle": 0, "axis": "y", "origin": [8, 1.33848, 8]},
			"faces": {
				"north": {"uv": [7, 6, 7.3, 7.3], "rotation": 270, "texture": "#2"},
				"east": {"uv": [7, 6, 7.3, 7.3], "rotation": 270, "texture": "#2"},
				"south": {"uv": [7, 6, 7.3, 7.3], "rotation": 270, "texture": "#2"},
				"west": {"uv": [2, 0, 2.3, 1.3], "rotation": 270, "texture": "#2"},
				"up": {"uv": [7.35, 7.35, 8.65, 8.65], "rotation": 270, "texture": "#2"},
				"down": {"uv": [7.35, 7.35, 8.65, 8.65], "rotation": 270, "texture": "#2"}
			}
		},
		{
			"from": [7.22513, -3.84853, 7.35],
			"to": [8.52513, -3.54853, 8.65],
			"shade": false,
			"rotation": {"angle": 45, "axis": "z", "origin": [4.87513, -3.69853, 8]},
			"faces": {
				"north": {"uv": [7, 6, 7.3, 7.3], "rotation": 270, "texture": "#2"},
				"east": {"uv": [7, 6, 7.3, 7.3], "rotation": 270, "texture": "#2"},
				"south": {"uv": [7, 6, 7.3, 7.3], "rotation": 270, "texture": "#2"},
				"west": {"uv": [8, 6, 8.3, 7.3], "rotation": 270, "texture": "#2"},
				"up": {"uv": [7.22513, 7.35, 8.52513, 8.65], "rotation": 270, "texture": "#2"},
				"down": {"uv": [7.22513, 7.35, 8.52513, 8.65], "rotation": 270, "texture": "#2"}
			}
		},
		{
			"from": [9.26924, -3.23076, 7.35],
			"to": [9.56924, -1.93076, 8.65],
			"shade": false,
			"rotation": {"angle": 0, "axis": "y", "origin": [9.41924, -2.58076, 8]},
			"faces": {
				"north": {"uv": [7, 6, 8.3, 6.3], "rotation": 270, "texture": "#2"},
				"east": {"uv": [7, 6, 8.3, 7.3], "rotation": 270, "texture": "#2"},
				"south": {"uv": [7, 6, 8.3, 6.3], "rotation": 270, "texture": "#2"},
				"west": {"uv": [8, 6, 9.3, 7.3], "rotation": 270, "texture": "#2"},
				"up": {"uv": [9.26924, 7.35, 10.56924, 7.65], "rotation": 270, "texture": "#2"},
				"down": {"uv": [9.26924, 7.35, 10.56924, 7.65], "rotation": 270, "texture": "#2"}
			}
		},
		{
			"from": [5.46777, -5.85563, 7.35],
			"to": [6.76777, -5.55563, 8.65],
			"shade": false,
			"rotation": {"angle": -45, "axis": "z", "origin": [9.11777, -5.70563, 8]},
			"faces": {
				"north": {"uv": [7, 6, 7.3, 7.3], "rotation": 270, "texture": "#2"},
				"east": {"uv": [7, 6, 7.3, 7.3], "rotation": 270, "texture": "#2"},
				"south": {"uv": [7, 6, 7.3, 7.3], "rotation": 270, "texture": "#2"},
				"west": {"uv": [8, 6, 8.3, 7.3], "rotation": 270, "texture": "#2"},
				"up": {"uv": [5.46777, 7.35, 6.76777, 8.65], "rotation": 270, "texture": "#2"},
				"down": {"uv": [5.46777, 7.35, 6.76777, 8.65], "rotation": 270, "texture": "#2"}
			}
		},
		{
			"from": [7.35, -4.15, 7.35],
			"to": [8.65, -3.85, 8.65],
			"shade": false,
			"rotation": {"angle": 0, "axis": "y", "origin": [8, 2.5, 8]},
			"faces": {
				"north": {"uv": [7, 6, 7.3, 7.3], "rotation": 270, "texture": "#2"},
				"east": {"uv": [7, 6, 7.3, 7.3], "rotation": 270, "texture": "#2"},
				"south": {"uv": [7, 6, 7.3, 7.3], "rotation": 270, "texture": "#2"},
				"west": {"uv": [8, 6, 8.3, 7.3], "rotation": 270, "texture": "#2"},
				"up": {"uv": [7.35, 7.35, 8.65, 8.65], "rotation": 270, "texture": "#2"},
				"down": {"uv": [7.35, 7.35, 8.65, 8.65], "rotation": 270, "texture": "#2"}
			}
		},
		{
			"from": [7.2, -5.10294, 5.31863],
			"to": [8.8, -3.50294, 5.91863],
			"rotation": {"angle": 22.5, "axis": "x", "origin": [8, -4.30294, 7.25]},
			"faces": {
				"north": {"uv": [7, 6, 8.6, 7.6], "texture": "#2"},
				"east": {"uv": [7, 6, 7.6, 7.6], "texture": "#2"},
				"south": {"uv": [7, 6, 8.6, 7.6], "texture": "#2"},
				"west": {"uv": [8, 6, 8.6, 7.6], "texture": "#2"},
				"up": {"uv": [7.2, 5.31863, 8.8, 5.91863], "texture": "#2"},
				"down": {"uv": [7.2, 10.08137, 8.8, 10.68137], "texture": "#2"}
			}
		},
		{
			"from": [7.2, -2.97157, 6.45],
			"to": [8.8, -2.37157, 8.05],
			"rotation": {"angle": -22.5, "axis": "x", "origin": [8, -4.30294, 7.25]},
			"faces": {
				"north": {"uv": [7, 6, 8.6, 6.6], "texture": "#2"},
				"east": {"uv": [7, 6, 8.6, 6.6], "texture": "#2"},
				"south": {"uv": [7, 6, 8.6, 6.6], "texture": "#2"},
				"west": {"uv": [8, 6, 9.6, 6.6], "texture": "#2"},
				"up": {"uv": [7.2, 6.45, 8.8, 8.05], "texture": "#2"},
				"down": {"uv": [7.2, 7.95, 8.8, 9.55], "texture": "#2"}
			}
		},
		{
			"from": [7.2, -2.97157, 6.45],
			"to": [8.8, -2.37157, 8.05],
			"rotation": {"angle": 22.5, "axis": "x", "origin": [8, -4.30294, 7.25]},
			"faces": {
				"north": {"uv": [7, 6, 8.6, 6.6], "texture": "#2"},
				"east": {"uv": [7, 6, 8.6, 6.6], "texture": "#2"},
				"south": {"uv": [7, 6, 8.6, 6.6], "texture": "#2"},
				"west": {"uv": [8, 6, 9.6, 6.6], "texture": "#2"},
				"up": {"uv": [7.2, 6.45, 8.8, 8.05], "texture": "#2"},
				"down": {"uv": [7.2, 7.95, 8.8, 9.55], "texture": "#2"}
			}
		},
		{
			"from": [7.2, -5.10294, 8.58137],
			"to": [8.8, -3.50294, 9.18137],
			"rotation": {"angle": -22.5, "axis": "x", "origin": [8, -4.30294, 7.25]},
			"faces": {
				"north": {"uv": [7, 6, 8.6, 7.6], "rotation": 180, "texture": "#2"},
				"east": {"uv": [7, 6, 8.6, 6.6], "rotation": 270, "texture": "#2"},
				"south": {"uv": [7, 6, 8.6, 7.6], "texture": "#2"},
				"west": {"uv": [8, 6, 9.6, 6.6], "rotation": 90, "texture": "#2"},
				"up": {"uv": [7.2, 8.58137, 8.8, 9.18137], "rotation": 180, "texture": "#2"},
				"down": {"uv": [7.2, 6.81863, 8.8, 7.41863], "texture": "#2"}
			}
		},
		{
			"from": [7.2, -5.10294, 8.58137],
			"to": [8.8, -3.50294, 9.18137],
			"rotation": {"angle": 22.5, "axis": "x", "origin": [8, -4.30294, 7.25]},
			"faces": {
				"north": {"uv": [7, 6, 8.6, 7.6], "texture": "#2"},
				"east": {"uv": [7, 6, 7.6, 7.6], "texture": "#2"},
				"south": {"uv": [7, 6, 8.6, 7.6], "texture": "#2"},
				"west": {"uv": [8, 6, 8.6, 7.6], "texture": "#2"},
				"up": {"uv": [7.2, 8.58137, 8.8, 9.18137], "texture": "#2"},
				"down": {"uv": [7.2, 6.81863, 8.8, 7.41863], "texture": "#2"}
			}
		},
		{
			"from": [7.2, -6.23431, 6.45],
			"to": [8.8, -5.63431, 8.05],
			"rotation": {"angle": -22.5, "axis": "x", "origin": [8, -4.30294, 7.25]},
			"faces": {
				"north": {"uv": [7, 6, 8.6, 6.6], "texture": "#2"},
				"east": {"uv": [7, 6, 8.6, 6.6], "texture": "#2"},
				"south": {"uv": [7, 6, 8.6, 6.6], "texture": "#2"},
				"west": {"uv": [8, 6, 9.6, 6.6], "texture": "#2"},
				"up": {"uv": [7.2, 6.45, 8.8, 8.05], "texture": "#2"},
				"down": {"uv": [7.2, 7.95, 8.8, 9.55], "texture": "#2"}
			}
		},
		{
			"from": [7.2, -6.23431, 6.45],
			"to": [8.8, -5.63431, 8.05],
			"rotation": {"angle": 22.5, "axis": "x", "origin": [8, -4.30294, 7.25]},
			"faces": {
				"north": {"uv": [7, 6, 8.6, 6.6], "texture": "#2"},
				"east": {"uv": [7, 6, 8.6, 6.6], "texture": "#2"},
				"south": {"uv": [7, 6, 8.6, 6.6], "texture": "#2"},
				"west": {"uv": [8, 6, 9.6, 6.6], "texture": "#2"},
				"up": {"uv": [7.2, 6.45, 8.8, 8.05], "texture": "#2"},
				"down": {"uv": [7.2, 7.95, 8.8, 9.55], "texture": "#2"}
			}
		},
		{
			"from": [7.2, -5.10294, 5.31863],
			"to": [8.8, -3.50294, 5.91863],
			"rotation": {"angle": -22.5, "axis": "x", "origin": [8, -4.30294, 7.25]},
			"faces": {
				"north": {"uv": [7, 6, 8.6, 7.6], "rotation": 180, "texture": "#2"},
				"east": {"uv": [7, 6, 8.6, 6.6], "rotation": 270, "texture": "#2"},
				"south": {"uv": [7, 6, 8.6, 7.6], "texture": "#2"},
				"west": {"uv": [8, 6, 9.6, 6.6], "rotation": 90, "texture": "#2"},
				"up": {"uv": [7.2, 5.31863, 8.8, 5.91863], "rotation": 180, "texture": "#2"},
				"down": {"uv": [7.2, 10.08137, 8.8, 10.68137], "texture": "#2"}
			}
		},
		{
			"from": [7, 16, 7],
			"to": [9, 17, 9],
			"rotation": {"angle": 0, "axis": "y", "origin": [8, 0, 8]},
			"faces": {
				"north": {"uv": [7, 0, 9, 1], "texture": "#3"},
				"east": {"uv": [7, 0, 9, 1], "texture": "#3"},
				"south": {"uv": [7, 0, 9, 1], "texture": "#3"},
				"west": {"uv": [2, 0, 4, 1], "texture": "#3"},
				"up": {"uv": [7, 7, 9, 9], "texture": "#3"},
				"down": {"uv": [7, 7, 9, 9], "texture": "#3"}
			}
		},
		{
			"from": [7, 14, 7],
			"to": [9, 15, 9],
			"rotation": {"angle": 0, "axis": "y", "origin": [8, 0, 8]},
			"faces": {
				"north": {"uv": [7, 1, 9, 2], "texture": "#3"},
				"east": {"uv": [7, 1, 9, 2], "texture": "#3"},
				"south": {"uv": [7, 1, 9, 2], "texture": "#3"},
				"west": {"uv": [2, 0, 4, 1], "texture": "#3"},
				"up": {"uv": [7, 7, 9, 9], "texture": "#3"},
				"down": {"uv": [7, 7, 9, 9], "texture": "#3"}
			}
		},
		{
			"from": [7.1, 8.975, 7.1],
			"to": [8.9, 13.975, 8.9],
			"rotation": {"angle": 0, "axis": "y", "origin": [8, 0.25, 8]},
			"faces": {
				"north": {"uv": [7.1, 2.025, 8.9, 7.025], "texture": "#2"},
				"east": {"uv": [7.1, 2.025, 8.9, 7.025], "texture": "#2"},
				"south": {"uv": [7.1, 2.025, 8.9, 7.025], "texture": "#2"},
				"west": {"uv": [2, 0, 3.8, 5], "texture": "#2"},
				"up": {"uv": [7.1, 7.1, 8.9, 8.9], "texture": "#2"},
				"down": {"uv": [7.1, 7.1, 8.9, 8.9], "texture": "#2"}
			}
		},
		{
			"from": [7.1, 15, 7.1],
			"to": [8.9, 16, 8.9],
			"rotation": {"angle": 0, "axis": "y", "origin": [8, 0, 8]},
			"faces": {
				"north": {"uv": [7.1, 0, 8.9, 1], "texture": "#2"},
				"east": {"uv": [7.1, 0, 8.9, 1], "texture": "#2"},
				"south": {"uv": [7.1, 0, 8.9, 1], "texture": "#2"},
				"west": {"uv": [2, 0, 3.8, 1], "texture": "#2"},
				"up": {"uv": [7.1, 7.1, 8.9, 8.9], "texture": "#2"},
				"down": {"uv": [7.1, 7.1, 8.9, 8.9], "texture": "#2"}
			}
		},
		{
			"from": [7.1, 23.025, 7.1],
			"to": [8.9, 23.275, 8.9],
			"rotation": {"angle": 0, "axis": "y", "origin": [8, -0.075, 8]},
			"faces": {
				"north": {"uv": [7.1, 0, 8.9, 0.25], "texture": "#3"},
				"east": {"uv": [7.1, 0, 8.9, 0.25], "texture": "#3"},
				"south": {"uv": [7.1, 0, 8.9, 0.25], "texture": "#3"},
				"west": {"uv": [2, 0, 3.8, 0.25], "texture": "#3"},
				"up": {"uv": [7.1, 7.1, 8.9, 8.9], "texture": "#3"},
				"down": {"uv": [7.1, 7.1, 8.9, 8.9], "texture": "#3"}
			}
		}
	],
	"display": {
		"thirdperson_righthand": {
			"rotation": [0, -0.5, 0],
			"translation": [0, 1.75, 1.25]
		},
		"thirdperson_lefthand": {
			"rotation": [0, -0.5, 0],
			"translation": [0, 1.75, 1.25]
		},
		"firstperson_righthand": {
			"rotation": [19, 10, -6],
			"translation": [4, 1.5, -4.5]
		},
		"firstperson_lefthand": {
			"rotation": [19, 10, -6],
			"translation": [4, 1.5, -4.5]
		},
		"ground": {
			"rotation": [78, 0, 0],
			"translation": [0, 4.25, 0]
		},
		"gui": {
			"rotation": [-46.75, 140.5, 62.75],
			"translation": [-1.5, -1.75, 0],
			"scale": [0.61, 0.61, 0.61]
		},
		"head": {
			"translation": [0, 24.5, 0],
			"scale": [2, 2, 2]
		},
		"fixed": {
			"rotation": [14, -180, 0],
			"translation": [0, -22, -15],
			"scale": [2, 2, 2]
		}
	},
	"groups": [
		{
			"name": "hammer",
			"origin": [8, 8, 8],
			"children": [
				{
					"name": "head",
					"origin": [8, 0, 8],
					"children": [0, 1, 2, 3, 4, 5, 6, 7, 8, 9, 10, 11, 12, 13, 14]
				},
				{
					"name": "handle",
					"origin": [8, 8, 8],
					"children": [15,
						{
							"name": "group",
							"origin": [8, 0, 8],
							"children": [16, 17, 18, 19, 20, 21, 22, 23]
						},
						{
							"name": "group",
							"origin": [8, -8.06066, 15.76777],
							"children": [24, 25, 26, 27, 28, 29, 30, 31]
						}, 32, 33, 34, 35, 36]
				}
			]
		}
	]
}