{
	"credit": "Made with Blockbench",
	"textures": {
		"0": "block/diamond_block",
		"1": "block/dark_oak_planks",
		"2": "block/anvil",
		"particle": "block/diamond_block"
	},
	"elements": [
		{
			"from": [7.5, 0, 5.25],
			"to": [8.5, 3, 11.25],
			"rotation": {"angle": 0, "axis": "z", "origin": [8, 3.5, 8.75]},
			"faces": {
				"north": {"uv": [7, 12, 10, 13], "rotation": 270, "texture": "#0"},
				"east": {"uv": [4, 9, 7, 15], "rotation": 270, "texture": "#0"},
				"south": {"uv": [6, 12, 9, 13], "rotation": 270, "texture": "#0"},
				"west": {"uv": [5, 9, 8, 15], "rotation": 90, "texture": "#0"},
				"up": {"uv": [2, 5, 3, 11], "rotation": 180, "texture": "#0"},
				"down": {"uv": [9, 5, 10, 11], "texture": "#0"}
			}
		},
		{
			"from": [7.5, 3, 4.25],
			"to": [8.5, 6, 10.25],
			"rotation": {"angle": 0, "axis": "z", "origin": [8, 3.5, 8.75]},
			"faces": {
				"north": {"uv": [7, 12, 10, 13], "rotation": 270, "texture": "#0"},
				"east": {"uv": [4, 9, 7, 15], "rotation": 270, "texture": "#0"},
				"south": {"uv": [6, 12, 9, 13], "rotation": 270, "texture": "#0"},
				"west": {"uv": [5, 9, 8, 15], "rotation": 90, "texture": "#0"},
				"up": {"uv": [2, 5, 3, 11], "rotation": 180, "texture": "#0"},
				"down": {"uv": [9, 5, 10, 11], "texture": "#0"}
			}
		},
		{
			"from": [7.5, 6, 3.25],
			"to": [8.5, 9, 9.25],
			"rotation": {"angle": 0, "axis": "z", "origin": [8, 3.5, 8.75]},
			"faces": {
				"north": {"uv": [7, 12, 10, 13], "rotation": 270, "texture": "#0"},
				"east": {"uv": [4, 9, 7, 15], "rotation": 270, "texture": "#0"},
				"south": {"uv": [6, 12, 9, 13], "rotation": 270, "texture": "#0"},
				"west": {"uv": [5, 9, 8, 15], "rotation": 90, "texture": "#0"},
				"up": {"uv": [2, 5, 3, 11], "rotation": 180, "texture": "#0"},
				"down": {"uv": [9, 5, 10, 11], "texture": "#0"}
			}
		},
		{
			"from": [7.5, 9, 4.25],
			"to": [8.5, 12, 10.25],
			"rotation": {"angle": 0, "axis": "z", "origin": [8, 3.5, 8.75]},
			"faces": {
				"north": {"uv": [7, 12, 10, 13], "rotation": 270, "texture": "#0"},
				"east": {"uv": [4, 9, 7, 15], "rotation": 270, "texture": "#0"},
				"south": {"uv": [6, 12, 9, 13], "rotation": 270, "texture": "#0"},
				"west": {"uv": [5, 9, 8, 15], "rotation": 90, "texture": "#0"},
				"up": {"uv": [2, 5, 3, 11], "rotation": 180, "texture": "#0"},
				"down": {"uv": [9, 5, 10, 11], "texture": "#0"}
			}
		},
		{
			"from": [7.5, 12, 5.25],
			"to": [8.5, 15, 11.25],
			"rotation": {"angle": 0, "axis": "z", "origin": [8, 3.5, 8.75]},
			"faces": {
				"north": {"uv": [7, 12, 10, 13], "rotation": 270, "texture": "#0"},
				"east": {"uv": [4, 9, 7, 15], "rotation": 270, "texture": "#0"},
				"south": {"uv": [6, 12, 9, 13], "rotation": 270, "texture": "#0"},
				"west": {"uv": [5, 9, 8, 15], "rotation": 90, "texture": "#0"},
				"up": {"uv": [2, 5, 3, 11], "rotation": 180, "texture": "#0"},
				"down": {"uv": [9, 5, 10, 11], "texture": "#0"}
			}
		},
		{
			"from": [7.5, 15, 6.25],
			"to": [8.5, 17, 12.25],
			"rotation": {"angle": 0, "axis": "z", "origin": [8, 3.5, 8.75]},
			"faces": {
				"north": {"uv": [7, 12, 9, 13], "rotation": 270, "texture": "#0"},
				"east": {"uv": [4, 9, 6, 15], "rotation": 270, "texture": "#0"},
				"south": {"uv": [6, 12, 8, 13], "rotation": 270, "texture": "#0"},
				"west": {"uv": [5, 9, 7, 15], "rotation": 90, "texture": "#0"},
				"up": {"uv": [2, 5, 3, 11], "rotation": 180, "texture": "#0"},
				"down": {"uv": [9, 5, 10, 11], "texture": "#0"}
			}
		},
		{
			"from": [7.75, -0.30552, 3.96404],
			"to": [8.25, 5.69448, 5.71404],
			"rotation": {"angle": -22.5, "axis": "x", "origin": [8, 1.19448, 5.21404]},
			"faces": {
				"north": {"uv": [3, 15, 9, 15.5], "rotation": 270, "texture": "#0"},
				"east": {"uv": [3, 14, 9, 15.75], "rotation": 270, "texture": "#0"},
				"south": {"uv": [2, 16, 8, 16.5], "rotation": 270, "texture": "#0"},
				"west": {"uv": [3, 14, 9, 15.75], "rotation": 90, "texture": "#0"},
				"up": {"uv": [0, 13, 0.5, 14.75], "rotation": 180, "texture": "#0"},
				"down": {"uv": [15, 14, 15.5, 15.75], "texture": "#0"}
			}
		},
		{
			"from": [7.75, 4.87358, 2.33711],
			"to": [8.25, 9.87358, 4.08711],
			"rotation": {"angle": 0, "axis": "x", "origin": [8, 6.37358, 8.58711]},
			"faces": {
				"north": {"uv": [3, 15, 8, 15.5], "rotation": 270, "texture": "#0"},
				"east": {"uv": [3, 14, 8, 15.75], "rotation": 270, "texture": "#0"},
				"south": {"uv": [2, 16, 7, 16.5], "rotation": 270, "texture": "#0"},
				"west": {"uv": [3, 14, 8, 15.75], "rotation": 90, "texture": "#0"},
				"up": {"uv": [0, 13, 0.5, 14.75], "rotation": 180, "texture": "#0"},
				"down": {"uv": [15, 14, 15.5, 15.75], "texture": "#0"}
			}
		},
		{
			"from": [7.75, 9.28105, 2.81598],
			"to": [8.25, 20.42597, 4.56598],
			"rotation": {"angle": 22.5, "axis": "x", "origin": [8, 10.78105, 4.06598]},
			"faces": {
				"north": {"uv": [3, 15, 14.14493, 15.5], "rotation": 270, "texture": "#0"},
				"east": {"uv": [3, 14, 14.14493, 15.75], "rotation": 270, "texture": "#0"},
				"south": {"uv": [2, 16, 13.14493, 16.5], "rotation": 270, "texture": "#0"},
				"west": {"uv": [3, 14, 14.14493, 15.75], "rotation": 90, "texture": "#0"},
				"up": {"uv": [0, 13, 0.5, 14.75], "rotation": 180, "texture": "#0"},
				"down": {"uv": [15, 14, 15.5, 15.75], "texture": "#0"}
			}
		},
		{
			"from": [7.5, 17, 7.25],
			"to": [8.5, 19, 13.25],
			"rotation": {"angle": 0, "axis": "z", "origin": [8, 3.5, 8.75]},
			"faces": {
				"north": {"uv": [7, 12, 9, 13], "rotation": 270, "texture": "#0"},
				"east": {"uv": [4, 9, 6, 15], "rotation": 270, "texture": "#0"},
				"south": {"uv": [6, 12, 8, 13], "rotation": 270, "texture": "#0"},
				"west": {"uv": [5, 9, 7, 15], "rotation": 90, "texture": "#0"},
				"up": {"uv": [2, 5, 3, 11], "rotation": 180, "texture": "#0"},
				"down": {"uv": [9, 5, 10, 11], "texture": "#0"}
			}
		},
		{
			"from": [7.5, -0.30552, 4.96404],
			"to": [8.5, 5.69448, 5.96404],
			"rotation": {"angle": -22.5, "axis": "x", "origin": [8, 1.19448, 5.46404]},
			"faces": {
				"north": {"uv": [5, 15, 11, 16], "rotation": 270, "texture": "#0"},
				"east": {"uv": [3, 6, 9, 7], "rotation": 270, "texture": "#0"},
				"south": {"uv": [6, 15, 12, 16], "rotation": 270, "texture": "#0"},
				"west": {"uv": [2, 15, 8, 16], "rotation": 90, "texture": "#0"},
				"up": {"uv": [8, 15, 9, 16], "rotation": 180, "texture": "#0"},
				"down": {"uv": [8, 15, 9, 16], "texture": "#0"}
			}
		},
		{
			"from": [7.5, 9.85507, 3.81598],
			"to": [8.5, 21, 4.81598],
			"rotation": {"angle": 22.5, "axis": "x", "origin": [8, 11.35507, 4.31598]},
			"faces": {
				"north": {"uv": [5, 15, 16.14493, 16], "rotation": 270, "texture": "#0"},
				"east": {"uv": [3, 6, 14.14493, 7], "rotation": 270, "texture": "#0"},
				"south": {"uv": [6, 15, 17.14493, 16], "rotation": 270, "texture": "#0"},
				"west": {"uv": [2, 15, 13.14493, 16], "rotation": 90, "texture": "#0"},
				"up": {"uv": [8, 15, 9, 16], "rotation": 180, "texture": "#0"},
				"down": {"uv": [8, 15, 9, 16], "texture": "#0"}
			}
		},
		{
			"from": [7.5, 5.16059, 3.28002],
			"to": [8.5, 10.16059, 4.28002],
			"rotation": {"angle": 0, "axis": "x", "origin": [8, 6.66059, 8.78002]},
			"faces": {
				"north": {"uv": [5, 15, 10, 16], "rotation": 270, "texture": "#0"},
				"east": {"uv": [3, 6, 8, 7], "rotation": 270, "texture": "#0"},
				"south": {"uv": [6, 15, 11, 16], "rotation": 270, "texture": "#0"},
				"west": {"uv": [2, 15, 7, 16], "rotation": 90, "texture": "#0"},
				"up": {"uv": [8, 15, 9, 16], "rotation": 180, "texture": "#0"},
				"down": {"uv": [8, 15, 9, 16], "texture": "#0"}
			}
		},
		{
			"from": [7.5, 19, 8.25],
			"to": [8.5, 20, 14.25],
			"rotation": {"angle": 0, "axis": "z", "origin": [8, 3.5, 8.75]},
			"faces": {
				"north": {"uv": [7, 12, 8, 13], "rotation": 270, "texture": "#0"},
				"east": {"uv": [4, 9, 5, 15], "rotation": 270, "texture": "#0"},
				"south": {"uv": [6, 12, 7, 13], "rotation": 270, "texture": "#0"},
				"west": {"uv": [5, 9, 6, 15], "rotation": 90, "texture": "#0"},
				"up": {"uv": [2, 5, 3, 11], "rotation": 180, "texture": "#0"},
				"down": {"uv": [9, 5, 10, 11], "texture": "#0"}
			}
		},
		{
			"from": [7.75, 21.12184, 10.12454],
			"to": [8.25, 22.87184, 18.26947],
			"rotation": {"angle": -45, "axis": "x", "origin": [8, 17.26902, 11.62454]},
			"faces": {
				"north": {"uv": [3, 15, 3.5, 16.75], "rotation": 180, "texture": "#0"},
				"east": {"uv": [3, 14, 11.14493, 15.75], "rotation": 180, "texture": "#0"},
				"south": {"uv": [2, 16, 2.5, 17.75], "rotation": 180, "texture": "#0"},
				"west": {"uv": [3, 14, 11.14493, 15.75], "rotation": 180, "texture": "#0"},
				"up": {"uv": [0, 13, 8.14493, 13.5], "rotation": 90, "texture": "#0"},
				"down": {"uv": [15, 14, 23.14493, 14.5], "rotation": 270, "texture": "#0"}
			}
		},
		{
			"from": [7.5, 21.99072, 10.66155],
			"to": [8.5, 22.99072, 18.80648],
			"rotation": {"angle": -45, "axis": "x", "origin": [8, 17.96193, 12.16155]},
			"faces": {
				"north": {"uv": [5, 15, 6, 16], "rotation": 180, "texture": "#0"},
				"east": {"uv": [3, 6, 11.14493, 7], "rotation": 180, "texture": "#0"},
				"south": {"uv": [6, 15, 7, 16], "rotation": 180, "texture": "#0"},
				"west": {"uv": [2, 15, 10.14493, 16], "rotation": 180, "texture": "#0"},
				"up": {"uv": [8, 15, 16.14493, 16], "rotation": 90, "texture": "#0"},
				"down": {"uv": [8, 15, 16.14493, 16], "rotation": 270, "texture": "#0"}
			}
		},
		{
			"from": [7.5, 20, 9.25],
			"to": [8.5, 22, 15.25],
			"rotation": {"angle": 0, "axis": "z", "origin": [8, 3.5, 8.75]},
			"faces": {
				"north": {"uv": [7, 12, 9, 13], "rotation": 270, "texture": "#0"},
				"east": {"uv": [4, 9, 6, 15], "rotation": 270, "texture": "#0"},
				"south": {"uv": [6, 12, 8, 13], "rotation": 270, "texture": "#0"},
				"west": {"uv": [5, 9, 7, 15], "rotation": 90, "texture": "#0"},
				"up": {"uv": [2, 5, 3, 11], "rotation": 180, "texture": "#0"},
				"down": {"uv": [9, 5, 10, 11], "texture": "#0"}
			}
		},
		{
			"from": [7.5, 22, 10.25],
			"to": [8.5, 23, 16.25],
			"rotation": {"angle": 0, "axis": "z", "origin": [8, 3.5, 8.75]},
			"faces": {
				"north": {"uv": [7, 12, 8, 13], "rotation": 270, "texture": "#0"},
				"east": {"uv": [4, 9, 5, 15], "rotation": 270, "texture": "#0"},
				"south": {"uv": [6, 12, 7, 13], "rotation": 270, "texture": "#0"},
				"west": {"uv": [5, 9, 6, 15], "rotation": 90, "texture": "#0"},
				"up": {"uv": [2, 5, 3, 11], "rotation": 180, "texture": "#0"},
				"down": {"uv": [9, 5, 10, 11], "texture": "#0"}
			}
		},
		{
			"from": [7.5, 23, 11.25],
			"to": [8.5, 24, 17.25],
			"rotation": {"angle": 0, "axis": "z", "origin": [8, 3.5, 8.75]},
			"faces": {
				"north": {"uv": [7, 12, 8, 13], "rotation": 270, "texture": "#0"},
				"east": {"uv": [4, 9, 5, 15], "rotation": 270, "texture": "#0"},
				"south": {"uv": [6, 12, 7, 13], "rotation": 270, "texture": "#0"},
				"west": {"uv": [5, 9, 6, 15], "rotation": 90, "texture": "#0"},
				"up": {"uv": [2, 5, 3, 11], "rotation": 180, "texture": "#0"},
				"down": {"uv": [9, 5, 10, 11], "texture": "#0"}
			}
		},
		{
			"from": [7.5, 24, 12.25],
			"to": [8.5, 25, 18.25],
			"rotation": {"angle": 0, "axis": "z", "origin": [8, 3.5, 8.75]},
			"faces": {
				"north": {"uv": [7, 12, 8, 13], "rotation": 270, "texture": "#0"},
				"east": {"uv": [4, 9, 5, 15], "rotation": 270, "texture": "#0"},
				"south": {"uv": [6, 12, 7, 13], "rotation": 270, "texture": "#0"},
				"west": {"uv": [5, 9, 6, 15], "rotation": 90, "texture": "#0"},
				"up": {"uv": [2, 5, 3, 11], "rotation": 180, "texture": "#0"},
				"down": {"uv": [9, 5, 10, 11], "texture": "#0"}
			}
		},
		{
			"from": [7.5, 25, 13.25],
			"to": [8.5, 26, 19.25],
			"rotation": {"angle": 0, "axis": "z", "origin": [8, 3.5, 8.75]},
			"faces": {
				"north": {"uv": [7, 12, 8, 13], "rotation": 270, "texture": "#0"},
				"east": {"uv": [4, 9, 5, 15], "rotation": 270, "texture": "#0"},
				"south": {"uv": [6, 12, 7, 13], "rotation": 270, "texture": "#0"},
				"west": {"uv": [5, 9, 6, 15], "rotation": 90, "texture": "#0"},
				"up": {"uv": [2, 5, 3, 11], "rotation": 180, "texture": "#0"},
				"down": {"uv": [9, 5, 10, 11], "texture": "#0"}
			}
		},
		{
			"from": [6.75, -11, 7],
			"to": [9.25, -9, 9],
			"rotation": {"angle": 45, "axis": "x", "origin": [8, -10, 8]},
			"faces": {
				"north": {"uv": [3, 8, 5.5, 10], "texture": "#0"},
				"east": {"uv": [3, 8, 5, 10], "texture": "#0"},
				"south": {"uv": [3, 8, 5.5, 10], "texture": "#0"},
				"west": {"uv": [2, 8, 4, 10], "texture": "#0"},
				"up": {"uv": [8, 4, 10.5, 6], "texture": "#0"},
				"down": {"uv": [7, 10, 9.5, 12], "texture": "#0"}
			}
		},
		{
			"from": [7.25, -5.56127, 3.40956],
			"to": [8.75, -2.56127, 4.40956],
			"rotation": {"angle": -22.5, "axis": "x", "origin": [8, -2.81127, 3.90956]},
			"faces": {
				"north": {"uv": [3, 8, 4.5, 11], "texture": "#2"},
				"east": {"uv": [3, 8, 4, 11], "texture": "#2"},
				"south": {"uv": [3, 8, 4.5, 11], "texture": "#2"},
				"west": {"uv": [2, 8, 3, 11], "texture": "#2"},
				"up": {"uv": [8, 4, 9.5, 5], "texture": "#2"},
				"down": {"uv": [7, 10, 8.5, 11], "texture": "#2"}
			}
		},
		{
			"from": [7, -2.92492, 3.12255],
			"to": [9, 0.07508, 4.12255],
			"rotation": {"angle": 22.5, "axis": "x", "origin": [8, -3.42492, 3.62255]},
			"faces": {
				"north": {"uv": [3, 8, 5, 11], "texture": "#2"},
				"east": {"uv": [3, 8, 4, 11], "texture": "#2"},
				"south": {"uv": [3, 8, 5, 11], "texture": "#2"},
				"west": {"uv": [2, 8, 3, 11], "texture": "#2"},
				"up": {"uv": [8, 4, 10, 5], "texture": "#2"},
				"down": {"uv": [7, 10, 9, 11], "texture": "#2"}
			}
		},
		{
			"from": [6.5, -1, 4.5],
			"to": [9.5, 0, 11.5],
			"rotation": {"angle": 0, "axis": "x", "origin": [0, -11, 0.5]},
			"faces": {
				"north": {"uv": [3, 8, 6, 9], "rotation": 180, "texture": "#2"},
				"east": {"uv": [3, 8, 4, 15], "rotation": 270, "texture": "#2"},
				"south": {"uv": [3, 8, 6, 9], "texture": "#2"},
				"west": {"uv": [2, 8, 3, 15], "rotation": 90, "texture": "#2"},
				"up": {"uv": [8, 4, 11, 11], "rotation": 180, "texture": "#2"},
				"down": {"uv": [7, 10, 10, 17], "texture": "#2"}
			}
		},
		{
			"from": [7.5, -8, 7.5],
			"to": [8.5, -5, 8.5],
			"rotation": {"angle": -45, "axis": "y", "origin": [8, -6.5, 8]},
			"faces": {
				"north": {"uv": [3, 8, 4, 11], "texture": "#1"},
				"east": {"uv": [3, 8, 4, 11], "texture": "#1"},
				"south": {"uv": [3, 8, 4, 11], "texture": "#1"},
				"west": {"uv": [2, 8, 3, 11], "texture": "#1"},
				"up": {"uv": [8, 4, 9, 5], "texture": "#1"},
				"down": {"uv": [7, 10, 8, 11], "texture": "#1"}
			}
		},
		{
			"from": [7.25, -10, 7.25],
			"to": [8.75, -8, 8.75],
			"rotation": {"angle": 45, "axis": "y", "origin": [8, -9, 8]},
			"faces": {
				"north": {"uv": [3, 8, 4.5, 10], "texture": "#1"},
				"east": {"uv": [3, 8, 4.5, 10], "texture": "#1"},
				"south": {"uv": [3, 8, 4.5, 10], "texture": "#1"},
				"west": {"uv": [2, 8, 3.5, 10], "texture": "#1"},
				"up": {"uv": [8, 4, 9.5, 5.5], "texture": "#1"},
				"down": {"uv": [7, 10, 8.5, 11.5], "texture": "#1"}
			}
		},
		{
			"from": [7.25, -5, 7.25],
			"to": [8.75, -1, 8.75],
			"rotation": {"angle": 45, "axis": "y", "origin": [8, -3, 8]},
			"faces": {
				"north": {"uv": [3, 8, 4.5, 12], "texture": "#1"},
				"east": {"uv": [3, 8, 4.5, 12], "texture": "#1"},
				"south": {"uv": [3, 8, 4.5, 12], "texture": "#1"},
				"west": {"uv": [2, 8, 3.5, 12], "texture": "#1"},
				"up": {"uv": [8, 4, 9.5, 5.5], "texture": "#1"},
				"down": {"uv": [7, 10, 8.5, 11.5], "texture": "#1"}
			}
		}
	],
	"display": {
		"thirdperson_righthand": {
			"translation": [0, 10.5, 1]
		},
		"thirdperson_lefthand": {
			"rotation": [-180, -180, 0],
			"translation": [0, -14, 1]
		},
		"firstperson_righthand": {
			"translation": [0, 10.5, 1]
		},
		"firstperson_lefthand": {
			"translation": [0, 10.5, 1]
		},
		"ground": {
			"rotation": [76, 81, 10],
			"translation": [0, 4.25, 0]
		},
		"gui": {
			"rotation": [-53.5, 131, 49],
			"translation": [-1.75, 1, 0],
			"scale": [0.51, 0.51, 0.51]
		},
		"head": {
			"rotation": [93.5, 172.25, 71.75],
			"translation": [0, -18, 6.5],
			"scale": [2, 2, 2]
		},
		"fixed": {
			"rotation": [105.75, -77.25, 7.75],
			"translation": [11.5, 7.75, -31.5],
			"scale": [2, 2, 2]
		}
	},
	"groups": [
		{
			"name": "blade",
			"origin": [8, -10, 8],
			"children": [0, 1, 2, 3, 4, 5, 6, 7, 8, 9, 10, 11, 12, 13, 14, 15, 16, 17, 18, 19, 20, 21,
				{
					"name": "handguard",
					"origin": [0, -11, 0.5],
					"children": [22, 23, 24]
				}
			]
		},
		{
			"name": "handle",
			"origin": [8, -3, 8],
			"children": [25, 26, 27]
		}
	]
}