{
	"credit": "Made with Blockbench",
	"textures": {
		"0": "block/magma",
		"1": "block/basalt_side",
		"2": "block/blackstone",
		"particle": "block/magma"
	},
	"elements": [
		{
			"from": [7.5, 0, 7.5],
			"to": [8.5, 5, 8.5],
			"rotation": {"angle": 45, "axis": "y", "origin": [8, 0.5, 8]},
			"faces": {
				"north": {"uv": [0, 0, 1, 5], "texture": "#1"},
				"east": {"uv": [0, 0, 1, 5], "texture": "#1"},
				"south": {"uv": [0, 0, 1, 5], "texture": "#1"},
				"west": {"uv": [0, 0, 1, 5], "texture": "#1"},
				"up": {"uv": [0, 0, 1, 1], "texture": "#1"},
				"down": {"uv": [0, 0, 1, 1], "texture": "#1"}
			}
		},
		{
			"from": [7.5, -2, 7.5],
			"to": [8.5, -1, 8.5],
			"rotation": {"angle": 45, "axis": "y", "origin": [8, 0.5, 8]},
			"faces": {
				"north": {"uv": [0, 0, 1, 1], "texture": "#1"},
				"east": {"uv": [0, 0, 1, 1], "texture": "#1"},
				"south": {"uv": [0, 0, 1, 1], "texture": "#1"},
				"west": {"uv": [0, 0, 1, 1], "texture": "#1"},
				"up": {"uv": [0, 0, 1, 1], "texture": "#1"},
				"down": {"uv": [0, 0, 1, 1], "texture": "#1"}
			}
		},
		{
			"from": [6.95711, 5, 6],
			"to": [8.95711, 6, 10],
			"rotation": {"angle": 0, "axis": "y", "origin": [7.70711, 5, 7]},
			"faces": {
				"north": {"uv": [0, 0, 2, 1], "texture": "#2"},
				"east": {"uv": [0, 0, 4, 1], "texture": "#2"},
				"south": {"uv": [0, 0, 2, 1], "texture": "#2"},
				"west": {"uv": [0, 0, 4, 1], "texture": "#2"},
				"up": {"uv": [0, 0, 2, 4], "texture": "#2"},
				"down": {"uv": [0, 0, 2, 4], "texture": "#2"}
			}
		},
		{
			"from": [6.95711, -1, 6],
			"to": [8.95711, 0, 10],
			"rotation": {"angle": 0, "axis": "y", "origin": [7.70711, 5, 7]},
			"faces": {
				"north": {"uv": [0, 0, 2, 1], "texture": "#2"},
				"east": {"uv": [0, 0, 4, 1], "texture": "#2"},
				"south": {"uv": [0, 0, 2, 1], "texture": "#2"},
				"west": {"uv": [0, 0, 4, 1], "texture": "#2"},
				"up": {"uv": [0, 0, 2, 4], "texture": "#2"},
				"down": {"uv": [0, 0, 2, 4], "texture": "#2"}
			}
		},
		{
			"from": [6.95711, 4.0873, 6.76329],
			"to": [8.95711, 7.8373, 7.76329],
			"rotation": {"angle": 22.5, "axis": "x", "origin": [7.70711, 8.8373, 1.76329]},
			"faces": {
				"north": {"uv": [0, 0, 2, 3.75], "rotation": 180, "texture": "#2"},
				"east": {"uv": [0, 0, 3.75, 1], "rotation": 90, "texture": "#2"},
				"south": {"uv": [0, 0, 2, 3.75], "texture": "#2"},
				"west": {"uv": [0, 0, 3.75, 1], "rotation": 270, "texture": "#2"},
				"up": {"uv": [0, 0, 2, 1], "texture": "#2"},
				"down": {"uv": [0, 0, 2, 1], "rotation": 180, "texture": "#2"}
			}
		},
		{
			"from": [6.95711, -0.9609, 5.19657],
			"to": [8.95711, 2.7891, 6.19657],
			"rotation": {"angle": -22.5, "axis": "x", "origin": [7.95711, 1.0391, 5.69657]},
			"faces": {
				"north": {"uv": [0, 0, 2, 3.75], "rotation": 180, "texture": "#2"},
				"east": {"uv": [0, 0, 3.75, 1], "rotation": 90, "texture": "#2"},
				"south": {"uv": [0, 0, 2, 3.75], "texture": "#2"},
				"west": {"uv": [0, 0, 3.75, 1], "rotation": 270, "texture": "#2"},
				"up": {"uv": [0, 0, 2, 1], "texture": "#2"},
				"down": {"uv": [0, 0, 2, 1], "rotation": 180, "texture": "#2"}
			}
		},
		{
			"name": "xx",
			"from": [7.45711, 6, 7.5],
			"to": [8.45711, 24, 9.5],
			"rotation": {"angle": 0, "axis": "y", "origin": [6.95711, 6, 9]},
			"faces": {
				"north": {"uv": [0, 0, 1, 16], "texture": "#0"},
				"east": {"uv": [0, 0, 2, 16], "texture": "#0"},
				"south": {"uv": [0, 0, 1, 16], "texture": "#0"},
				"west": {"uv": [0, 0, 2, 16], "texture": "#0"},
				"up": {"uv": [0, 0, 1, 2], "texture": "#0"},
				"down": {"uv": [0, 0, 1, 2], "texture": "#0"}
			}
		},
		{
			"name": "xx",
			"from": [7.45711, 24, 8.5],
			"to": [8.45711, 26, 9.5],
			"rotation": {"angle": 0, "axis": "y", "origin": [6.95711, 6, 9]},
			"faces": {
				"north": {"uv": [0, 0, 1, 2], "texture": "#0"},
				"east": {"uv": [0, 0, 1, 2], "texture": "#0"},
				"south": {"uv": [0, 0, 1, 2], "texture": "#0"},
				"west": {"uv": [0, 0, 1, 2], "texture": "#0"},
				"up": {"uv": [0, 0, 1, 1], "texture": "#0"},
				"down": {"uv": [0, 0, 1, 1], "texture": "#0"}
			}
		},
		{
			"name": "xx",
			"from": [7.45711, 23.73254, 7.84462],
			"to": [8.45711, 25.73254, 8.84462],
			"rotation": {"angle": 22.5, "axis": "x", "origin": [7.95711, 24.73254, 8.34462]},
			"faces": {
				"north": {"uv": [0, 0, 1, 2], "texture": "#0"},
				"east": {"uv": [0, 0, 1, 2], "texture": "#0"},
				"south": {"uv": [0, 0, 1, 2], "texture": "#0"},
				"west": {"uv": [0, 0, 1, 2], "texture": "#0"},
				"up": {"uv": [0, 0, 1, 1], "texture": "#0"},
				"down": {"uv": [0, 0, 1, 1], "texture": "#0"}
			}
		},
		{
			"name": "xx",
			"from": [7.70711, 24, 7.5],
			"to": [8.20711, 26, 8.5],
			"rotation": {"angle": 0, "axis": "y", "origin": [6.95711, 6, 9]},
			"faces": {
				"north": {"uv": [0, 0, 0.5, 2], "texture": "#0"},
				"east": {"uv": [0, 0, 1, 2], "texture": "#0"},
				"south": {"uv": [0, 0, 0.5, 2], "texture": "#0"},
				"west": {"uv": [0, 0, 1, 2], "texture": "#0"},
				"up": {"uv": [0, 0, 0.5, 1], "texture": "#0"},
				"down": {"uv": [0, 0, 0.5, 1], "texture": "#0"}
			}
		},
		{
			"name": "xx",
			"from": [7.70711, 26, 8.5],
			"to": [8.20711, 27, 9.5],
			"rotation": {"angle": 0, "axis": "x", "origin": [7.95711, 26.5, 8.5]},
			"faces": {
				"north": {"uv": [0, 0, 0.5, 1], "rotation": 180, "texture": "#0"},
				"east": {"uv": [0, 0, 1, 1], "rotation": 270, "texture": "#0"},
				"south": {"uv": [0, 0, 0.5, 1], "texture": "#0"},
				"west": {"uv": [0, 0, 1, 1], "rotation": 90, "texture": "#0"},
				"up": {"uv": [0, 0, 0.5, 1], "rotation": 180, "texture": "#0"},
				"down": {"uv": [0, 0, 0.5, 1], "texture": "#0"}
			}
		},
		{
			"name": "xx",
			"from": [7.70711, 27, 8.25],
			"to": [8.20711, 28, 9.5],
			"rotation": {"angle": 0, "axis": "x", "origin": [7.95711, 26.5, 8.5]},
			"faces": {
				"north": {"uv": [0, 0, 0.5, 1], "rotation": 180, "texture": "#0"},
				"east": {"uv": [0, 0, 1, 1.25], "rotation": 270, "texture": "#0"},
				"south": {"uv": [0, 0, 0.5, 1], "texture": "#0"},
				"west": {"uv": [0, 0, 1, 1.25], "rotation": 90, "texture": "#0"},
				"up": {"uv": [0, 0, 0.5, 1.25], "rotation": 180, "texture": "#0"},
				"down": {"uv": [0, 0, 0.5, 1.25], "texture": "#0"}
			}
		},
		{
			"name": "xx",
			"from": [7.70711, 6, 6.5],
			"to": [8.20711, 24, 7.5],
			"rotation": {"angle": 0, "axis": "x", "origin": [7.95711, 23.5, 9.5]},
			"faces": {
				"north": {"uv": [0, 0, 0.5, 16], "rotation": 180, "texture": "#0"},
				"east": {"uv": [0, 0, 16, 1], "rotation": 270, "texture": "#0"},
				"south": {"uv": [0, 0, 0.5, 16], "texture": "#0"},
				"west": {"uv": [0, 0, 16, 1], "rotation": 90, "texture": "#0"},
				"up": {"uv": [0, 0, 0.5, 1], "rotation": 180, "texture": "#0"},
				"down": {"uv": [0, 0, 0.5, 1], "texture": "#0"}
			}
		},
		{
			"name": "xx",
			"from": [7.70711, 20, 12.66412],
			"to": [8.20711, 22.25, 13.66412],
			"rotation": {"angle": 22.5, "axis": "x", "origin": [7.95711, 37.48911, 19.66412]},
			"faces": {
				"north": {"uv": [0, 0, 0.5, 2.25], "rotation": 180, "texture": "#0"},
				"east": {"uv": [0, 0, 2.25, 1], "rotation": 270, "texture": "#0"},
				"south": {"uv": [0, 0, 0.5, 2.25], "texture": "#0"},
				"west": {"uv": [0, 0, 2.25, 1], "rotation": 90, "texture": "#0"},
				"up": {"uv": [0, 0, 0.5, 1], "rotation": 180, "texture": "#0"},
				"down": {"uv": [0, 0, 0.5, 1], "texture": "#0"}
			}
		},
		{
			"name": "xx",
			"from": [7.70711, 22, 12.66412],
			"to": [8.20711, 24.25, 13.66412],
			"rotation": {"angle": 22.5, "axis": "x", "origin": [7.95711, 37.48911, 19.66412]},
			"faces": {
				"north": {"uv": [0, 0, 0.5, 2.25], "rotation": 180, "texture": "#0"},
				"east": {"uv": [0, 0, 2.25, 1], "rotation": 270, "texture": "#0"},
				"south": {"uv": [0, 0, 0.5, 2.25], "texture": "#0"},
				"west": {"uv": [0, 0, 2.25, 1], "rotation": 90, "texture": "#0"},
				"up": {"uv": [0, 0, 0.5, 1], "rotation": 180, "texture": "#0"},
				"down": {"uv": [0, 0, 0.5, 1], "texture": "#0"}
			}
		}
	],
	"display": {
		"thirdperson_righthand": {
			"translation": [0, 3.5, 0]
		},
		"thirdperson_lefthand": {
			"translation": [0, 3.5, 0]
		},
		"firstperson_righthand": {
			"translation": [0, 3.5, 0]
		},
		"firstperson_lefthand": {
			"translation": [0, 3.5, 0]
		},
		"ground": {
			"rotation": [90, 0, 0],
			"translation": [0, 3.5, 0],
			"scale": [1.25, 1.25, 1.25]
		},
		"gui": {
			"rotation": [-124.5, 131, 107],
			"translation": [-1.5, -2.25, 0],
			"scale": [0.62, 0.62, 0.62]
		},
		"head": {
			"rotation": [0, 0, 157.25],
			"translation": [0, 5.75, 6.25],
			"scale": [1.5, 1.5, 1.5]
		},
		"fixed": {
			"rotation": [100, 0, 0],
			"translation": [0, 3.5, -33.5],
			"scale": [2, 2, 2]
		}
	}
}