{
	"credit": "Made with Blockbench",
	"textures": {
		"0": "block/iron_block",
		"1": "block/red_shulker_box",
		"2": "block/emerald_block",
		"particle": "block/iron_block"
	},
	"elements": [
		{
			"from": [7.2, 24.63162, 18.58121],
			"to": [8.75, 26.03162, 19.98121],
			"rotation": {"angle": -45, "axis": "x", "origin": [7.975, 14.03606, 8.00034]},
			"faces": {
				"north": {"uv": [1, 1, 2.55, 2.4], "texture": "#0"},
				"east": {"uv": [1, 1, 2.4, 2.4], "texture": "#0"},
				"south": {"uv": [1, 1, 2.55, 2.4], "texture": "#0"},
				"west": {"uv": [1, 1, 2.4, 2.4], "texture": "#0"},
				"up": {"uv": [1, 1, 2.55, 2.4], "texture": "#0"},
				"down": {"uv": [1, 1, 2.55, 2.4], "texture": "#0"}
			}
		},
		{
			"from": [7.45, 23.88873, 17.8741],
			"to": [8.5, 26.73873, 20.6991],
			"rotation": {"angle": -45, "axis": "x", "origin": [7.975, 14.03606, 8.00034]},
			"faces": {
				"north": {"uv": [1, 1, 2.05, 3.85], "texture": "#0"},
				"east": {"uv": [1, 1, 3.825, 3.85], "texture": "#0"},
				"south": {"uv": [1, 1, 2.05, 3.85], "texture": "#0"},
				"west": {"uv": [1, 1, 3.825, 3.85], "texture": "#0"},
				"up": {"uv": [1, 1, 2.05, 3.825], "texture": "#0"},
				"down": {"uv": [1, 1, 2.05, 3.825], "texture": "#0"}
			}
		},
		{
			"from": [7.45, 21.76741, 15.75278],
			"to": [8.5, 24.61741, 18.57778],
			"rotation": {"angle": -45, "axis": "x", "origin": [7.975, 14.03606, 8.00034]},
			"faces": {
				"north": {"uv": [1, 1, 2.05, 3.85], "texture": "#0"},
				"east": {"uv": [1, 1, 3.825, 3.85], "texture": "#0"},
				"south": {"uv": [1, 1, 2.05, 3.85], "texture": "#0"},
				"west": {"uv": [1, 1, 3.825, 3.85], "texture": "#0"},
				"up": {"uv": [1, 1, 2.05, 3.825], "texture": "#0"},
				"down": {"uv": [1, 1, 2.05, 3.825], "texture": "#0"}
			}
		},
		{
			"from": [7.45, 10.11055, 10.09593],
			"to": [8.5, 12.96055, 12.92093],
			"rotation": {"angle": -45, "axis": "x", "origin": [7.975, 8.03606, 8.00034]},
			"faces": {
				"north": {"uv": [1, 1, 2.05, 3.85], "texture": "#0"},
				"east": {"uv": [1, 1, 3.825, 3.85], "texture": "#0"},
				"south": {"uv": [1, 1, 2.05, 3.85], "texture": "#0"},
				"west": {"uv": [1, 1, 3.825, 3.85], "texture": "#0"},
				"up": {"uv": [1, 1, 2.05, 3.825], "texture": "#0"},
				"down": {"uv": [1, 1, 2.05, 3.825], "texture": "#0"}
			}
		},
		{
			"from": [7.2, 11, 7],
			"to": [8.75, 30, 9],
			"rotation": {"angle": 0, "axis": "y", "origin": [7.975, -0.96394, 8.00034]},
			"faces": {
				"north": {"uv": [1, 0, 2.55, 16], "texture": "#0"},
				"east": {"uv": [1, 0, 3, 16], "texture": "#0"},
				"south": {"uv": [1, 0, 2.55, 16], "texture": "#0"},
				"west": {"uv": [1, 0, 3, 16], "texture": "#0"},
				"up": {"uv": [1, 1, 2.55, 3], "texture": "#0"},
				"down": {"uv": [1, 1, 2.55, 3], "texture": "#0"}
			}
		},
		{
			"from": [7.7, 13, 6],
			"to": [8.25, 27, 10],
			"rotation": {"angle": 0, "axis": "y", "origin": [7.975, -0.96394, 8.00034]},
			"faces": {
				"north": {"uv": [1, 0, 1.55, 14], "texture": "#0"},
				"east": {"uv": [1, 0, 5, 14], "texture": "#0"},
				"south": {"uv": [1, 0, 1.55, 14], "texture": "#0"},
				"west": {"uv": [1, 0, 5, 14], "texture": "#0"},
				"up": {"uv": [1, 1, 1.55, 5], "texture": "#0"},
				"down": {"uv": [1, 1, 1.55, 5], "texture": "#0"}
			}
		},
		{
			"from": [7.45, 27, 6],
			"to": [8.5, 30, 10],
			"rotation": {"angle": 0, "axis": "y", "origin": [7.975, 14.03606, 8.00034]},
			"faces": {
				"north": {"uv": [1, 1, 2.05, 4], "texture": "#0"},
				"east": {"uv": [1, 1, 5, 4], "texture": "#0"},
				"south": {"uv": [1, 1, 2.05, 4], "texture": "#0"},
				"west": {"uv": [1, 1, 5, 4], "texture": "#0"},
				"up": {"uv": [1, 1, 2.05, 5], "texture": "#0"},
				"down": {"uv": [1, 1, 2.05, 5], "texture": "#0"}
			}
		},
		{
			"from": [7.45, 10, 6],
			"to": [8.5, 13, 10],
			"rotation": {"angle": 0, "axis": "y", "origin": [7.975, 11.03606, 8.00034]},
			"faces": {
				"north": {"uv": [1, 1, 2.05, 4], "texture": "#0"},
				"east": {"uv": [1, 1, 5, 4], "texture": "#0"},
				"south": {"uv": [1, 1, 2.05, 4], "texture": "#0"},
				"west": {"uv": [1, 1, 5, 4], "texture": "#0"},
				"up": {"uv": [1, 1, 2.05, 5], "texture": "#0"},
				"down": {"uv": [1, 1, 2.05, 5], "texture": "#0"}
			}
		},
		{
			"from": [6.95, -12, 7],
			"to": [9, -4, 9],
			"rotation": {"angle": 0, "axis": "y", "origin": [7.975, -0.71394, 8.00034]},
			"faces": {
				"north": {"uv": [0, 0, 2.05, 12], "texture": "#1"},
				"east": {"uv": [0, 0, 2, 12], "texture": "#1"},
				"south": {"uv": [0, 0, 2.05, 12], "texture": "#1"},
				"west": {"uv": [0, 0, 2, 12], "texture": "#1"},
				"up": {"uv": [0, 0, 2.05, 2], "texture": "#1"},
				"down": {"uv": [0, 0, 2.05, 2], "texture": "#1"}
			}
		},
		{
			"from": [6.95, 0, 7],
			"to": [9, 7, 9],
			"rotation": {"angle": 0, "axis": "y", "origin": [7.975, -0.71394, 8.00034]},
			"faces": {
				"north": {"uv": [0, 0, 2.05, 7], "texture": "#1"},
				"east": {"uv": [0, 0, 2, 7], "texture": "#1"},
				"south": {"uv": [0, 0, 2.05, 7], "texture": "#1"},
				"west": {"uv": [0, 0, 2, 7], "texture": "#1"},
				"up": {"uv": [0, 0, 2.05, 2], "texture": "#1"},
				"down": {"uv": [0, 0, 2.05, 2], "texture": "#1"}
			}
		},
		{
			"from": [6.95, 7, 10],
			"to": [9, 9, 12],
			"rotation": {"angle": 0, "axis": "y", "origin": [7.975, 8.03606, 8.00034]},
			"faces": {
				"north": {"uv": [1, 1, 3.05, 3], "texture": "#0"},
				"east": {"uv": [1, 1, 4, 3], "texture": "#0"},
				"south": {"uv": [1, 1, 3.05, 3], "texture": "#0"},
				"west": {"uv": [1, 1, 4, 3], "texture": "#0"},
				"up": {"uv": [1, 1, 3.05, 4], "texture": "#0"},
				"down": {"uv": [1, 1, 3.05, 4], "texture": "#0"}
			}
		},
		{
			"from": [6.95, 0.23679, 13.6207],
			"to": [9, 1.63679, 17.0207],
			"rotation": {"angle": -45, "axis": "x", "origin": [7.975, 1.66204, 4.64643]},
			"faces": {
				"north": {"uv": [1, 1, 3.05, 2.4], "texture": "#0"},
				"east": {"uv": [1, 1, 4.4, 2.4], "texture": "#0"},
				"south": {"uv": [1, 1, 3.05, 2.4], "texture": "#0"},
				"west": {"uv": [1, 1, 4.4, 2.4], "texture": "#0"},
				"up": {"uv": [1, 1, 3.05, 4.4], "texture": "#0"},
				"down": {"uv": [1, 1, 3.05, 4.4], "texture": "#0"}
			}
		},
		{
			"from": [6.95, 9.40417, 13.40416],
			"to": [9, 10.40417, 14.40416],
			"rotation": {"angle": 0, "axis": "y", "origin": [7.975, 6.44023, 10.4045]},
			"faces": {
				"north": {"uv": [1, 1, 3.05, 3], "texture": "#0"},
				"east": {"uv": [1, 1, 4, 3], "texture": "#0"},
				"south": {"uv": [1, 1, 3.05, 2], "texture": "#0"},
				"west": {"uv": [1, 1, 4, 3], "texture": "#0"},
				"up": {"uv": [1, 1, 3.05, 4], "texture": "#0"},
				"down": {"uv": [1, 1, 3.05, 4], "texture": "#0"}
			}
		},
		{
			"from": [6.95, 7, 6],
			"to": [9, 8, 10],
			"rotation": {"angle": 0, "axis": "y", "origin": [7.975, 8.03606, 8.00034]},
			"faces": {
				"north": {"uv": [1, 1, 3.05, 2], "texture": "#0"},
				"east": {"uv": [1, 1, 5, 2], "texture": "#0"},
				"south": {"uv": [1, 1, 3.05, 2], "texture": "#0"},
				"west": {"uv": [1, 1, 5, 2], "texture": "#0"},
				"up": {"uv": [1, 1, 3.05, 5], "texture": "#0"},
				"down": {"uv": [1, 1, 3.05, 5], "texture": "#0"}
			}
		},
		{
			"from": [6.95, 6.61081, 7.97461],
			"to": [9, 8.01081, 9.37461],
			"rotation": {"angle": -45, "axis": "x", "origin": [7.975, 8.03606, 8.00034]},
			"faces": {
				"north": {"uv": [1, 1, 3.05, 2.4], "texture": "#0"},
				"east": {"uv": [1, 1, 2.4, 2.4], "texture": "#0"},
				"south": {"uv": [1, 1, 3.05, 2.4], "texture": "#0"},
				"west": {"uv": [1, 1, 2.4, 2.4], "texture": "#0"},
				"up": {"uv": [1, 1, 3.05, 2.4], "texture": "#0"},
				"down": {"uv": [1, 1, 3.05, 2.4], "texture": "#0"}
			}
		},
		{
			"from": [6.95, 8, 9],
			"to": [9, 10, 10],
			"rotation": {"angle": 0, "axis": "y", "origin": [7.975, 8.03606, 8.00034]},
			"faces": {
				"north": {"uv": [1, 1, 3.05, 3], "texture": "#0"},
				"east": {"uv": [1, 1, 2, 3], "texture": "#0"},
				"south": {"uv": [1, 1, 3.05, 3], "texture": "#0"},
				"west": {"uv": [1, 1, 2, 3], "texture": "#0"},
				"up": {"uv": [1, 1, 3.05, 2], "texture": "#0"},
				"down": {"uv": [1, 1, 3.05, 2], "texture": "#0"}
			}
		},
		{
			"from": [6.95, 8.02502, 9.38882],
			"to": [9, 9.42502, 10.78882],
			"rotation": {"angle": -45, "axis": "x", "origin": [7.975, 8.03606, 8.00034]},
			"faces": {
				"north": {"uv": [1, 1, 3.05, 2.4], "texture": "#0"},
				"east": {"uv": [1, 1, 2.4, 2.4], "texture": "#0"},
				"south": {"uv": [1, 1, 3.05, 2.4], "texture": "#0"},
				"west": {"uv": [1, 1, 2.4, 2.4], "texture": "#0"},
				"up": {"uv": [1, 1, 3.05, 2.4], "texture": "#0"},
				"down": {"uv": [1, 1, 3.05, 2.4], "texture": "#0"}
			}
		},
		{
			"from": [6.95, 10, 7],
			"to": [9, 11, 9],
			"rotation": {"angle": 0, "axis": "y", "origin": [7.975, 8.03606, 8.00034]},
			"faces": {
				"north": {"uv": [1, 1, 3.05, 2], "texture": "#0"},
				"east": {"uv": [1, 1, 3, 2], "texture": "#0"},
				"south": {"uv": [1, 1, 3.05, 2], "texture": "#0"},
				"west": {"uv": [1, 1, 3, 2], "texture": "#0"},
				"up": {"uv": [1, 1, 3.05, 3], "texture": "#0"},
				"down": {"uv": [1, 1, 3.05, 3], "texture": "#0"}
			}
		},
		{
			"from": [7.7, 8, 7],
			"to": [8.25, 10, 9],
			"rotation": {"angle": 0, "axis": "y", "origin": [7.975, 8.03606, 8.00034]},
			"faces": {
				"north": {"uv": [1, 1, 1.55, 3], "texture": "#2"},
				"east": {"uv": [7, 7, 9, 9], "texture": "#2"},
				"south": {"uv": [1, 1, 1.55, 3], "texture": "#2"},
				"west": {"uv": [7, 7, 9, 9], "texture": "#2"},
				"up": {"uv": [1, 1, 1.55, 3], "texture": "#2"},
				"down": {"uv": [1, 1, 1.55, 3], "texture": "#2"}
			}
		},
		{
			"from": [6.95, 9.42502, 7.98882],
			"to": [9, 10.82502, 9.38882],
			"rotation": {"angle": -45, "axis": "x", "origin": [7.975, 8.03606, 8.00034]},
			"faces": {
				"north": {"uv": [1, 1, 3.05, 2.4], "texture": "#0"},
				"east": {"uv": [1, 1, 2.4, 2.4], "texture": "#0"},
				"south": {"uv": [1, 1, 3.05, 2.4], "texture": "#0"},
				"west": {"uv": [1, 1, 2.4, 2.4], "texture": "#0"},
				"up": {"uv": [1, 1, 3.05, 2.4], "texture": "#0"},
				"down": {"uv": [1, 1, 3.05, 2.4], "texture": "#0"}
			}
		},
		{
			"from": [6.95, 8, 6],
			"to": [9, 10, 7],
			"rotation": {"angle": 0, "axis": "y", "origin": [7.975, 8.03606, 8.00034]},
			"faces": {
				"north": {"uv": [1, 1, 3.05, 3], "texture": "#0"},
				"east": {"uv": [1, 1, 2, 3], "texture": "#0"},
				"south": {"uv": [1, 1, 3.05, 3], "texture": "#0"},
				"west": {"uv": [1, 1, 2, 3], "texture": "#0"},
				"up": {"uv": [1, 1, 3.05, 2], "texture": "#0"},
				"down": {"uv": [1, 1, 3.05, 2], "texture": "#0"}
			}
		},
		{
			"from": [6.95, 8.01081, 6.57461],
			"to": [9, 9.41081, 7.97461],
			"rotation": {"angle": -45, "axis": "x", "origin": [7.975, 8.03606, 8.00034]},
			"faces": {
				"north": {"uv": [1, 1, 3.05, 2.4], "texture": "#0"},
				"east": {"uv": [1, 1, 2.4, 2.4], "texture": "#0"},
				"south": {"uv": [1, 1, 3.05, 2.4], "texture": "#0"},
				"west": {"uv": [1, 1, 2.4, 2.4], "texture": "#0"},
				"up": {"uv": [1, 1, 3.05, 2.4], "texture": "#0"},
				"down": {"uv": [1, 1, 3.05, 2.4], "texture": "#0"}
			}
		},
		{
			"from": [6.95, 7, 4],
			"to": [9, 9, 6],
			"rotation": {"angle": 0, "axis": "y", "origin": [7.975, 8.03606, 8.00034]},
			"faces": {
				"north": {"uv": [1, 1, 3.05, 3], "texture": "#0"},
				"east": {"uv": [1, 1, 4, 3], "texture": "#0"},
				"south": {"uv": [1, 1, 3.05, 3], "texture": "#0"},
				"west": {"uv": [1, 1, 4, 3], "texture": "#0"},
				"up": {"uv": [1, 1, 3.05, 4], "texture": "#0"},
				"down": {"uv": [1, 1, 3.05, 4], "texture": "#0"}
			}
		},
		{
			"from": [6.95, 10.63679, 9.92852],
			"to": [9, 14.03679, 11.32852],
			"rotation": {"angle": -45, "axis": "x", "origin": [7.975, 1.66204, 11.35425]},
			"faces": {
				"north": {"uv": [1, 1, 3.05, 4.4], "texture": "#0"},
				"east": {"uv": [1, 1, 2.4, 4.4], "texture": "#0"},
				"south": {"uv": [1, 1, 3.05, 4.4], "texture": "#0"},
				"west": {"uv": [1, 1, 2.4, 4.4], "texture": "#0"},
				"up": {"uv": [1, 1, 3.05, 2.4], "texture": "#0"},
				"down": {"uv": [1, 1, 3.05, 2.4], "texture": "#0"}
			}
		},
		{
			"from": [6.95, 9.40417, 1.59584],
			"to": [9, 10.40417, 2.59584],
			"rotation": {"angle": 0, "axis": "y", "origin": [7.975, 6.44023, 5.59618]},
			"faces": {
				"north": {"uv": [1, 1, 3.05, 3], "texture": "#0"},
				"east": {"uv": [1, 1, 4, 3], "texture": "#0"},
				"south": {"uv": [1, 1, 3.05, 2], "texture": "#0"},
				"west": {"uv": [1, 1, 4, 3], "texture": "#0"},
				"up": {"uv": [1, 1, 3.05, 4], "texture": "#0"},
				"down": {"uv": [1, 1, 3.05, 4], "texture": "#0"}
			}
		},
		{
			"from": [6.95, -1.57498, 7.98882],
			"to": [9, -0.17498, 9.38882],
			"rotation": {"angle": -45, "axis": "x", "origin": [7.975, -2.96394, 8.00034]},
			"faces": {
				"north": {"uv": [1, 1, 3.05, 2.4], "texture": "#0"},
				"east": {"uv": [1, 1, 2.4, 2.4], "texture": "#0"},
				"south": {"uv": [1, 1, 3.05, 2.4], "texture": "#0"},
				"west": {"uv": [1, 1, 2.4, 2.4], "texture": "#0"},
				"up": {"uv": [1, 1, 3.05, 2.4], "texture": "#0"},
				"down": {"uv": [1, 1, 3.05, 2.4], "texture": "#0"}
			}
		},
		{
			"from": [6.95, -1, 7],
			"to": [9, 0, 9],
			"rotation": {"angle": 0, "axis": "y", "origin": [7.975, -2.96394, 8.00034]},
			"faces": {
				"north": {"uv": [1, 1, 3.05, 2], "texture": "#0"},
				"east": {"uv": [1, 1, 3, 2], "texture": "#0"},
				"south": {"uv": [1, 1, 3.05, 2], "texture": "#0"},
				"west": {"uv": [1, 1, 3, 2], "texture": "#0"},
				"up": {"uv": [1, 1, 3.05, 3], "texture": "#0"},
				"down": {"uv": [1, 1, 3.05, 3], "texture": "#0"}
			}
		},
		{
			"from": [6.95, -2.97498, 9.38882],
			"to": [9, -1.57498, 10.78882],
			"rotation": {"angle": -45, "axis": "x", "origin": [7.975, -2.96394, 8.00034]},
			"faces": {
				"north": {"uv": [1, 1, 3.05, 2.4], "texture": "#0"},
				"east": {"uv": [1, 1, 2.4, 2.4], "texture": "#0"},
				"south": {"uv": [1, 1, 3.05, 2.4], "texture": "#0"},
				"west": {"uv": [1, 1, 2.4, 2.4], "texture": "#0"},
				"up": {"uv": [1, 1, 3.05, 2.4], "texture": "#0"},
				"down": {"uv": [1, 1, 3.05, 2.4], "texture": "#0"}
			}
		},
		{
			"from": [7.7, -3, 7],
			"to": [8.25, -1, 9],
			"rotation": {"angle": 0, "axis": "y", "origin": [7.975, -2.96394, 8.00034]},
			"faces": {
				"north": {"uv": [1, 1, 1.55, 3], "texture": "#2"},
				"east": {"uv": [7, 7, 9, 9], "texture": "#2"},
				"south": {"uv": [1, 1, 1.55, 3], "texture": "#2"},
				"west": {"uv": [7, 7, 9, 9], "texture": "#2"},
				"up": {"uv": [1, 1, 1.55, 3], "texture": "#2"},
				"down": {"uv": [1, 1, 1.55, 3], "texture": "#2"}
			}
		},
		{
			"from": [6.95, -4.38919, 7.97461],
			"to": [9, -2.98919, 9.37461],
			"rotation": {"angle": -45, "axis": "x", "origin": [7.975, -2.96394, 8.00034]},
			"faces": {
				"north": {"uv": [1, 1, 3.05, 2.4], "texture": "#0"},
				"east": {"uv": [1, 1, 2.4, 2.4], "texture": "#0"},
				"south": {"uv": [1, 1, 3.05, 2.4], "texture": "#0"},
				"west": {"uv": [1, 1, 2.4, 2.4], "texture": "#0"},
				"up": {"uv": [1, 1, 3.05, 2.4], "texture": "#0"},
				"down": {"uv": [1, 1, 3.05, 2.4], "texture": "#0"}
			}
		},
		{
			"from": [6.95, -3, 9],
			"to": [9, -1, 10],
			"rotation": {"angle": 0, "axis": "y", "origin": [7.975, -2.96394, 8.00034]},
			"faces": {
				"north": {"uv": [1, 1, 3.05, 3], "texture": "#0"},
				"east": {"uv": [1, 1, 2, 3], "texture": "#0"},
				"south": {"uv": [1, 1, 3.05, 3], "texture": "#0"},
				"west": {"uv": [1, 1, 2, 3], "texture": "#0"},
				"up": {"uv": [1, 1, 3.05, 2], "texture": "#0"},
				"down": {"uv": [1, 1, 3.05, 2], "texture": "#0"}
			}
		},
		{
			"from": [6.95, -4, 10],
			"to": [9, -2, 14],
			"rotation": {"angle": 0, "axis": "y", "origin": [7.975, -2.96394, 8.00034]},
			"faces": {
				"north": {"uv": [1, 1, 3.05, 3], "texture": "#0"},
				"east": {"uv": [1, 1, 5, 3], "texture": "#0"},
				"south": {"uv": [1, 1, 3.05, 3], "texture": "#0"},
				"west": {"uv": [1, 1, 5, 3], "texture": "#0"},
				"up": {"uv": [1, 1, 3.05, 5], "texture": "#0"},
				"down": {"uv": [1, 1, 3.05, 5], "texture": "#0"}
			}
		},
		{
			"from": [6.95, -1.59583, 15.40416],
			"to": [9, -0.59583, 16.40416],
			"rotation": {"angle": 0, "axis": "y", "origin": [7.975, 1.44023, 12.4045]},
			"faces": {
				"north": {"uv": [1, 1, 3.05, 3], "texture": "#0"},
				"east": {"uv": [1, 1, 4, 3], "texture": "#0"},
				"south": {"uv": [1, 1, 3.05, 2], "texture": "#0"},
				"west": {"uv": [1, 1, 4, 3], "texture": "#0"},
				"up": {"uv": [1, 1, 3.05, 4], "texture": "#0"},
				"down": {"uv": [1, 1, 3.05, 4], "texture": "#0"}
			}
		},
		{
			"from": [6.95, -10.76321, 15.6207],
			"to": [9, -9.36321, 19.0207],
			"rotation": {"angle": -45, "axis": "x", "origin": [7.975, -9.33796, 6.64643]},
			"faces": {
				"north": {"uv": [1, 1, 3.05, 2.4], "texture": "#0"},
				"east": {"uv": [1, 1, 4.4, 2.4], "texture": "#0"},
				"south": {"uv": [1, 1, 3.05, 2.4], "texture": "#0"},
				"west": {"uv": [1, 1, 4.4, 2.4], "texture": "#0"},
				"up": {"uv": [1, 1, 3.05, 4.4], "texture": "#0"},
				"down": {"uv": [1, 1, 3.05, 4.4], "texture": "#0"}
			}
		},
		{
			"from": [6.95, -4, 6],
			"to": [9, -3, 10],
			"rotation": {"angle": 0, "axis": "y", "origin": [7.975, -2.96394, 8.00034]},
			"faces": {
				"north": {"uv": [1, 1, 3.05, 2], "texture": "#0"},
				"east": {"uv": [1, 1, 5, 2], "texture": "#0"},
				"south": {"uv": [1, 1, 3.05, 2], "texture": "#0"},
				"west": {"uv": [1, 1, 5, 2], "texture": "#0"},
				"up": {"uv": [1, 1, 3.05, 5], "texture": "#0"},
				"down": {"uv": [1, 1, 3.05, 5], "texture": "#0"}
			}
		},
		{
			"from": [6.95, -2.98919, 6.57461],
			"to": [9, -1.58919, 7.97461],
			"rotation": {"angle": -45, "axis": "x", "origin": [7.975, -2.96394, 8.00034]},
			"faces": {
				"north": {"uv": [1, 1, 3.05, 2.4], "texture": "#0"},
				"east": {"uv": [1, 1, 2.4, 2.4], "texture": "#0"},
				"south": {"uv": [1, 1, 3.05, 2.4], "texture": "#0"},
				"west": {"uv": [1, 1, 2.4, 2.4], "texture": "#0"},
				"up": {"uv": [1, 1, 3.05, 2.4], "texture": "#0"},
				"down": {"uv": [1, 1, 3.05, 2.4], "texture": "#0"}
			}
		},
		{
			"from": [6.95, -3, 6],
			"to": [9, -1, 7],
			"rotation": {"angle": 0, "axis": "y", "origin": [7.975, -2.96394, 8.00034]},
			"faces": {
				"north": {"uv": [1, 1, 3.05, 3], "texture": "#0"},
				"east": {"uv": [1, 1, 2, 3], "texture": "#0"},
				"south": {"uv": [1, 1, 3.05, 3], "texture": "#0"},
				"west": {"uv": [1, 1, 2, 3], "texture": "#0"},
				"up": {"uv": [1, 1, 3.05, 2], "texture": "#0"},
				"down": {"uv": [1, 1, 3.05, 2], "texture": "#0"}
			}
		},
		{
			"from": [6.95, -4, 2],
			"to": [9, -2, 6],
			"rotation": {"angle": 0, "axis": "y", "origin": [7.975, -2.96394, 8.00034]},
			"faces": {
				"north": {"uv": [1, 1, 3.05, 3], "texture": "#0"},
				"east": {"uv": [1, 1, 5, 3], "texture": "#0"},
				"south": {"uv": [1, 1, 3.05, 3], "texture": "#0"},
				"west": {"uv": [1, 1, 5, 3], "texture": "#0"},
				"up": {"uv": [1, 1, 3.05, 5], "texture": "#0"},
				"down": {"uv": [1, 1, 3.05, 5], "texture": "#0"}
			}
		},
		{
			"from": [6.95, -0.36321, 7.92852],
			"to": [9, 3.03679, 9.32852],
			"rotation": {"angle": -45, "axis": "x", "origin": [7.975, -9.33796, 9.35425]},
			"faces": {
				"north": {"uv": [1, 1, 3.05, 4.4], "texture": "#0"},
				"east": {"uv": [1, 1, 2.4, 4.4], "texture": "#0"},
				"south": {"uv": [1, 1, 3.05, 4.4], "texture": "#0"},
				"west": {"uv": [1, 1, 2.4, 4.4], "texture": "#0"},
				"up": {"uv": [1, 1, 3.05, 2.4], "texture": "#0"},
				"down": {"uv": [1, 1, 3.05, 2.4], "texture": "#0"}
			}
		},
		{
			"from": [6.95, -1.59583, -0.40416],
			"to": [9, -0.59583, 0.59584],
			"rotation": {"angle": 0, "axis": "y", "origin": [7.975, 1.44023, 3.59618]},
			"faces": {
				"north": {"uv": [1, 1, 3.05, 3], "texture": "#0"},
				"east": {"uv": [1, 1, 4, 3], "texture": "#0"},
				"south": {"uv": [1, 1, 3.05, 2], "texture": "#0"},
				"west": {"uv": [1, 1, 4, 3], "texture": "#0"},
				"up": {"uv": [1, 1, 3.05, 4], "texture": "#0"},
				"down": {"uv": [1, 1, 3.05, 4], "texture": "#0"}
			}
		},
		{
			"from": [6.95, -16, 7],
			"to": [9, -15, 9],
			"rotation": {"angle": 0, "axis": "x", "origin": [7.975, -3.96394, 8.00034]},
			"faces": {
				"north": {"uv": [1, 1, 3.05, 2], "rotation": 180, "texture": "#0"},
				"east": {"uv": [1, 1, 3, 2], "rotation": 180, "texture": "#0"},
				"south": {"uv": [1, 1, 3.05, 2], "rotation": 180, "texture": "#0"},
				"west": {"uv": [1, 1, 3, 2], "rotation": 180, "texture": "#0"},
				"up": {"uv": [1, 1, 3.05, 3], "texture": "#0"},
				"down": {"uv": [1, 1, 3.05, 3], "texture": "#0"}
			}
		},
		{
			"from": [6.95, -11.76785, 15.80377],
			"to": [9, -10.36785, 17.20377],
			"rotation": {"angle": 45, "axis": "x", "origin": [7.975, -3.96394, 8.00034]},
			"faces": {
				"north": {"uv": [1, 1, 3.05, 2.4], "rotation": 180, "texture": "#0"},
				"east": {"uv": [1, 1, 2.4, 2.4], "rotation": 270, "texture": "#0"},
				"south": {"uv": [1, 1, 3.05, 2.4], "texture": "#0"},
				"west": {"uv": [1, 1, 2.4, 2.4], "rotation": 90, "texture": "#0"},
				"up": {"uv": [1, 1, 3.05, 2.4], "rotation": 180, "texture": "#0"},
				"down": {"uv": [1, 1, 3.05, 2.4], "texture": "#0"}
			}
		},
		{
			"from": [7.7, -15, 7],
			"to": [8.25, -13, 9],
			"rotation": {"angle": 0, "axis": "x", "origin": [7.975, -3.96394, 8.00034]},
			"faces": {
				"north": {"uv": [1, 1, 1.55, 3], "rotation": 180, "texture": "#0"},
				"east": {"uv": [1, 1, 3, 3], "rotation": 180, "texture": "#0"},
				"south": {"uv": [1, 1, 1.55, 3], "rotation": 180, "texture": "#0"},
				"west": {"uv": [1, 1, 3, 3], "rotation": 180, "texture": "#0"},
				"up": {"uv": [1, 1, 1.55, 3], "texture": "#0"},
				"down": {"uv": [1, 1, 1.55, 3], "texture": "#0"}
			}
		},
		{
			"from": [6.95, -15, 9],
			"to": [9, -13, 10],
			"rotation": {"angle": 0, "axis": "x", "origin": [7.975, -3.96394, 8.00034]},
			"faces": {
				"north": {"uv": [1, 1, 3.05, 3], "rotation": 180, "texture": "#0"},
				"east": {"uv": [1, 1, 2, 3], "rotation": 180, "texture": "#0"},
				"south": {"uv": [1, 1, 3.05, 3], "rotation": 180, "texture": "#0"},
				"west": {"uv": [1, 1, 2, 3], "rotation": 180, "texture": "#0"},
				"up": {"uv": [1, 1, 3.05, 2], "texture": "#0"},
				"down": {"uv": [1, 1, 3.05, 2], "texture": "#0"}
			}
		},
		{
			"from": [6.95, -13, 7],
			"to": [9, -12, 9],
			"rotation": {"angle": 0, "axis": "x", "origin": [7.975, -3.96394, 8.00034]},
			"faces": {
				"north": {"uv": [1, 1, 3.05, 2], "rotation": 180, "texture": "#0"},
				"east": {"uv": [1, 1, 3, 2], "rotation": 180, "texture": "#0"},
				"south": {"uv": [1, 1, 3.05, 2], "rotation": 180, "texture": "#0"},
				"west": {"uv": [1, 1, 3, 2], "rotation": 180, "texture": "#0"},
				"up": {"uv": [1, 1, 3.05, 3], "texture": "#0"},
				"down": {"uv": [1, 1, 3.05, 3], "texture": "#0"}
			}
		},
		{
			"from": [6.95, -10.35364, 14.38956],
			"to": [9, -8.95364, 15.78956],
			"rotation": {"angle": 45, "axis": "x", "origin": [7.975, -3.96394, 8.00034]},
			"faces": {
				"north": {"uv": [1, 1, 3.05, 2.4], "rotation": 180, "texture": "#0"},
				"east": {"uv": [1, 1, 2.4, 2.4], "rotation": 270, "texture": "#0"},
				"south": {"uv": [1, 1, 3.05, 2.4], "texture": "#0"},
				"west": {"uv": [1, 1, 2.4, 2.4], "rotation": 90, "texture": "#0"},
				"up": {"uv": [1, 1, 3.05, 2.4], "rotation": 180, "texture": "#0"},
				"down": {"uv": [1, 1, 3.05, 2.4], "texture": "#0"}
			}
		},
		{
			"from": [6.95, -11.75364, 12.98956],
			"to": [9, -10.35364, 14.38956],
			"rotation": {"angle": 45, "axis": "x", "origin": [7.975, -3.96394, 8.00034]},
			"faces": {
				"north": {"uv": [1, 1, 3.05, 2.4], "rotation": 180, "texture": "#0"},
				"east": {"uv": [1, 1, 2.4, 2.4], "rotation": 270, "texture": "#0"},
				"south": {"uv": [1, 1, 3.05, 2.4], "texture": "#0"},
				"west": {"uv": [1, 1, 2.4, 2.4], "rotation": 90, "texture": "#0"},
				"up": {"uv": [1, 1, 3.05, 2.4], "rotation": 180, "texture": "#0"},
				"down": {"uv": [1, 1, 3.05, 2.4], "texture": "#0"}
			}
		},
		{
			"from": [6.95, -15, 6],
			"to": [9, -13, 7],
			"rotation": {"angle": 0, "axis": "x", "origin": [7.975, -3.96394, 8.00034]},
			"faces": {
				"north": {"uv": [1, 1, 3.05, 3], "rotation": 180, "texture": "#0"},
				"east": {"uv": [1, 1, 2, 3], "rotation": 180, "texture": "#0"},
				"south": {"uv": [1, 1, 3.05, 3], "rotation": 180, "texture": "#0"},
				"west": {"uv": [1, 1, 2, 3], "rotation": 180, "texture": "#0"},
				"up": {"uv": [1, 1, 3.05, 2], "texture": "#0"},
				"down": {"uv": [1, 1, 3.05, 2], "texture": "#0"}
			}
		},
		{
			"from": [6.95, -13.16785, 14.40377],
			"to": [9, -11.76785, 15.80377],
			"rotation": {"angle": 45, "axis": "x", "origin": [7.975, -3.96394, 8.00034]},
			"faces": {
				"north": {"uv": [1, 1, 3.05, 2.4], "rotation": 180, "texture": "#0"},
				"east": {"uv": [1, 1, 2.4, 2.4], "rotation": 270, "texture": "#0"},
				"south": {"uv": [1, 1, 3.05, 2.4], "texture": "#0"},
				"west": {"uv": [1, 1, 2.4, 2.4], "rotation": 90, "texture": "#0"},
				"up": {"uv": [1, 1, 3.05, 2.4], "rotation": 180, "texture": "#0"},
				"down": {"uv": [1, 1, 3.05, 2.4], "texture": "#0"}
			}
		}
	],
	"display": {
		"thirdperson_righthand": {
			"translation": [0, 10, 1],
			"scale": [0.75, 0.75, 0.75]
		},
		"thirdperson_lefthand": {
			"translation": [0, 10, 1],
			"scale": [0.75, 0.75, 0.75]
		},
		"firstperson_righthand": {
			"translation": [0, 1.25, 1],
			"scale": [0.75, 0.75, 0.75]
		},
		"firstperson_lefthand": {
			"translation": [0, 1.25, 1],
			"scale": [0.75, 0.75, 0.75]
		},
		"ground": {
			"rotation": [-160.5, 0, -86.75],
			"translation": [0, 2, 1],
			"scale": [0.75, 0.75, 0.75]
		},
		"gui": {
			"rotation": [-90, 134.25, 90],
			"translation": [0.25, 0.25, -2.25],
			"scale": [0.45, 0.45, 0.45]
		},
		"head": {
			"rotation": [-138, 0, 0],
			"translation": [0, 12.75, 15.5],
			"scale": [0.75, 0.75, 0.75]
		},
		"fixed": {
			"rotation": [-90, 45, 90],
			"translation": [0.5, 0, -2.25],
			"scale": [1.5, 1.5, 1.5]
		}
	},
	"groups": [
		{
			"name": "blade",
			"origin": [8, 16.57574, 7.98995],
			"children": [0, 1, 2, 3, 4, 5, 6, 7]
		},
		{
			"name": "handle",
			"origin": [8, 8, 8],
			"children": [8, 9, 10, 11, 12, 13, 14, 15, 16, 17, 18, 19, 20, 21, 22, 23, 24, 25, 26, 27, 28, 29, 30, 31, 32, 33, 34, 35, 36, 37, 38, 39]
		},
		{
			"name": "pommel",
			"origin": [8, 16.57574, 7.98995],
			"children": [40, 41, 42, 43, 44, 45, 46, 47, 48]
		}
	]
}