{
	"credit": "Made with Blockbench",
	"textures": {
		"0": "minecraft:block/gold_block",
		"1": "minecraft:block/red_shulker_box",
		"2": "minecraft:block/iron_block",
		"3": "optifine/cit/icons/misc/noragami_runes",
		"4": "minecraft:block/emerald_block",
		"particle": "minecraft:block/red_shulker_box"
	},
	"elements": [
		{
			"from": [7.85, 13.375, 7.425],
			"to": [8.125, 25.175, 8.575],
			"rotation": {"angle": 0, "axis": "x", "origin": [7.99598, 5.20198, 7.99827]},
			"faces": {
				"north": {"uv": [7.875, 0, 8.15, 2.625], "texture": "#2"},
				"east": {"uv": [7.425, 0, 8.575, 2.625], "rotation": 90, "texture": "#2"},
				"south": {"uv": [7.85, 0, 8.125, 2.625], "texture": "#2"},
				"west": {"uv": [7.425, 0, 8.575, 2.625], "rotation": 90, "texture": "#2"},
				"up": {"uv": [7.85, 7.425, 8.125, 8.575], "texture": "#2"},
				"down": {"uv": [7.85, 7.425, 8.125, 8.575], "texture": "#2"}
			}
		},
		{
			"from": [7.85, 8.5, 7.525],
			"to": [8.125, 25.1, 8.475],
			"rotation": {"angle": 0, "axis": "x", "origin": [7.99598, 5.12698, 7.99827]},
			"faces": {
				"north": {"uv": [7.875, 0, 8.15, 7.5], "texture": "#2"},
				"east": {"uv": [7.525, 0, 8.475, 7.5], "rotation": 90, "texture": "#2"},
				"south": {"uv": [7.85, 0, 8.125, 7.5], "texture": "#2"},
				"west": {"uv": [7.525, 0, 8.475, 7.5], "rotation": 90, "texture": "#2"},
				"up": {"uv": [7.85, 7.525, 8.125, 8.475], "texture": "#2"},
				"down": {"uv": [7.85, 7.525, 8.125, 8.475], "texture": "#2"}
			}
		},
		{
			"from": [7.85, 24.75858, 7.48033],
			"to": [8.125, 25.58358, 8.30533],
			"rotation": {"angle": 45, "axis": "x", "origin": [8.35, 25.03358, 7.95533]},
			"faces": {
				"north": {"uv": [8, 5, 8.275, 5], "texture": "#2"},
				"east": {"uv": [7, 4, 7.825, 4], "rotation": 90, "texture": "#2"},
				"south": {"uv": [8, 3, 8.275, 3], "texture": "#2"},
				"west": {"uv": [8, 3, 8.825, 3], "rotation": 90, "texture": "#2"},
				"up": {"uv": [7, 8, 7.275, 8.825], "texture": "#2"},
				"down": {"uv": [8, 7, 8.275, 7.825], "texture": "#2"}
			}
		},
		{
			"from": [8.125, 13.375, 7.475],
			"to": [8.225, 25.175, 8.5],
			"rotation": {"angle": 0, "axis": "x", "origin": [7.99598, 5.20198, 7.99827]},
			"faces": {
				"north": {"uv": [7.775, 0, 7.875, 2.625], "texture": "#2"},
				"east": {"uv": [7.5, 0, 8.525, 2.625], "rotation": 90, "texture": "#2"},
				"south": {"uv": [8.125, 0, 8.225, 2.625], "texture": "#2"},
				"west": {"uv": [7.475, 0, 8.5, 2.625], "rotation": 90, "texture": "#2"},
				"up": {"uv": [8.125, 7.475, 8.225, 8.5], "texture": "#2"},
				"down": {"uv": [8.125, 7.5, 8.225, 8.525], "texture": "#2"}
			}
		},
		{
			"from": [8.125, 8.5, 7.575],
			"to": [8.225, 25.1, 8.4],
			"rotation": {"angle": 0, "axis": "x", "origin": [7.99598, 5.12698, 7.99827]},
			"faces": {
				"north": {"uv": [7.775, 0, 7.875, 7.5], "texture": "#2"},
				"east": {"uv": [7.6, 0, 8.425, 7.5], "rotation": 90, "texture": "#2"},
				"south": {"uv": [8.125, 0, 8.225, 7.5], "texture": "#2"},
				"west": {"uv": [7.575, 0, 8.4, 7.5], "rotation": 90, "texture": "#2"},
				"up": {"uv": [8.125, 7.575, 8.225, 8.4], "texture": "#2"},
				"down": {"uv": [8.125, 7.6, 8.225, 8.425], "texture": "#2"}
			}
		},
		{
			"from": [8.125, 24.85988, 7.19959],
			"to": [8.225, 25.58488, 7.92459],
			"rotation": {"angle": -45, "axis": "x", "origin": [7.9875, 25.70988, 7.83709]},
			"faces": {
				"north": {"uv": [8, 5, 8.1, 5], "texture": "#2"},
				"east": {"uv": [7, 4, 7.725, 4], "rotation": 90, "texture": "#2"},
				"south": {"uv": [8, 3, 8.1, 3], "texture": "#2"},
				"west": {"uv": [8, 3, 8.725, 3], "rotation": 90, "texture": "#2"},
				"up": {"uv": [7, 8, 7.1, 8.725], "texture": "#2"},
				"down": {"uv": [8, 7, 8.1, 7.725], "texture": "#2"}
			}
		},
		{
			"from": [7.75, 13.375, 7.475],
			"to": [7.85, 25.175, 8.5],
			"rotation": {"angle": 0, "axis": "x", "origin": [7.99598, 5.20198, 7.99827]},
			"faces": {
				"north": {"uv": [8.15, 0, 8.25, 2.625], "texture": "#2"},
				"east": {"uv": [7.5, 0, 8.525, 2.625], "rotation": 90, "texture": "#2"},
				"south": {"uv": [7.75, 0, 7.85, 2.625], "texture": "#2"},
				"west": {"uv": [7.475, 0, 8.5, 2.625], "rotation": 90, "texture": "#2"},
				"up": {"uv": [7.75, 7.475, 7.85, 8.5], "texture": "#2"},
				"down": {"uv": [7.75, 7.5, 7.85, 8.525], "texture": "#2"}
			}
		},
		{
			"from": [7.75, 8.5, 7.575],
			"to": [7.85, 25.1, 8.4],
			"rotation": {"angle": 0, "axis": "x", "origin": [7.99598, 5.12698, 7.99827]},
			"faces": {
				"north": {"uv": [8.15, 0, 8.25, 7.5], "texture": "#2"},
				"east": {"uv": [7.6, 0, 8.425, 7.5], "rotation": 270, "texture": "#2"},
				"south": {"uv": [7.75, 0, 7.85, 7.5], "texture": "#2"},
				"west": {"uv": [7.575, 0, 8.4, 7.5], "rotation": 90, "texture": "#2"},
				"up": {"uv": [7.75, 7.575, 7.85, 8.4], "texture": "#2"},
				"down": {"uv": [7.75, 7.6, 7.85, 8.425], "texture": "#2"}
			}
		},
		{
			"from": [7.75, 24.85685, 7.18221],
			"to": [7.85, 25.58185, 7.90721],
			"rotation": {"angle": -45, "axis": "x", "origin": [7.9625, 25.73185, 7.81971]},
			"faces": {
				"north": {"uv": [8, 5, 8.1, 5], "texture": "#2"},
				"east": {"uv": [7, 4, 7.675, 4], "rotation": 90, "texture": "#2"},
				"south": {"uv": [8, 3, 8.1, 3], "texture": "#2"},
				"west": {"uv": [8, 3, 8.675, 3], "rotation": 90, "texture": "#2"},
				"up": {"uv": [7, 8, 7.1, 8.675], "texture": "#2"},
				"down": {"uv": [8, 7, 8.1, 7.675], "texture": "#2"}
			}
		},
		{
			"from": [7.9, 13.375, 7.325],
			"to": [8.075, 25.175, 7.425],
			"rotation": {"angle": 0, "axis": "y", "origin": [7.99598, 5.20198, 7.82327]},
			"faces": {
				"north": {"uv": [7.925, 0, 8.1, 2.625], "texture": "#2"},
				"east": {"uv": [8.575, 0, 8.675, 2.625], "rotation": 90, "texture": "#2"},
				"south": {"uv": [7.9, 0, 8.075, 2.625], "texture": "#2"},
				"west": {"uv": [7.325, 0, 7.425, 2.625], "rotation": 90, "texture": "#2"},
				"up": {"uv": [7.9, 7.325, 8.075, 7.425], "texture": "#2"},
				"down": {"uv": [7.9, 8.575, 8.075, 8.675], "texture": "#2"}
			}
		},
		{
			"from": [7.9, 8.5, 7.425],
			"to": [8.075, 25.1, 7.525],
			"rotation": {"angle": 0, "axis": "y", "origin": [7.99598, 5.12698, 7.92327]},
			"faces": {
				"north": {"uv": [7.925, 0, 8.1, 7.5], "texture": "#2"},
				"east": {"uv": [8.475, 0, 8.575, 7.5], "rotation": 90, "texture": "#2"},
				"south": {"uv": [7.9, 0, 8.075, 7.5], "texture": "#2"},
				"west": {"uv": [7.425, 0, 7.525, 7.5], "rotation": 90, "texture": "#2"},
				"up": {"uv": [7.9, 7.425, 8.075, 7.525], "texture": "#2"},
				"down": {"uv": [7.9, 8.475, 8.075, 8.575], "texture": "#2"}
			}
		},
		{
			"from": [7.9, 13.31788, 7.39604],
			"to": [8.075, 13.61788, 7.49604],
			"rotation": {"angle": -22.5, "axis": "x", "origin": [7.9875, 13.31788, 7.97104]},
			"faces": {
				"north": {"uv": [7.925, 2.38212, 8.1, 2.68212], "texture": "#2"},
				"east": {"uv": [8.50396, 2.38212, 8.60396, 2.68212], "rotation": 90, "texture": "#2"},
				"south": {"uv": [7.9, 2.38212, 8.075, 2.68212], "texture": "#2"},
				"west": {"uv": [7.39604, 2.38212, 7.49604, 2.68212], "rotation": 90, "texture": "#2"},
				"up": {"uv": [7.9, 7.39604, 8.075, 7.49604], "texture": "#2"},
				"down": {"uv": [7.9, 8.50396, 8.075, 8.60396], "texture": "#2"}
			}
		},
		{
			"from": [7.75, 13.31788, 7.54604],
			"to": [7.9, 13.61788, 7.64604],
			"rotation": {"angle": -22.5, "axis": "x", "origin": [7.8125, 13.31788, 8.12104]},
			"faces": {
				"north": {"uv": [8.1, 2.38212, 8.25, 2.68212], "texture": "#2"},
				"east": {"uv": [8.35396, 2.38212, 8.45396, 2.68212], "rotation": 90, "texture": "#2"},
				"south": {"uv": [7.75, 2.38212, 7.9, 2.68212], "texture": "#2"},
				"west": {"uv": [7.54604, 2.38212, 7.64604, 2.68212], "rotation": 90, "texture": "#2"},
				"up": {"uv": [7.75, 7.54604, 7.9, 7.64604], "texture": "#2"},
				"down": {"uv": [7.75, 8.35396, 7.9, 8.45396], "texture": "#2"}
			}
		},
		{
			"from": [7.85, 13.31788, 7.49604],
			"to": [7.9, 13.61788, 7.59604],
			"rotation": {"angle": -22.5, "axis": "x", "origin": [7.9375, 13.31788, 8.07104]},
			"faces": {
				"north": {"uv": [8.1, 2.38212, 8.15, 2.68212], "texture": "#2"},
				"east": {"uv": [8.40396, 2.38212, 8.50396, 2.68212], "rotation": 90, "texture": "#2"},
				"south": {"uv": [7.85, 2.38212, 7.9, 2.68212], "texture": "#2"},
				"west": {"uv": [7.49604, 2.38212, 7.59604, 2.68212], "rotation": 90, "texture": "#2"},
				"up": {"uv": [7.85, 7.49604, 7.9, 7.59604], "texture": "#2"},
				"down": {"uv": [7.85, 8.40396, 7.9, 8.50396], "texture": "#2"}
			}
		},
		{
			"from": [8.075, 13.31788, 7.54604],
			"to": [8.225, 13.61788, 7.64604],
			"rotation": {"angle": -22.5, "axis": "x", "origin": [8.1625, 13.31788, 8.12104]},
			"faces": {
				"north": {"uv": [7.775, 2.38212, 7.925, 2.68212], "texture": "#2"},
				"east": {"uv": [8.35396, 2.38212, 8.45396, 2.68212], "rotation": 90, "texture": "#2"},
				"south": {"uv": [8.075, 2.38212, 8.225, 2.68212], "texture": "#2"},
				"west": {"uv": [7.54604, 2.38212, 7.64604, 2.68212], "rotation": 90, "texture": "#2"},
				"up": {"uv": [8.075, 7.54604, 8.225, 7.64604], "texture": "#2"},
				"down": {"uv": [8.075, 8.35396, 8.225, 8.45396], "texture": "#2"}
			}
		},
		{
			"from": [8.075, 13.31788, 7.49604],
			"to": [8.125, 13.61788, 7.59604],
			"rotation": {"angle": -22.5, "axis": "x", "origin": [8.1625, 13.31788, 8.07104]},
			"faces": {
				"north": {"uv": [7.875, 2.38212, 7.925, 2.68212], "texture": "#2"},
				"east": {"uv": [8.40396, 2.38212, 8.50396, 2.68212], "rotation": 90, "texture": "#2"},
				"south": {"uv": [8.075, 2.38212, 8.125, 2.68212], "texture": "#2"},
				"west": {"uv": [7.49604, 2.38212, 7.59604, 2.68212], "rotation": 90, "texture": "#2"},
				"up": {"uv": [8.075, 7.49604, 8.125, 7.59604], "texture": "#2"},
				"down": {"uv": [8.075, 8.40396, 8.125, 8.50396], "texture": "#2"}
			}
		},
		{
			"from": [7.9, 8.51788, 7.39604],
			"to": [8.075, 8.84288, 7.49604],
			"rotation": {"angle": 22.5, "axis": "x", "origin": [7.9875, 8.84288, 7.97104]},
			"faces": {
				"north": {"uv": [7.925, 7.15712, 8.1, 7.48212], "texture": "#2"},
				"east": {"uv": [8.50396, 7.15712, 8.60396, 7.48212], "rotation": 90, "texture": "#2"},
				"south": {"uv": [7.9, 7.15712, 8.075, 7.48212], "texture": "#2"},
				"west": {"uv": [7.39604, 7.15712, 7.49604, 7.48212], "rotation": 90, "texture": "#2"},
				"up": {"uv": [7.9, 7.39604, 8.075, 7.49604], "texture": "#2"},
				"down": {"uv": [7.9, 8.50396, 8.075, 8.60396], "texture": "#2"}
			}
		},
		{
			"from": [7.9, 24.73388, 8.17959],
			"to": [8.075, 25.68388, 8.32959],
			"rotation": {"angle": 45, "axis": "x", "origin": [7.9875, 25.98388, 8.27959]},
			"faces": {
				"north": {"uv": [8, 5, 8.175, 5], "texture": "#2"},
				"east": {"uv": [7, 4, 7.15, 4], "rotation": 90, "texture": "#2"},
				"south": {"uv": [8, 3, 8.175, 3], "texture": "#2"},
				"west": {"uv": [8, 3, 8.15, 3], "rotation": 90, "texture": "#2"},
				"up": {"uv": [7, 8, 7.175, 8.15], "texture": "#2"},
				"down": {"uv": [8, 7, 8.175, 7.15], "texture": "#2"}
			}
		},
		{
			"from": [7.9, 13.375, 8.575],
			"to": [8.075, 25.175, 8.675],
			"rotation": {"angle": 0, "axis": "y", "origin": [7.99598, 5.20198, 8.14827]},
			"faces": {
				"north": {"uv": [7.925, 0, 8.1, 2.625], "texture": "#2"},
				"east": {"uv": [7.325, 0, 7.425, 2.625], "rotation": 90, "texture": "#2"},
				"south": {"uv": [7.9, 0, 8.075, 2.625], "texture": "#2"},
				"west": {"uv": [8.575, 0, 8.675, 2.625], "rotation": 90, "texture": "#2"},
				"up": {"uv": [7.9, 8.575, 8.075, 8.675], "texture": "#2"},
				"down": {"uv": [7.9, 7.325, 8.075, 7.425], "texture": "#2"}
			}
		},
		{
			"from": [7.9, 8.5, 8.475],
			"to": [8.075, 25.1, 8.575],
			"rotation": {"angle": 0, "axis": "y", "origin": [7.99598, 5.12698, 8.04827]},
			"faces": {
				"north": {"uv": [7.925, 0, 8.1, 7.5], "texture": "#2"},
				"east": {"uv": [7.425, 0, 7.525, 7.5], "rotation": 90, "texture": "#2"},
				"south": {"uv": [7.9, 0, 8.075, 7.5], "texture": "#2"},
				"west": {"uv": [8.475, 0, 8.575, 7.5], "rotation": 90, "texture": "#2"},
				"up": {"uv": [7.9, 8.475, 8.075, 8.575], "texture": "#2"},
				"down": {"uv": [7.9, 7.425, 8.075, 7.525], "texture": "#2"}
			}
		},
		{
			"from": [7.9, 13.31788, 8.50396],
			"to": [8.075, 13.61788, 8.60396],
			"rotation": {"angle": 22.5, "axis": "x", "origin": [7.9875, 13.31788, 8.02896]},
			"faces": {
				"north": {"uv": [7.925, 2.38212, 8.1, 2.68212], "texture": "#2"},
				"east": {"uv": [7.39604, 2.38212, 7.49604, 2.68212], "rotation": 90, "texture": "#2"},
				"south": {"uv": [7.9, 2.38212, 8.075, 2.68212], "texture": "#2"},
				"west": {"uv": [8.50396, 2.38212, 8.60396, 2.68212], "rotation": 90, "texture": "#2"},
				"up": {"uv": [7.9, 8.50396, 8.075, 8.60396], "texture": "#2"},
				"down": {"uv": [7.9, 7.39604, 8.075, 7.49604], "texture": "#2"}
			}
		},
		{
			"from": [7.75, 13.31788, 8.32896],
			"to": [7.9, 13.61788, 8.42896],
			"rotation": {"angle": 22.5, "axis": "x", "origin": [7.8125, 13.31788, 7.85396]},
			"faces": {
				"north": {"uv": [8.1, 2.38212, 8.25, 2.68212], "texture": "#2"},
				"east": {"uv": [7.57104, 2.38212, 7.67104, 2.68212], "rotation": 90, "texture": "#2"},
				"south": {"uv": [7.75, 2.38212, 7.9, 2.68212], "texture": "#2"},
				"west": {"uv": [8.32896, 2.38212, 8.42896, 2.68212], "rotation": 90, "texture": "#2"},
				"up": {"uv": [7.75, 8.32896, 7.9, 8.42896], "texture": "#2"},
				"down": {"uv": [7.75, 7.57104, 7.9, 7.67104], "texture": "#2"}
			}
		},
		{
			"from": [7.85, 13.31788, 8.40396],
			"to": [7.9, 13.61788, 8.50396],
			"rotation": {"angle": 22.5, "axis": "x", "origin": [7.9375, 13.31788, 7.92896]},
			"faces": {
				"north": {"uv": [8.1, 2.38212, 8.15, 2.68212], "texture": "#2"},
				"east": {"uv": [7.49604, 2.38212, 7.59604, 2.68212], "rotation": 90, "texture": "#2"},
				"south": {"uv": [7.85, 2.38212, 7.9, 2.68212], "texture": "#2"},
				"west": {"uv": [8.40396, 2.38212, 8.50396, 2.68212], "rotation": 90, "texture": "#2"},
				"up": {"uv": [7.85, 8.40396, 7.9, 8.50396], "texture": "#2"},
				"down": {"uv": [7.85, 7.49604, 7.9, 7.59604], "texture": "#2"}
			}
		},
		{
			"from": [8.075, 13.31788, 8.32896],
			"to": [8.225, 13.61788, 8.42896],
			"rotation": {"angle": 22.5, "axis": "x", "origin": [8.1625, 13.31788, 7.85396]},
			"faces": {
				"north": {"uv": [7.775, 2.38212, 7.925, 2.68212], "texture": "#2"},
				"east": {"uv": [7.57104, 2.38212, 7.67104, 2.68212], "rotation": 90, "texture": "#2"},
				"south": {"uv": [8.075, 2.38212, 8.225, 2.68212], "texture": "#2"},
				"west": {"uv": [8.32896, 2.38212, 8.42896, 2.68212], "rotation": 90, "texture": "#2"},
				"up": {"uv": [8.075, 8.32896, 8.225, 8.42896], "texture": "#2"},
				"down": {"uv": [8.075, 7.57104, 8.225, 7.67104], "texture": "#2"}
			}
		},
		{
			"from": [8.075, 13.31788, 8.40396],
			"to": [8.125, 13.61788, 8.50396],
			"rotation": {"angle": 22.5, "axis": "x", "origin": [8.1625, 13.31788, 7.92896]},
			"faces": {
				"north": {"uv": [7.875, 2.38212, 7.925, 2.68212], "texture": "#2"},
				"east": {"uv": [7.49604, 2.38212, 7.59604, 2.68212], "rotation": 90, "texture": "#2"},
				"south": {"uv": [8.075, 2.38212, 8.125, 2.68212], "texture": "#2"},
				"west": {"uv": [8.40396, 2.38212, 8.50396, 2.68212], "rotation": 90, "texture": "#2"},
				"up": {"uv": [8.075, 8.40396, 8.125, 8.50396], "texture": "#2"},
				"down": {"uv": [8.075, 7.49604, 8.125, 7.59604], "texture": "#2"}
			}
		},
		{
			"from": [7.9, 8.51788, 8.50396],
			"to": [8.075, 8.84288, 8.60396],
			"rotation": {"angle": -22.5, "axis": "x", "origin": [7.9875, 8.84288, 8.02896]},
			"faces": {
				"north": {"uv": [7.925, 7.15712, 8.1, 7.48212], "texture": "#2"},
				"east": {"uv": [7.39604, 7.15712, 7.49604, 7.48212], "rotation": 90, "texture": "#2"},
				"south": {"uv": [7.9, 7.15712, 8.075, 7.48212], "texture": "#2"},
				"west": {"uv": [8.50396, 7.15712, 8.60396, 7.48212], "rotation": 90, "texture": "#2"},
				"up": {"uv": [7.9, 8.50396, 8.075, 8.60396], "texture": "#2"},
				"down": {"uv": [7.9, 7.39604, 8.075, 7.49604], "texture": "#2"}
			}
		},
		{
			"from": [7.9, 24.73388, 7.67041],
			"to": [8.075, 25.68388, 7.82041],
			"rotation": {"angle": -45, "axis": "x", "origin": [7.9875, 25.98388, 7.72041]},
			"faces": {
				"north": {"uv": [8, 5, 8.175, 5], "texture": "#2"},
				"east": {"uv": [7, 4, 7.15, 4], "rotation": 90, "texture": "#2"},
				"south": {"uv": [8, 3, 8.175, 3], "texture": "#2"},
				"west": {"uv": [8, 3, 8.15, 3], "rotation": 90, "texture": "#2"},
				"up": {"uv": [7, 8, 7.175, 8.15], "texture": "#2"},
				"down": {"uv": [8, 7, 8.175, 7.15], "texture": "#2"}
			}
		},
		{
			"from": [7.725, 8.725, 7.575],
			"to": [7.75, 13.375, 8.4],
			"rotation": {"angle": 0, "axis": "y", "origin": [7.725, 15.275, 7.9875]},
			"faces": {
				"north": {"uv": [0, 0, 16, 15.75], "rotation": 90, "texture": "#3"},
				"east": {"uv": [0, 0, 16, 15.75], "rotation": 90, "texture": "#3"},
				"south": {"uv": [0, 0, 16, 15.75], "rotation": 90, "texture": "#3"},
				"west": {"uv": [0, 0, 16, 15.75], "rotation": 90, "texture": "#3"},
				"up": {"uv": [0, 0, 16, 15.75], "rotation": 90, "texture": "#3"},
				"down": {"uv": [0, 0, 16, 15.75], "rotation": 90, "texture": "#3"}
			}
		},
		{
			"from": [7.725, 13.375, 7.475],
			"to": [7.75, 25.175, 8.5],
			"rotation": {"angle": 0, "axis": "y", "origin": [7.725, 19.275, 7.9875]},
			"faces": {
				"north": {"uv": [0, 0, 16, 15.75], "rotation": 90, "texture": "#3"},
				"east": {"uv": [0, 0, 16, 15.75], "rotation": 90, "texture": "#3"},
				"south": {"uv": [0, 0, 16, 15.75], "rotation": 90, "texture": "#3"},
				"west": {"uv": [0, 0, 16, 15.75], "rotation": 90, "texture": "#3"},
				"up": {"uv": [0, 0, 16, 15.75], "rotation": 90, "texture": "#3"},
				"down": {"uv": [0, 0, 16, 15.75], "rotation": 90, "texture": "#3"}
			}
		},
		{
			"from": [8.225, 13.375, 7.475],
			"to": [8.25, 25.175, 8.5],
			"rotation": {"angle": 0, "axis": "x", "origin": [8.02098, 5.20198, 7.99827]},
			"faces": {
				"north": {"uv": [0, 0, 16, 15.75], "rotation": 270, "texture": "#3"},
				"east": {"uv": [0, 0, 16, 15.75], "rotation": 270, "texture": "#3"},
				"south": {"uv": [0, 0, 16, 15.75], "rotation": 270, "texture": "#3"},
				"west": {"uv": [0, 0, 16, 15.75], "rotation": 270, "texture": "#3"},
				"up": {"uv": [0, 0, 16, 15.75], "rotation": 270, "texture": "#3"},
				"down": {"uv": [0, 0, 16, 15.75], "rotation": 270, "texture": "#3"}
			}
		},
		{
			"from": [8.225, 8.725, 7.575],
			"to": [8.25, 13.375, 8.4],
			"rotation": {"angle": 0, "axis": "x", "origin": [8.02098, 1.20198, 7.99827]},
			"faces": {
				"north": {"uv": [0, 0, 16, 15.75], "rotation": 270, "texture": "#3"},
				"east": {"uv": [0, 0, 16, 15.75], "rotation": 270, "texture": "#3"},
				"south": {"uv": [0, 0, 16, 15.75], "rotation": 270, "texture": "#3"},
				"west": {"uv": [0, 0, 16, 15.75], "rotation": 270, "texture": "#3"},
				"up": {"uv": [0, 0, 16, 15.75], "rotation": 270, "texture": "#3"},
				"down": {"uv": [0, 0, 16, 15.75], "rotation": 270, "texture": "#3"}
			}
		},
		{
			"from": [8.225, 8.25, 7.6],
			"to": [8.6, 8.75, 8.4],
			"rotation": {"angle": 0, "axis": "x", "origin": [7.87098, 5.12698, 7.99827]},
			"faces": {
				"north": {"uv": [7.4, 7.25, 7.775, 7.75], "texture": "#0"},
				"east": {"uv": [3.6, 7.25, 4.4, 7.75], "texture": "#0"},
				"south": {"uv": [8.225, 7.25, 8.6, 7.75], "texture": "#0"},
				"west": {"uv": [11.6, 7.25, 12.4, 7.75], "texture": "#0"},
				"up": {"uv": [8.225, 11.6, 8.6, 12.4], "texture": "#0"},
				"down": {"uv": [8.225, 3.6, 8.6, 4.4], "texture": "#0"}
			}
		},
		{
			"from": [7.4, 8.25, 7.6],
			"to": [7.8, 8.75, 8.4],
			"rotation": {"angle": 0, "axis": "x", "origin": [8.14598, 5.12698, 7.99827]},
			"faces": {
				"north": {"uv": [8.2, 7.25, 8.6, 7.75], "texture": "#0"},
				"east": {"uv": [3.6, 7.25, 4.4, 7.75], "texture": "#0"},
				"south": {"uv": [7.4, 7.25, 7.8, 7.75], "texture": "#0"},
				"west": {"uv": [11.6, 7.25, 12.4, 7.75], "texture": "#0"},
				"up": {"uv": [7.4, 11.6, 7.8, 12.4], "texture": "#0"},
				"down": {"uv": [7.4, 3.6, 7.8, 4.4], "texture": "#0"}
			}
		},
		{
			"from": [7.3, 8.375, 7.875],
			"to": [7.4, 8.625, 8.125],
			"rotation": {"angle": 45, "axis": "x", "origin": [8, 8.5, 8.0125]},
			"faces": {
				"north": {"uv": [0, 0, 0.25, 0.1], "rotation": 90, "texture": "#4"},
				"east": {"uv": [0, 0, 0.25, 0.25], "rotation": 90, "texture": "#4"},
				"south": {"uv": [0, 0, 0.25, 0.1], "rotation": 90, "texture": "#4"},
				"west": {"uv": [0, 0, 0.25, 0.25], "rotation": 90, "texture": "#4"},
				"up": {"uv": [0, 0, 0.25, 0.1], "rotation": 90, "texture": "#4"},
				"down": {"uv": [0, 0, 0.25, 0.1], "rotation": 90, "texture": "#4"}
			}
		},
		{
			"from": [8.6, 8.375, 7.875],
			"to": [8.7, 8.625, 8.125],
			"rotation": {"angle": 45, "axis": "x", "origin": [8, 8.5, 8.0125]},
			"faces": {
				"north": {"uv": [0, 0, 0.25, 0.1], "rotation": 90, "texture": "#4"},
				"east": {"uv": [0, 0, 0.25, 0.25], "rotation": 90, "texture": "#4"},
				"south": {"uv": [0, 0, 0.25, 0.1], "rotation": 90, "texture": "#4"},
				"west": {"uv": [0, 0, 0.25, 0.25], "rotation": 90, "texture": "#4"},
				"up": {"uv": [0, 0, 0.25, 0.1], "rotation": 90, "texture": "#4"},
				"down": {"uv": [0, 0, 0.25, 0.1], "rotation": 90, "texture": "#4"}
			}
		},
		{
			"from": [7.5, 8.275, 8.4],
			"to": [7.6, 8.725, 8.5],
			"rotation": {"angle": 0, "axis": "y", "origin": [7.99598, 5.12698, 7.99827]},
			"faces": {
				"north": {"uv": [8.4, 7.275, 8.5, 7.725], "texture": "#0"},
				"east": {"uv": [3.5, 7.275, 3.6, 7.725], "texture": "#0"},
				"south": {"uv": [7.5, 7.275, 7.6, 7.725], "texture": "#0"},
				"west": {"uv": [12.4, 7.275, 12.5, 7.725], "texture": "#0"},
				"up": {"uv": [7.5, 12.4, 7.6, 12.5], "texture": "#0"},
				"down": {"uv": [7.5, 3.5, 7.6, 3.6], "texture": "#0"}
			}
		},
		{
			"from": [7.5, 8.325, 8.5],
			"to": [7.6, 8.675, 8.6],
			"rotation": {"angle": 0, "axis": "y", "origin": [7.99598, 5.12698, 7.99827]},
			"faces": {
				"north": {"uv": [8.4, 7.325, 8.5, 7.675], "texture": "#0"},
				"east": {"uv": [3.4, 7.325, 3.5, 7.675], "texture": "#0"},
				"south": {"uv": [7.5, 7.325, 7.6, 7.675], "texture": "#0"},
				"west": {"uv": [12.5, 7.325, 12.6, 7.675], "texture": "#0"},
				"up": {"uv": [7.5, 12.5, 7.6, 12.6], "texture": "#0"},
				"down": {"uv": [7.5, 3.4, 7.6, 3.5], "texture": "#0"}
			}
		},
		{
			"from": [7.4, 8.325, 8.4],
			"to": [7.5, 8.675, 8.5],
			"rotation": {"angle": 0, "axis": "y", "origin": [7.99598, 5.12698, 7.99827]},
			"faces": {
				"north": {"uv": [8.5, 7.325, 8.6, 7.675], "texture": "#0"},
				"east": {"uv": [3.5, 7.325, 3.6, 7.675], "texture": "#0"},
				"south": {"uv": [7.4, 7.325, 7.5, 7.675], "texture": "#0"},
				"west": {"uv": [12.4, 7.325, 12.5, 7.675], "texture": "#0"},
				"up": {"uv": [7.4, 12.4, 7.5, 12.5], "texture": "#0"},
				"down": {"uv": [7.4, 3.5, 7.5, 3.6], "texture": "#0"}
			}
		},
		{
			"from": [8.4, 8.325, 8.5],
			"to": [8.5, 8.675, 8.6],
			"rotation": {"angle": 0, "axis": "y", "origin": [7.99598, 5.12698, 7.99827]},
			"faces": {
				"north": {"uv": [7.5, 7.325, 7.6, 7.675], "rotation": 270, "texture": "#0"},
				"east": {"uv": [3.4, 7.325, 3.5, 7.675], "rotation": 270, "texture": "#0"},
				"south": {"uv": [8.4, 7.325, 8.5, 7.675], "rotation": 270, "texture": "#0"},
				"west": {"uv": [12.5, 7.325, 12.6, 7.675], "rotation": 270, "texture": "#0"},
				"up": {"uv": [8.4, 12.5, 8.5, 12.6], "rotation": 270, "texture": "#0"},
				"down": {"uv": [8.4, 3.4, 8.5, 3.5], "rotation": 270, "texture": "#0"}
			}
		},
		{
			"from": [8.4, 8.275, 8.4],
			"to": [8.5, 8.725, 8.5],
			"rotation": {"angle": 0, "axis": "y", "origin": [7.99598, 5.12698, 7.99827]},
			"faces": {
				"north": {"uv": [7.5, 7.275, 7.6, 7.725], "rotation": 270, "texture": "#0"},
				"east": {"uv": [3.5, 7.275, 3.6, 7.725], "rotation": 270, "texture": "#0"},
				"south": {"uv": [8.4, 7.275, 8.5, 7.725], "rotation": 270, "texture": "#0"},
				"west": {"uv": [12.4, 7.275, 12.5, 7.725], "rotation": 270, "texture": "#0"},
				"up": {"uv": [8.4, 12.4, 8.5, 12.5], "rotation": 270, "texture": "#0"},
				"down": {"uv": [8.4, 3.5, 8.5, 3.6], "rotation": 270, "texture": "#0"}
			}
		},
		{
			"from": [8.5, 8.325, 8.4],
			"to": [8.6, 8.675, 8.5],
			"rotation": {"angle": 0, "axis": "y", "origin": [7.99598, 5.12698, 7.99827]},
			"faces": {
				"north": {"uv": [7.4, 7.325, 7.5, 7.675], "rotation": 270, "texture": "#0"},
				"east": {"uv": [3.5, 7.325, 3.6, 7.675], "rotation": 270, "texture": "#0"},
				"south": {"uv": [8.5, 7.325, 8.6, 7.675], "rotation": 270, "texture": "#0"},
				"west": {"uv": [12.4, 7.325, 12.5, 7.675], "rotation": 270, "texture": "#0"},
				"up": {"uv": [8.5, 12.4, 8.6, 12.5], "rotation": 270, "texture": "#0"},
				"down": {"uv": [8.5, 3.5, 8.6, 3.6], "rotation": 270, "texture": "#0"}
			}
		},
		{
			"from": [8.4, 8.275, 7.5],
			"to": [8.5, 8.725, 7.6],
			"rotation": {"angle": 0, "axis": "y", "origin": [7.99598, 5.12698, 7.99827]},
			"faces": {
				"north": {"uv": [7.5, 7.275, 7.6, 7.725], "rotation": 270, "texture": "#0"},
				"east": {"uv": [4.4, 7.275, 4.5, 7.725], "rotation": 270, "texture": "#0"},
				"south": {"uv": [8.4, 7.275, 8.5, 7.725], "rotation": 270, "texture": "#0"},
				"west": {"uv": [11.5, 7.275, 11.6, 7.725], "rotation": 270, "texture": "#0"},
				"up": {"uv": [8.4, 11.5, 8.5, 11.6], "rotation": 270, "texture": "#0"},
				"down": {"uv": [8.4, 4.4, 8.5, 4.5], "rotation": 270, "texture": "#0"}
			}
		},
		{
			"from": [8.4, 8.325, 7.4],
			"to": [8.5, 8.675, 7.5],
			"rotation": {"angle": 0, "axis": "y", "origin": [7.99598, 5.12698, 7.99827]},
			"faces": {
				"north": {"uv": [7.5, 7.325, 7.6, 7.675], "rotation": 270, "texture": "#0"},
				"east": {"uv": [4.5, 7.325, 4.6, 7.675], "rotation": 270, "texture": "#0"},
				"south": {"uv": [8.4, 7.325, 8.5, 7.675], "rotation": 270, "texture": "#0"},
				"west": {"uv": [11.4, 7.325, 11.5, 7.675], "rotation": 270, "texture": "#0"},
				"up": {"uv": [8.4, 11.4, 8.5, 11.5], "rotation": 270, "texture": "#0"},
				"down": {"uv": [8.4, 4.5, 8.5, 4.6], "rotation": 270, "texture": "#0"}
			}
		},
		{
			"from": [8.5, 8.325, 7.5],
			"to": [8.6, 8.675, 7.6],
			"rotation": {"angle": 0, "axis": "y", "origin": [7.99598, 5.12698, 7.99827]},
			"faces": {
				"north": {"uv": [7.4, 7.325, 7.5, 7.675], "rotation": 270, "texture": "#0"},
				"east": {"uv": [4.4, 7.325, 4.5, 7.675], "rotation": 270, "texture": "#0"},
				"south": {"uv": [8.5, 7.325, 8.6, 7.675], "rotation": 270, "texture": "#0"},
				"west": {"uv": [11.5, 7.325, 11.6, 7.675], "rotation": 270, "texture": "#0"},
				"up": {"uv": [8.5, 11.5, 8.6, 11.6], "rotation": 270, "texture": "#0"},
				"down": {"uv": [8.5, 4.4, 8.6, 4.5], "rotation": 270, "texture": "#0"}
			}
		},
		{
			"from": [7.4, 8.325, 7.5],
			"to": [7.5, 8.675, 7.6],
			"rotation": {"angle": 0, "axis": "y", "origin": [7.99598, 5.12698, 7.99827]},
			"faces": {
				"north": {"uv": [8.5, 7.325, 8.6, 7.675], "texture": "#0"},
				"east": {"uv": [4.4, 7.325, 4.5, 7.675], "texture": "#0"},
				"south": {"uv": [7.4, 7.325, 7.5, 7.675], "texture": "#0"},
				"west": {"uv": [11.5, 7.325, 11.6, 7.675], "texture": "#0"},
				"up": {"uv": [7.4, 11.5, 7.5, 11.6], "texture": "#0"},
				"down": {"uv": [7.4, 4.4, 7.5, 4.5], "texture": "#0"}
			}
		},
		{
			"from": [7.5, 8.325, 7.4],
			"to": [7.6, 8.675, 7.5],
			"rotation": {"angle": 0, "axis": "y", "origin": [7.99598, 5.12698, 7.99827]},
			"faces": {
				"north": {"uv": [8.4, 7.325, 8.5, 7.675], "texture": "#0"},
				"east": {"uv": [4.5, 7.325, 4.6, 7.675], "texture": "#0"},
				"south": {"uv": [7.5, 7.325, 7.6, 7.675], "texture": "#0"},
				"west": {"uv": [11.4, 7.325, 11.5, 7.675], "texture": "#0"},
				"up": {"uv": [7.5, 11.4, 7.6, 11.5], "texture": "#0"},
				"down": {"uv": [7.5, 4.5, 7.6, 4.6], "texture": "#0"}
			}
		},
		{
			"from": [7.5, 8.275, 7.5],
			"to": [7.6, 8.725, 7.6],
			"rotation": {"angle": 0, "axis": "y", "origin": [7.99598, 5.12698, 7.99827]},
			"faces": {
				"north": {"uv": [8.4, 7.275, 8.5, 7.725], "texture": "#0"},
				"east": {"uv": [4.4, 7.275, 4.5, 7.725], "texture": "#0"},
				"south": {"uv": [7.5, 7.275, 7.6, 7.725], "texture": "#0"},
				"west": {"uv": [11.5, 7.275, 11.6, 7.725], "texture": "#0"},
				"up": {"uv": [7.5, 11.5, 7.6, 11.6], "texture": "#0"},
				"down": {"uv": [7.5, 4.4, 7.6, 4.5], "texture": "#0"}
			}
		},
		{
			"from": [7.625, 7.84981, 9.78686],
			"to": [8.375, 8.22481, 10.73686],
			"rotation": {"angle": -22.5, "axis": "x", "origin": [7.99598, 5.12698, 7.99827]},
			"faces": {
				"north": {"uv": [7.625, 7.77519, 8.375, 8.15019], "rotation": 90, "texture": "#0"},
				"east": {"uv": [1.26314, 7.77519, 2.21314, 8.15019], "rotation": 180, "texture": "#0"},
				"south": {"uv": [7.625, 7.77519, 8.375, 8.15019], "rotation": 270, "texture": "#0"},
				"west": {"uv": [13.78686, 7.77519, 14.73686, 8.15019], "texture": "#0"},
				"up": {"uv": [7.625, 13.78686, 8.375, 14.73686], "rotation": 90, "texture": "#0"},
				"down": {"uv": [7.625, 1.26314, 8.375, 2.21314], "rotation": 270, "texture": "#0"}
			}
		},
		{
			"from": [7.8, 8.55762, 9.7089],
			"to": [8.2, 9.73262, 9.8589],
			"rotation": {"angle": 22.5, "axis": "x", "origin": [8, 9.59643, 9.74509]},
			"faces": {
				"north": {"uv": [7.8, 6.26738, 8.2, 7.44238], "rotation": 270, "texture": "#0"},
				"east": {"uv": [2.1411, 6.26738, 2.2911, 7.44238], "rotation": 270, "texture": "#0"},
				"south": {"uv": [7.8, 6.26738, 8.2, 7.44238], "rotation": 270, "texture": "#0"},
				"west": {"uv": [13.7089, 6.26738, 13.8589, 7.44238], "rotation": 270, "texture": "#0"},
				"up": {"uv": [7.8, 13.7089, 8.2, 13.8589], "rotation": 270, "texture": "#0"},
				"down": {"uv": [7.8, 2.1411, 8.2, 2.2911], "rotation": 270, "texture": "#0"}
			}
		},
		{
			"from": [7.8, 9.68262, 9.7589],
			"to": [8.2, 10.93262, 9.9089],
			"rotation": {"angle": 0, "axis": "x", "origin": [8, 10.67143, 9.87009]},
			"faces": {
				"north": {"uv": [7.8, 5.06738, 8.2, 6.31738], "rotation": 270, "texture": "#0"},
				"east": {"uv": [2.0911, 5.06738, 2.2411, 6.31738], "rotation": 270, "texture": "#0"},
				"south": {"uv": [7.8, 5.06738, 8.2, 6.31738], "rotation": 270, "texture": "#0"},
				"west": {"uv": [13.7589, 5.06738, 13.9089, 6.31738], "rotation": 270, "texture": "#0"},
				"up": {"uv": [7.8, 13.7589, 8.2, 13.9089], "rotation": 270, "texture": "#0"},
				"down": {"uv": [7.8, 2.0911, 8.2, 2.2411], "rotation": 270, "texture": "#0"}
			}
		},
		{
			"from": [8.2, 8.70333, 9.66319],
			"to": [8.3, 9.70333, 9.78819],
			"rotation": {"angle": 22.5, "axis": "x", "origin": [8, 9.59643, 9.74509]},
			"faces": {
				"north": {"uv": [7.7, 6.29667, 7.8, 7.29667], "rotation": 270, "texture": "#0"},
				"east": {"uv": [2.21181, 6.29667, 2.33681, 7.29667], "rotation": 270, "texture": "#0"},
				"south": {"uv": [8.2, 6.29667, 8.3, 7.29667], "rotation": 270, "texture": "#0"},
				"west": {"uv": [13.66319, 6.29667, 13.78819, 7.29667], "rotation": 270, "texture": "#0"},
				"up": {"uv": [8.2, 13.66319, 8.3, 13.78819], "rotation": 270, "texture": "#0"},
				"down": {"uv": [8.2, 2.21181, 8.3, 2.33681], "rotation": 270, "texture": "#0"}
			}
		},
		{
			"from": [8.2, 9.67833, 9.68819],
			"to": [8.3, 10.77833, 9.83819],
			"rotation": {"angle": 0, "axis": "x", "origin": [8, 10.22833, 9.76319]},
			"faces": {
				"north": {"uv": [7.7, 5.22167, 7.8, 6.32167], "rotation": 270, "texture": "#0"},
				"east": {"uv": [2.16181, 5.22167, 2.31181, 6.32167], "rotation": 270, "texture": "#0"},
				"south": {"uv": [8.2, 5.22167, 8.3, 6.32167], "rotation": 270, "texture": "#0"},
				"west": {"uv": [13.68819, 5.22167, 13.83819, 6.32167], "rotation": 270, "texture": "#0"},
				"up": {"uv": [8.2, 13.68819, 8.3, 13.83819], "rotation": 270, "texture": "#0"},
				"down": {"uv": [8.2, 2.16181, 8.3, 2.31181], "rotation": 270, "texture": "#0"}
			}
		},
		{
			"from": [7.7, 8.70333, 9.66319],
			"to": [7.8, 9.70333, 9.78819],
			"rotation": {"angle": 22.5, "axis": "x", "origin": [8, 9.59643, 9.74509]},
			"faces": {
				"north": {"uv": [8.2, 6.29667, 8.3, 7.29667], "rotation": 270, "texture": "#0"},
				"east": {"uv": [2.21181, 6.29667, 2.33681, 7.29667], "rotation": 270, "texture": "#0"},
				"south": {"uv": [7.7, 6.29667, 7.8, 7.29667], "rotation": 270, "texture": "#0"},
				"west": {"uv": [13.66319, 6.29667, 13.78819, 7.29667], "rotation": 270, "texture": "#0"},
				"up": {"uv": [7.7, 13.66319, 7.8, 13.78819], "rotation": 270, "texture": "#0"},
				"down": {"uv": [7.7, 2.21181, 7.8, 2.33681], "rotation": 270, "texture": "#0"}
			}
		},
		{
			"from": [7.7, 9.67833, 9.68819],
			"to": [7.8, 10.77833, 9.83819],
			"rotation": {"angle": 0, "axis": "x", "origin": [8, 10.22833, 9.76319]},
			"faces": {
				"north": {"uv": [8.2, 5.22167, 8.3, 6.32167], "rotation": 270, "texture": "#0"},
				"east": {"uv": [2.16181, 5.22167, 2.31181, 6.32167], "rotation": 270, "texture": "#0"},
				"south": {"uv": [7.7, 5.22167, 7.8, 6.32167], "rotation": 270, "texture": "#0"},
				"west": {"uv": [13.68819, 5.22167, 13.83819, 6.32167], "rotation": 270, "texture": "#0"},
				"up": {"uv": [7.7, 13.68819, 7.8, 13.83819], "rotation": 270, "texture": "#0"},
				"down": {"uv": [7.7, 2.16181, 7.8, 2.31181], "rotation": 270, "texture": "#0"}
			}
		},
		{
			"from": [7.675, 8.54056, 8.58642],
			"to": [8.275, 8.64056, 9.43642],
			"rotation": {"angle": -22.5, "axis": "x", "origin": [7.975, 8.59056, 9.31142]},
			"faces": {
				"north": {"uv": [7.725, 7.35944, 8.325, 7.45944], "rotation": 180, "texture": "#0"},
				"east": {"uv": [2.56358, 7.35944, 3.41358, 7.45944], "rotation": 270, "texture": "#0"},
				"south": {"uv": [7.675, 7.35944, 8.275, 7.45944], "texture": "#0"},
				"west": {"uv": [12.58642, 7.35944, 13.43642, 7.45944], "rotation": 90, "texture": "#0"},
				"up": {"uv": [7.675, 12.58642, 8.275, 13.43642], "rotation": 180, "texture": "#0"},
				"down": {"uv": [7.675, 2.56358, 8.275, 3.41358], "texture": "#0"}
			}
		},
		{
			"from": [7.6, 8.25, 8.35],
			"to": [8.4, 8.75, 8.65],
			"rotation": {"angle": 0, "axis": "y", "origin": [7.99598, 5.12698, 7.99827]},
			"faces": {
				"north": {"uv": [7.6, 7.25, 8.4, 7.75], "rotation": 270, "texture": "#0"},
				"east": {"uv": [3.35, 7.25, 3.65, 7.75], "rotation": 270, "texture": "#0"},
				"south": {"uv": [7.6, 7.25, 8.4, 7.75], "rotation": 270, "texture": "#0"},
				"west": {"uv": [12.35, 7.25, 12.65, 7.75], "rotation": 270, "texture": "#0"},
				"up": {"uv": [7.6, 12.35, 8.4, 12.65], "rotation": 270, "texture": "#0"},
				"down": {"uv": [7.6, 3.35, 8.4, 3.65], "rotation": 270, "texture": "#0"}
			}
		},
		{
			"from": [7.625, 7.85113, 5.26288],
			"to": [8.375, 8.22613, 6.18788],
			"rotation": {"angle": 22.5, "axis": "x", "origin": [7.99598, 5.12698, 7.99827]},
			"faces": {
				"north": {"uv": [7.625, 7.77387, 8.375, 8.14887], "rotation": 90, "texture": "#0"},
				"east": {"uv": [5.81212, 7.77387, 6.73712, 8.14887], "texture": "#0"},
				"south": {"uv": [7.625, 7.77387, 8.375, 8.14887], "rotation": 270, "texture": "#0"},
				"west": {"uv": [9.26288, 7.77387, 10.18788, 8.14887], "rotation": 180, "texture": "#0"},
				"up": {"uv": [7.625, 9.26288, 8.375, 10.18788], "rotation": 270, "texture": "#0"},
				"down": {"uv": [7.625, 5.81212, 8.375, 6.73712], "rotation": 90, "texture": "#0"}
			}
		},
		{
			"from": [7.8, 8.59239, 6.11467],
			"to": [8.2, 9.79239, 6.26467],
			"rotation": {"angle": -22.5, "axis": "x", "origin": [8, 9.62286, 6.32848]},
			"faces": {
				"north": {"uv": [7.8, 6.20761, 8.2, 7.40761], "rotation": 270, "texture": "#0"},
				"east": {"uv": [5.73533, 6.20761, 5.88533, 7.40761], "rotation": 270, "texture": "#0"},
				"south": {"uv": [7.8, 6.20761, 8.2, 7.40761], "rotation": 270, "texture": "#0"},
				"west": {"uv": [10.11467, 6.20761, 10.26467, 7.40761], "rotation": 270, "texture": "#0"},
				"up": {"uv": [7.8, 10.11467, 8.2, 10.26467], "rotation": 270, "texture": "#0"},
				"down": {"uv": [7.8, 5.73533, 8.2, 5.88533], "rotation": 270, "texture": "#0"}
			}
		},
		{
			"from": [7.8, 9.69239, 6.06467],
			"to": [8.2, 10.86739, 6.21467],
			"rotation": {"angle": 0, "axis": "x", "origin": [8, 10.57286, 6.05348]},
			"faces": {
				"north": {"uv": [7.8, 5.13261, 8.2, 6.30761], "rotation": 270, "texture": "#0"},
				"east": {"uv": [5.78533, 5.13261, 5.93533, 6.30761], "rotation": 270, "texture": "#0"},
				"south": {"uv": [7.8, 5.13261, 8.2, 6.30761], "rotation": 270, "texture": "#0"},
				"west": {"uv": [10.06467, 5.13261, 10.21467, 6.30761], "rotation": 270, "texture": "#0"},
				"up": {"uv": [7.8, 10.06467, 8.2, 10.21467], "rotation": 270, "texture": "#0"},
				"down": {"uv": [7.8, 5.78533, 8.2, 5.93533], "rotation": 270, "texture": "#0"}
			}
		},
		{
			"from": [8.2, 8.7631, 6.18538],
			"to": [8.3, 9.7631, 6.33538],
			"rotation": {"angle": -22.5, "axis": "x", "origin": [8, 9.62286, 6.32848]},
			"faces": {
				"north": {"uv": [7.7, 6.2369, 7.8, 7.2369], "rotation": 270, "texture": "#0"},
				"east": {"uv": [5.66462, 6.2369, 5.81462, 7.2369], "rotation": 270, "texture": "#0"},
				"south": {"uv": [8.2, 6.2369, 8.3, 7.2369], "rotation": 270, "texture": "#0"},
				"west": {"uv": [10.18538, 6.2369, 10.33538, 7.2369], "rotation": 270, "texture": "#0"},
				"up": {"uv": [8.2, 10.18538, 8.3, 10.33538], "rotation": 270, "texture": "#0"},
				"down": {"uv": [8.2, 5.66462, 8.3, 5.81462], "rotation": 270, "texture": "#0"}
			}
		},
		{
			"from": [8.2, 9.6881, 6.13538],
			"to": [8.3, 10.7131, 6.28538],
			"rotation": {"angle": 0, "axis": "x", "origin": [8, 10.57286, 6.05348]},
			"faces": {
				"north": {"uv": [7.7, 5.2869, 7.8, 6.3119], "rotation": 270, "texture": "#0"},
				"east": {"uv": [5.71462, 5.2869, 5.86462, 6.3119], "rotation": 270, "texture": "#0"},
				"south": {"uv": [8.2, 5.2869, 8.3, 6.3119], "rotation": 270, "texture": "#0"},
				"west": {"uv": [10.13538, 5.2869, 10.28538, 6.3119], "rotation": 270, "texture": "#0"},
				"up": {"uv": [8.2, 10.13538, 8.3, 10.28538], "rotation": 270, "texture": "#0"},
				"down": {"uv": [8.2, 5.71462, 8.3, 5.86462], "rotation": 270, "texture": "#0"}
			}
		},
		{
			"from": [7.7, 8.7631, 6.18538],
			"to": [7.8, 9.7631, 6.33538],
			"rotation": {"angle": -22.5, "axis": "x", "origin": [8, 9.62286, 6.32848]},
			"faces": {
				"north": {"uv": [8.2, 6.2369, 8.3, 7.2369], "rotation": 270, "texture": "#0"},
				"east": {"uv": [5.66462, 6.2369, 5.81462, 7.2369], "rotation": 270, "texture": "#0"},
				"south": {"uv": [7.7, 6.2369, 7.8, 7.2369], "rotation": 270, "texture": "#0"},
				"west": {"uv": [10.18538, 6.2369, 10.33538, 7.2369], "rotation": 270, "texture": "#0"},
				"up": {"uv": [7.7, 10.18538, 7.8, 10.33538], "rotation": 270, "texture": "#0"},
				"down": {"uv": [7.7, 5.66462, 7.8, 5.81462], "rotation": 270, "texture": "#0"}
			}
		},
		{
			"from": [7.7, 9.6881, 6.13538],
			"to": [7.8, 10.7131, 6.28538],
			"rotation": {"angle": 0, "axis": "x", "origin": [8, 10.57286, 6.05348]},
			"faces": {
				"north": {"uv": [8.2, 5.2869, 8.3, 6.3119], "rotation": 270, "texture": "#0"},
				"east": {"uv": [5.71462, 5.2869, 5.86462, 6.3119], "rotation": 270, "texture": "#0"},
				"south": {"uv": [7.7, 5.2869, 7.8, 6.3119], "rotation": 270, "texture": "#0"},
				"west": {"uv": [10.13538, 5.2869, 10.28538, 6.3119], "rotation": 270, "texture": "#0"},
				"up": {"uv": [7.7, 10.13538, 7.8, 10.28538], "rotation": 270, "texture": "#0"},
				"down": {"uv": [7.7, 5.71462, 7.8, 5.86462], "rotation": 270, "texture": "#0"}
			}
		},
		{
			"from": [7.7, 8.55, 6.525],
			"to": [8.3, 8.625, 7.425],
			"rotation": {"angle": 22.5, "axis": "x", "origin": [8, 8.575, 6.65]},
			"faces": {
				"north": {"uv": [7.7, 7.375, 8.3, 7.45], "rotation": 180, "texture": "#0"},
				"east": {"uv": [4.575, 7.375, 5.475, 7.45], "rotation": 90, "texture": "#0"},
				"south": {"uv": [7.7, 7.375, 8.3, 7.45], "texture": "#0"},
				"west": {"uv": [10.525, 7.375, 11.425, 7.45], "rotation": 270, "texture": "#0"},
				"up": {"uv": [7.7, 10.525, 8.3, 11.425], "texture": "#0"},
				"down": {"uv": [7.7, 4.575, 8.3, 5.475], "rotation": 180, "texture": "#0"}
			}
		},
		{
			"from": [7.6, 8.25, 7.35],
			"to": [8.4, 8.75, 7.65],
			"rotation": {"angle": 0, "axis": "y", "origin": [7.99598, 5.12698, 7.99827]},
			"faces": {
				"north": {"uv": [7.6, 7.25, 8.4, 7.75], "rotation": 270, "texture": "#0"},
				"east": {"uv": [4.35, 7.25, 4.65, 7.75], "rotation": 270, "texture": "#0"},
				"south": {"uv": [7.6, 7.25, 8.4, 7.75], "rotation": 270, "texture": "#0"},
				"west": {"uv": [11.35, 7.25, 11.65, 7.75], "rotation": 270, "texture": "#0"},
				"up": {"uv": [7.6, 11.35, 8.4, 11.65], "rotation": 270, "texture": "#0"},
				"down": {"uv": [7.6, 4.35, 8.4, 4.65], "rotation": 270, "texture": "#0"}
			}
		},
		{
			"from": [7.8, 5.29167, 7.625],
			"to": [8.2, 5.81667, 7.7],
			"rotation": {"angle": 0, "axis": "x", "origin": [8, 6.72083, 8]},
			"faces": {
				"north": {"uv": [0, 0, 0.4, 0.525], "rotation": 180, "texture": "#1"},
				"east": {"uv": [0, 0, 0.075, 0.525], "rotation": 180, "texture": "#1"},
				"south": {"uv": [0, 0, 0.4, 0.525], "rotation": 180, "texture": "#1"},
				"west": {"uv": [0, 0, 0.075, 0.525], "rotation": 180, "texture": "#1"},
				"up": {"uv": [0, 0, 0.4, 0.075], "texture": "#1"},
				"down": {"uv": [0, 0, 0.4, 0.075], "texture": "#1"}
			}
		},
		{
			"from": [7.8, 7.54167, 7.625],
			"to": [8.2, 8.31667, 7.7],
			"rotation": {"angle": 0, "axis": "x", "origin": [8, 6.72083, 8]},
			"faces": {
				"north": {"uv": [0, 0, 0.4, 0.775], "rotation": 180, "texture": "#1"},
				"east": {"uv": [0, 0, 0.075, 0.775], "rotation": 180, "texture": "#1"},
				"south": {"uv": [0, 0, 0.4, 0.775], "rotation": 180, "texture": "#1"},
				"west": {"uv": [0, 0, 0.075, 0.775], "rotation": 180, "texture": "#1"},
				"up": {"uv": [0, 0, 0.4, 0.075], "texture": "#1"},
				"down": {"uv": [0, 0, 0.4, 0.075], "texture": "#1"}
			}
		},
		{
			"from": [7.85, 5.81667, 7.675],
			"to": [8.15, 7.54167, 7.75],
			"rotation": {"angle": 0, "axis": "x", "origin": [8, 6.72083, 8]},
			"faces": {
				"north": {"uv": [0, 0, 0.3, 1.725], "rotation": 180, "texture": "#1"},
				"east": {"uv": [0, 0, 0.075, 1.725], "rotation": 180, "texture": "#1"},
				"south": {"uv": [0, 0, 0.3, 1.725], "rotation": 180, "texture": "#1"},
				"west": {"uv": [0, 0, 0.075, 1.725], "rotation": 180, "texture": "#1"},
				"up": {"uv": [0, 0, 0.3, 0.075], "texture": "#1"},
				"down": {"uv": [0, 0, 0.3, 0.075], "texture": "#1"}
			}
		},
		{
			"from": [8.3, 5.29167, 7.8],
			"to": [8.375, 5.81667, 8.2],
			"rotation": {"angle": 0, "axis": "x", "origin": [8, 6.72083, 8]},
			"faces": {
				"north": {"uv": [0, 0, 0.075, 0.525], "rotation": 180, "texture": "#1"},
				"east": {"uv": [0, 0, 0.4, 0.525], "rotation": 180, "texture": "#1"},
				"south": {"uv": [0, 0, 0.075, 0.525], "rotation": 180, "texture": "#1"},
				"west": {"uv": [0, 0, 0.4, 0.525], "rotation": 180, "texture": "#1"},
				"up": {"uv": [0, 0, 0.4, 0.075], "rotation": 90, "texture": "#1"},
				"down": {"uv": [0, 0, 0.4, 0.075], "rotation": 270, "texture": "#1"}
			}
		},
		{
			"from": [8.3, 7.54167, 7.8],
			"to": [8.375, 8.31667, 8.2],
			"rotation": {"angle": 0, "axis": "x", "origin": [8, 6.72083, 8]},
			"faces": {
				"north": {"uv": [0, 0, 0.075, 0.775], "rotation": 180, "texture": "#1"},
				"east": {"uv": [0, 0, 0.4, 0.775], "rotation": 180, "texture": "#1"},
				"south": {"uv": [0, 0, 0.075, 0.775], "rotation": 180, "texture": "#1"},
				"west": {"uv": [0, 0, 0.4, 0.775], "rotation": 180, "texture": "#1"},
				"up": {"uv": [0, 0, 0.4, 0.075], "rotation": 90, "texture": "#1"},
				"down": {"uv": [0, 0, 0.4, 0.075], "rotation": 270, "texture": "#1"}
			}
		},
		{
			"from": [8.25, 5.81667, 7.85],
			"to": [8.325, 7.54167, 8.15],
			"rotation": {"angle": 0, "axis": "x", "origin": [8, 6.72083, 8]},
			"faces": {
				"north": {"uv": [0, 0, 0.075, 1.725], "rotation": 180, "texture": "#1"},
				"east": {"uv": [0, 0, 0.3, 1.725], "rotation": 180, "texture": "#1"},
				"south": {"uv": [0, 0, 0.075, 1.725], "rotation": 180, "texture": "#1"},
				"west": {"uv": [0, 0, 0.3, 1.725], "rotation": 180, "texture": "#1"},
				"up": {"uv": [0, 0, 0.3, 0.075], "rotation": 90, "texture": "#1"},
				"down": {"uv": [0, 0, 0.3, 0.075], "rotation": 270, "texture": "#1"}
			}
		},
		{
			"from": [7.8, 5.29167, 8.3],
			"to": [8.2, 5.81667, 8.375],
			"rotation": {"angle": 0, "axis": "x", "origin": [8, 6.72083, 8]},
			"faces": {
				"north": {"uv": [0, 0, 0.4, 0.525], "rotation": 180, "texture": "#1"},
				"east": {"uv": [0, 0, 0.075, 0.525], "rotation": 180, "texture": "#1"},
				"south": {"uv": [0, 0, 0.4, 0.525], "rotation": 180, "texture": "#1"},
				"west": {"uv": [0, 0, 0.075, 0.525], "rotation": 180, "texture": "#1"},
				"up": {"uv": [0, 0, 0.4, 0.075], "texture": "#1"},
				"down": {"uv": [0, 0, 0.4, 0.075], "texture": "#1"}
			}
		},
		{
			"from": [7.8, 7.54167, 8.3],
			"to": [8.2, 8.31667, 8.375],
			"rotation": {"angle": 0, "axis": "x", "origin": [8, 6.72083, 8]},
			"faces": {
				"north": {"uv": [0, 0, 0.4, 0.775], "rotation": 180, "texture": "#1"},
				"east": {"uv": [0, 0, 0.075, 0.775], "rotation": 180, "texture": "#1"},
				"south": {"uv": [0, 0, 0.4, 0.775], "rotation": 180, "texture": "#1"},
				"west": {"uv": [0, 0, 0.075, 0.775], "rotation": 180, "texture": "#1"},
				"up": {"uv": [0, 0, 0.4, 0.075], "texture": "#1"},
				"down": {"uv": [0, 0, 0.4, 0.075], "texture": "#1"}
			}
		},
		{
			"from": [7.85, 5.81667, 8.25],
			"to": [8.15, 7.54167, 8.325],
			"rotation": {"angle": 0, "axis": "x", "origin": [8, 6.72083, 8]},
			"faces": {
				"north": {"uv": [0, 0, 0.3, 1.725], "rotation": 180, "texture": "#1"},
				"east": {"uv": [0, 0, 0.075, 1.725], "rotation": 180, "texture": "#1"},
				"south": {"uv": [0, 0, 0.3, 1.725], "rotation": 180, "texture": "#1"},
				"west": {"uv": [0, 0, 0.075, 1.725], "rotation": 180, "texture": "#1"},
				"up": {"uv": [0, 0, 0.3, 0.075], "texture": "#1"},
				"down": {"uv": [0, 0, 0.3, 0.075], "texture": "#1"}
			}
		},
		{
			"from": [7.625, 5.29167, 7.8],
			"to": [7.7, 5.81667, 8.2],
			"rotation": {"angle": 0, "axis": "x", "origin": [8, 6.72083, 8]},
			"faces": {
				"north": {"uv": [0, 0, 0.075, 0.525], "rotation": 180, "texture": "#1"},
				"east": {"uv": [0, 0, 0.4, 0.525], "rotation": 180, "texture": "#1"},
				"south": {"uv": [0, 0, 0.075, 0.525], "rotation": 180, "texture": "#1"},
				"west": {"uv": [0, 0, 0.4, 0.525], "rotation": 180, "texture": "#1"},
				"up": {"uv": [0, 0, 0.4, 0.075], "rotation": 90, "texture": "#1"},
				"down": {"uv": [0, 0, 0.4, 0.075], "rotation": 270, "texture": "#1"}
			}
		},
		{
			"from": [7.625, 7.54167, 7.8],
			"to": [7.7, 8.31667, 8.2],
			"rotation": {"angle": 0, "axis": "x", "origin": [8, 6.72083, 8]},
			"faces": {
				"north": {"uv": [0, 0, 0.075, 0.775], "rotation": 180, "texture": "#1"},
				"east": {"uv": [0, 0, 0.4, 0.775], "rotation": 180, "texture": "#1"},
				"south": {"uv": [0, 0, 0.075, 0.775], "rotation": 180, "texture": "#1"},
				"west": {"uv": [0, 0, 0.4, 0.775], "rotation": 180, "texture": "#1"},
				"up": {"uv": [0, 0, 0.4, 0.075], "rotation": 90, "texture": "#1"},
				"down": {"uv": [0, 0, 0.4, 0.075], "rotation": 270, "texture": "#1"}
			}
		},
		{
			"from": [7.675, 5.81667, 7.85],
			"to": [7.75, 7.54167, 8.15],
			"rotation": {"angle": 0, "axis": "x", "origin": [8, 6.72083, 8]},
			"faces": {
				"north": {"uv": [0, 0, 0.075, 1.725], "rotation": 180, "texture": "#1"},
				"east": {"uv": [0, 0, 0.3, 1.725], "rotation": 180, "texture": "#1"},
				"south": {"uv": [0, 0, 0.075, 1.725], "rotation": 180, "texture": "#1"},
				"west": {"uv": [0, 0, 0.3, 1.725], "rotation": 180, "texture": "#1"},
				"up": {"uv": [0, 0, 0.3, 0.075], "rotation": 90, "texture": "#1"},
				"down": {"uv": [0, 0, 0.3, 0.075], "rotation": 270, "texture": "#1"}
			}
		},
		{
			"from": [7.7, 5.29167, 7.7],
			"to": [8.3, 5.81667, 8.3],
			"rotation": {"angle": 0, "axis": "x", "origin": [8, 6.72083, 8]},
			"faces": {
				"north": {"uv": [0, 0, 0.6, 0.525], "rotation": 180, "texture": "#1"},
				"east": {"uv": [0, 0, 0.6, 0.525], "rotation": 180, "texture": "#1"},
				"south": {"uv": [0, 0, 0.6, 0.525], "rotation": 180, "texture": "#1"},
				"west": {"uv": [0, 0, 0.6, 0.525], "rotation": 180, "texture": "#1"},
				"up": {"uv": [0, 0, 0.6, 0.6], "texture": "#1"},
				"down": {"uv": [0, 0, 0.6, 0.6], "texture": "#1"}
			}
		},
		{
			"from": [7.7, 7.54167, 7.7],
			"to": [8.3, 8.31667, 8.3],
			"rotation": {"angle": 0, "axis": "x", "origin": [8, 6.72083, 8]},
			"faces": {
				"north": {"uv": [0, 0, 0.6, 0.775], "rotation": 180, "texture": "#1"},
				"east": {"uv": [0, 0, 0.6, 0.775], "rotation": 180, "texture": "#1"},
				"south": {"uv": [0, 0, 0.6, 0.775], "rotation": 180, "texture": "#1"},
				"west": {"uv": [0, 0, 0.6, 0.775], "rotation": 180, "texture": "#1"},
				"up": {"uv": [0, 0, 0.6, 0.6], "texture": "#1"},
				"down": {"uv": [0, 0, 0.6, 0.6], "texture": "#1"}
			}
		},
		{
			"from": [7.75, 5.81667, 7.75],
			"to": [8.25, 7.54167, 8.25],
			"rotation": {"angle": 0, "axis": "x", "origin": [8, 6.72083, 8]},
			"faces": {
				"north": {"uv": [0, 0, 0.5, 1.725], "rotation": 180, "texture": "#1"},
				"east": {"uv": [0, 0, 0.5, 1.725], "rotation": 180, "texture": "#1"},
				"south": {"uv": [0, 0, 0.5, 1.725], "rotation": 180, "texture": "#1"},
				"west": {"uv": [0, 0, 0.5, 1.725], "rotation": 180, "texture": "#1"},
				"up": {"uv": [0, 0, 0.5, 0.5], "texture": "#1"},
				"down": {"uv": [0, 0, 0.5, 0.5], "texture": "#1"}
			}
		},
		{
			"from": [7.6, 5.125, 7.55],
			"to": [7.7, 5.375, 7.6],
			"rotation": {"angle": 0, "axis": "y", "origin": [8.09598, 5.20198, 5.09827]},
			"faces": {
				"north": {"uv": [8.3, 10.625, 8.4, 10.875], "texture": "#0"},
				"east": {"uv": [4.4, 10.625, 4.45, 10.875], "texture": "#0"},
				"south": {"uv": [7.6, 10.625, 7.7, 10.875], "texture": "#0"},
				"west": {"uv": [11.55, 10.625, 11.6, 10.875], "texture": "#0"},
				"up": {"uv": [7.6, 11.55, 7.7, 11.6], "texture": "#0"},
				"down": {"uv": [7.6, 4.4, 7.7, 4.45], "texture": "#0"}
			}
		},
		{
			"from": [7.6, 5.075, 7.6],
			"to": [7.7, 5.425, 7.7],
			"rotation": {"angle": 0, "axis": "y", "origin": [8.09598, 5.20198, 5.09827]},
			"faces": {
				"north": {"uv": [8.3, 10.575, 8.4, 10.925], "texture": "#0"},
				"east": {"uv": [4.3, 10.575, 4.4, 10.925], "texture": "#0"},
				"south": {"uv": [7.6, 10.575, 7.7, 10.925], "texture": "#0"},
				"west": {"uv": [11.6, 10.575, 11.7, 10.925], "texture": "#0"},
				"up": {"uv": [7.6, 11.6, 7.7, 11.7], "texture": "#0"},
				"down": {"uv": [7.6, 4.3, 7.7, 4.4], "texture": "#0"}
			}
		},
		{
			"from": [7.55, 5.125, 7.6],
			"to": [7.6, 5.375, 7.7],
			"rotation": {"angle": 0, "axis": "y", "origin": [8.09598, 5.20198, 5.09827]},
			"faces": {
				"north": {"uv": [8.4, 10.625, 8.45, 10.875], "texture": "#0"},
				"east": {"uv": [4.3, 10.625, 4.4, 10.875], "texture": "#0"},
				"south": {"uv": [7.55, 10.625, 7.6, 10.875], "texture": "#0"},
				"west": {"uv": [11.6, 10.625, 11.7, 10.875], "texture": "#0"},
				"up": {"uv": [7.55, 11.6, 7.6, 11.7], "texture": "#0"},
				"down": {"uv": [7.55, 4.3, 7.6, 4.4], "texture": "#0"}
			}
		},
		{
			"from": [7.5, 5.1, 7.7],
			"to": [7.55, 5.4, 8.3],
			"rotation": {"angle": 0, "axis": "x", "origin": [8.19598, 5.20198, 4.99827]},
			"faces": {
				"north": {"uv": [8.45, 10.6, 8.5, 10.9], "rotation": 90, "texture": "#0"},
				"east": {"uv": [3.7, 10.6, 4.3, 10.9], "rotation": 90, "texture": "#0"},
				"south": {"uv": [7.5, 10.6, 7.55, 10.9], "rotation": 90, "texture": "#0"},
				"west": {"uv": [11.7, 10.6, 12.3, 10.9], "rotation": 90, "texture": "#0"},
				"up": {"uv": [7.5, 11.7, 7.55, 12.3], "rotation": 90, "texture": "#0"},
				"down": {"uv": [7.5, 3.7, 7.55, 4.3], "rotation": 90, "texture": "#0"}
			}
		},
		{
			"from": [7.55, 5.05, 7.7],
			"to": [7.75, 5.45, 8.3],
			"rotation": {"angle": 0, "axis": "x", "origin": [8.09598, 5.20198, 4.99827]},
			"faces": {
				"north": {"uv": [8.25, 10.55, 8.45, 10.95], "texture": "#0"},
				"east": {"uv": [3.7, 10.55, 4.3, 10.95], "texture": "#0"},
				"south": {"uv": [7.55, 10.55, 7.75, 10.95], "texture": "#0"},
				"west": {"uv": [11.7, 10.55, 12.3, 10.95], "texture": "#0"},
				"up": {"uv": [7.55, 11.7, 7.75, 12.3], "texture": "#0"},
				"down": {"uv": [7.55, 3.7, 7.75, 4.3], "texture": "#0"}
			}
		},
		{
			"from": [7.7, 5.05, 7.55],
			"to": [8.3, 5.45, 7.75],
			"rotation": {"angle": 0, "axis": "y", "origin": [7.99598, 5.20198, 5.09827]},
			"faces": {
				"north": {"uv": [7.7, 10.55, 8.3, 10.95], "rotation": 270, "texture": "#0"},
				"east": {"uv": [4.25, 10.55, 4.45, 10.95], "rotation": 270, "texture": "#0"},
				"south": {"uv": [7.7, 10.55, 8.3, 10.95], "rotation": 270, "texture": "#0"},
				"west": {"uv": [11.55, 10.55, 11.75, 10.95], "rotation": 270, "texture": "#0"},
				"up": {"uv": [7.7, 11.55, 8.3, 11.75], "rotation": 270, "texture": "#0"},
				"down": {"uv": [7.7, 4.25, 8.3, 4.45], "rotation": 270, "texture": "#0"}
			}
		},
		{
			"from": [7.7, 5.1, 7.5],
			"to": [8.3, 5.4, 7.55],
			"rotation": {"angle": 0, "axis": "y", "origin": [7.99598, 5.20198, 5.19827]},
			"faces": {
				"north": {"uv": [7.7, 10.6, 8.3, 10.9], "texture": "#0"},
				"east": {"uv": [4.45, 10.6, 4.5, 10.9], "texture": "#0"},
				"south": {"uv": [7.7, 10.6, 8.3, 10.9], "texture": "#0"},
				"west": {"uv": [11.5, 10.6, 11.55, 10.9], "texture": "#0"},
				"up": {"uv": [7.7, 11.5, 8.3, 11.55], "texture": "#0"},
				"down": {"uv": [7.7, 4.45, 8.3, 4.5], "texture": "#0"}
			}
		},
		{
			"from": [8.3, 5.125, 7.55],
			"to": [8.4, 5.375, 7.6],
			"rotation": {"angle": 0, "axis": "y", "origin": [7.89598, 5.20198, 5.09827]},
			"faces": {
				"north": {"uv": [7.6, 10.625, 7.7, 10.875], "rotation": 270, "texture": "#0"},
				"east": {"uv": [4.4, 10.625, 4.45, 10.875], "rotation": 270, "texture": "#0"},
				"south": {"uv": [8.3, 10.625, 8.4, 10.875], "rotation": 270, "texture": "#0"},
				"west": {"uv": [11.55, 10.625, 11.6, 10.875], "rotation": 270, "texture": "#0"},
				"up": {"uv": [8.3, 11.55, 8.4, 11.6], "rotation": 270, "texture": "#0"},
				"down": {"uv": [8.3, 4.4, 8.4, 4.45], "rotation": 270, "texture": "#0"}
			}
		},
		{
			"from": [8.3, 5.075, 7.6],
			"to": [8.4, 5.425, 7.7],
			"rotation": {"angle": 0, "axis": "y", "origin": [7.89598, 5.20198, 5.09827]},
			"faces": {
				"north": {"uv": [7.6, 10.575, 7.7, 10.925], "rotation": 270, "texture": "#0"},
				"east": {"uv": [4.3, 10.575, 4.4, 10.925], "rotation": 270, "texture": "#0"},
				"south": {"uv": [8.3, 10.575, 8.4, 10.925], "rotation": 270, "texture": "#0"},
				"west": {"uv": [11.6, 10.575, 11.7, 10.925], "rotation": 270, "texture": "#0"},
				"up": {"uv": [8.3, 11.6, 8.4, 11.7], "rotation": 270, "texture": "#0"},
				"down": {"uv": [8.3, 4.3, 8.4, 4.4], "rotation": 270, "texture": "#0"}
			}
		},
		{
			"from": [8.25, 5.05, 7.7],
			"to": [8.45, 5.45, 8.3],
			"rotation": {"angle": 0, "axis": "x", "origin": [7.89598, 5.20198, 4.99827]},
			"faces": {
				"north": {"uv": [7.55, 10.55, 7.75, 10.95], "texture": "#0"},
				"east": {"uv": [3.7, 10.55, 4.3, 10.95], "texture": "#0"},
				"south": {"uv": [8.25, 10.55, 8.45, 10.95], "texture": "#0"},
				"west": {"uv": [11.7, 10.55, 12.3, 10.95], "texture": "#0"},
				"up": {"uv": [8.25, 11.7, 8.45, 12.3], "texture": "#0"},
				"down": {"uv": [8.25, 3.7, 8.45, 4.3], "texture": "#0"}
			}
		},
		{
			"from": [8.4, 5.125, 7.6],
			"to": [8.45, 5.375, 7.7],
			"rotation": {"angle": 0, "axis": "y", "origin": [7.89598, 5.20198, 5.09827]},
			"faces": {
				"north": {"uv": [7.55, 10.625, 7.6, 10.875], "rotation": 270, "texture": "#0"},
				"east": {"uv": [4.3, 10.625, 4.4, 10.875], "rotation": 270, "texture": "#0"},
				"south": {"uv": [8.4, 10.625, 8.45, 10.875], "rotation": 270, "texture": "#0"},
				"west": {"uv": [11.6, 10.625, 11.7, 10.875], "rotation": 270, "texture": "#0"},
				"up": {"uv": [8.4, 11.6, 8.45, 11.7], "rotation": 270, "texture": "#0"},
				"down": {"uv": [8.4, 4.3, 8.45, 4.4], "rotation": 270, "texture": "#0"}
			}
		},
		{
			"from": [8.45, 5.1, 7.7],
			"to": [8.5, 5.4, 8.3],
			"rotation": {"angle": 0, "axis": "x", "origin": [7.79598, 5.20198, 4.99827]},
			"faces": {
				"north": {"uv": [7.5, 10.6, 7.55, 10.9], "rotation": 90, "texture": "#0"},
				"east": {"uv": [3.7, 10.6, 4.3, 10.9], "rotation": 90, "texture": "#0"},
				"south": {"uv": [8.45, 10.6, 8.5, 10.9], "rotation": 90, "texture": "#0"},
				"west": {"uv": [11.7, 10.6, 12.3, 10.9], "rotation": 90, "texture": "#0"},
				"up": {"uv": [8.45, 11.7, 8.5, 12.3], "rotation": 90, "texture": "#0"},
				"down": {"uv": [8.45, 3.7, 8.5, 4.3], "rotation": 90, "texture": "#0"}
			}
		},
		{
			"from": [8.4, 5.125, 8.3],
			"to": [8.45, 5.375, 8.4],
			"rotation": {"angle": 0, "axis": "y", "origin": [7.89598, 5.20198, 4.89827]},
			"faces": {
				"north": {"uv": [7.55, 10.625, 7.6, 10.875], "rotation": 270, "texture": "#0"},
				"east": {"uv": [3.6, 10.625, 3.7, 10.875], "rotation": 270, "texture": "#0"},
				"south": {"uv": [8.4, 10.625, 8.45, 10.875], "rotation": 270, "texture": "#0"},
				"west": {"uv": [12.3, 10.625, 12.4, 10.875], "rotation": 270, "texture": "#0"},
				"up": {"uv": [8.4, 12.3, 8.45, 12.4], "rotation": 270, "texture": "#0"},
				"down": {"uv": [8.4, 3.6, 8.45, 3.7], "rotation": 270, "texture": "#0"}
			}
		},
		{
			"from": [8.3, 5.075, 8.3],
			"to": [8.4, 5.425, 8.4],
			"rotation": {"angle": 0, "axis": "y", "origin": [7.89598, 5.20198, 4.89827]},
			"faces": {
				"north": {"uv": [7.6, 10.575, 7.7, 10.925], "rotation": 270, "texture": "#0"},
				"east": {"uv": [3.6, 10.575, 3.7, 10.925], "rotation": 270, "texture": "#0"},
				"south": {"uv": [8.3, 10.575, 8.4, 10.925], "rotation": 270, "texture": "#0"},
				"west": {"uv": [12.3, 10.575, 12.4, 10.925], "rotation": 270, "texture": "#0"},
				"up": {"uv": [8.3, 12.3, 8.4, 12.4], "rotation": 270, "texture": "#0"},
				"down": {"uv": [8.3, 3.6, 8.4, 3.7], "rotation": 270, "texture": "#0"}
			}
		},
		{
			"from": [8.3, 5.125, 8.4],
			"to": [8.4, 5.375, 8.45],
			"rotation": {"angle": 0, "axis": "y", "origin": [7.89598, 5.20198, 4.89827]},
			"faces": {
				"north": {"uv": [7.6, 10.625, 7.7, 10.875], "rotation": 270, "texture": "#0"},
				"east": {"uv": [3.55, 10.625, 3.6, 10.875], "rotation": 270, "texture": "#0"},
				"south": {"uv": [8.3, 10.625, 8.4, 10.875], "rotation": 270, "texture": "#0"},
				"west": {"uv": [12.4, 10.625, 12.45, 10.875], "rotation": 270, "texture": "#0"},
				"up": {"uv": [8.3, 12.4, 8.4, 12.45], "rotation": 270, "texture": "#0"},
				"down": {"uv": [8.3, 3.55, 8.4, 3.6], "rotation": 270, "texture": "#0"}
			}
		},
		{
			"from": [7.7, 5.05, 8.25],
			"to": [8.3, 5.45, 8.45],
			"rotation": {"angle": 0, "axis": "y", "origin": [7.99598, 5.20198, 4.89827]},
			"faces": {
				"north": {"uv": [7.7, 10.55, 8.3, 10.95], "rotation": 270, "texture": "#0"},
				"east": {"uv": [3.55, 10.55, 3.75, 10.95], "rotation": 270, "texture": "#0"},
				"south": {"uv": [7.7, 10.55, 8.3, 10.95], "rotation": 270, "texture": "#0"},
				"west": {"uv": [12.25, 10.55, 12.45, 10.95], "rotation": 270, "texture": "#0"},
				"up": {"uv": [7.7, 12.25, 8.3, 12.45], "rotation": 270, "texture": "#0"},
				"down": {"uv": [7.7, 3.55, 8.3, 3.75], "rotation": 270, "texture": "#0"}
			}
		},
		{
			"from": [7.6, 5.075, 8.3],
			"to": [7.7, 5.425, 8.4],
			"rotation": {"angle": 0, "axis": "y", "origin": [8.09598, 5.20198, 4.89827]},
			"faces": {
				"north": {"uv": [8.3, 10.575, 8.4, 10.925], "texture": "#0"},
				"east": {"uv": [3.6, 10.575, 3.7, 10.925], "texture": "#0"},
				"south": {"uv": [7.6, 10.575, 7.7, 10.925], "texture": "#0"},
				"west": {"uv": [12.3, 10.575, 12.4, 10.925], "texture": "#0"},
				"up": {"uv": [7.6, 12.3, 7.7, 12.4], "texture": "#0"},
				"down": {"uv": [7.6, 3.6, 7.7, 3.7], "texture": "#0"}
			}
		},
		{
			"from": [7.55, 5.125, 8.3],
			"to": [7.6, 5.375, 8.4],
			"rotation": {"angle": 0, "axis": "y", "origin": [8.09598, 5.20198, 4.89827]},
			"faces": {
				"north": {"uv": [8.4, 10.625, 8.45, 10.875], "texture": "#0"},
				"east": {"uv": [3.6, 10.625, 3.7, 10.875], "texture": "#0"},
				"south": {"uv": [7.55, 10.625, 7.6, 10.875], "texture": "#0"},
				"west": {"uv": [12.3, 10.625, 12.4, 10.875], "texture": "#0"},
				"up": {"uv": [7.55, 12.3, 7.6, 12.4], "texture": "#0"},
				"down": {"uv": [7.55, 3.6, 7.6, 3.7], "texture": "#0"}
			}
		},
		{
			"from": [7.6, 5.125, 8.4],
			"to": [7.7, 5.375, 8.45],
			"rotation": {"angle": 0, "axis": "y", "origin": [8.09598, 5.20198, 4.89827]},
			"faces": {
				"north": {"uv": [8.3, 10.625, 8.4, 10.875], "texture": "#0"},
				"east": {"uv": [3.55, 10.625, 3.6, 10.875], "texture": "#0"},
				"south": {"uv": [7.6, 10.625, 7.7, 10.875], "texture": "#0"},
				"west": {"uv": [12.4, 10.625, 12.45, 10.875], "texture": "#0"},
				"up": {"uv": [7.6, 12.4, 7.7, 12.45], "texture": "#0"},
				"down": {"uv": [7.6, 3.55, 7.7, 3.6], "texture": "#0"}
			}
		},
		{
			"from": [7.7, 5.1, 8.45],
			"to": [8.3, 5.4, 8.5],
			"rotation": {"angle": 0, "axis": "y", "origin": [7.99598, 5.20198, 4.79827]},
			"faces": {
				"north": {"uv": [7.7, 10.6, 8.3, 10.9], "texture": "#0"},
				"east": {"uv": [3.5, 10.6, 3.55, 10.9], "texture": "#0"},
				"south": {"uv": [7.7, 10.6, 8.3, 10.9], "texture": "#0"},
				"west": {"uv": [12.45, 10.6, 12.5, 10.9], "texture": "#0"},
				"up": {"uv": [7.7, 12.45, 8.3, 12.5], "texture": "#0"},
				"down": {"uv": [7.7, 3.5, 8.3, 3.55], "texture": "#0"}
			}
		},
		{
			"from": [7.8, 4.625, 8.3],
			"to": [8.2, 5.15, 8.375],
			"rotation": {"angle": 0, "axis": "y", "origin": [8, 5.225, 8]},
			"faces": {
				"north": {"uv": [0, 0, 0.4, 0.525], "texture": "#1"},
				"east": {"uv": [0, 0, 0.075, 0.525], "texture": "#1"},
				"south": {"uv": [0, 0, 0.4, 0.525], "texture": "#1"},
				"west": {"uv": [0, 0, 0.075, 0.525], "texture": "#1"},
				"up": {"uv": [0, 0, 0.4, 0.075], "texture": "#1"},
				"down": {"uv": [0, 0, 0.4, 0.075], "texture": "#1"}
			}
		},
		{
			"from": [7.8, 2.125, 8.3],
			"to": [8.2, 2.9, 8.375],
			"rotation": {"angle": 0, "axis": "y", "origin": [8, 5.225, 8]},
			"faces": {
				"north": {"uv": [0, 0, 0.4, 0.775], "texture": "#1"},
				"east": {"uv": [0, 0, 0.075, 0.775], "texture": "#1"},
				"south": {"uv": [0, 0, 0.4, 0.775], "texture": "#1"},
				"west": {"uv": [0, 0, 0.075, 0.775], "texture": "#1"},
				"up": {"uv": [0, 0, 0.4, 0.075], "texture": "#1"},
				"down": {"uv": [0, 0, 0.4, 0.075], "texture": "#1"}
			}
		},
		{
			"from": [7.85, 2.9, 8.25],
			"to": [8.15, 4.625, 8.325],
			"rotation": {"angle": 0, "axis": "y", "origin": [8, 6.225, 7.95]},
			"faces": {
				"north": {"uv": [0, 0, 0.3, 1.725], "texture": "#1"},
				"east": {"uv": [0, 0, 0.075, 1.725], "texture": "#1"},
				"south": {"uv": [0, 0, 0.3, 1.725], "texture": "#1"},
				"west": {"uv": [0, 0, 0.075, 1.725], "texture": "#1"},
				"up": {"uv": [0, 0, 0.3, 0.075], "texture": "#1"},
				"down": {"uv": [0, 0, 0.3, 0.075], "texture": "#1"}
			}
		},
		{
			"from": [8.3, 4.625, 7.8],
			"to": [8.375, 5.15, 8.2],
			"rotation": {"angle": 0, "axis": "y", "origin": [8, 5.225, 8]},
			"faces": {
				"north": {"uv": [0, 0, 0.075, 0.525], "texture": "#1"},
				"east": {"uv": [0, 0, 0.4, 0.525], "texture": "#1"},
				"south": {"uv": [0, 0, 0.075, 0.525], "texture": "#1"},
				"west": {"uv": [0, 0, 0.4, 0.525], "texture": "#1"},
				"up": {"uv": [0, 0, 0.4, 0.075], "rotation": 270, "texture": "#1"},
				"down": {"uv": [0, 0, 0.4, 0.075], "rotation": 90, "texture": "#1"}
			}
		},
		{
			"from": [8.3, 2.125, 7.8],
			"to": [8.375, 2.9, 8.2],
			"rotation": {"angle": 0, "axis": "y", "origin": [8, 5.225, 8]},
			"faces": {
				"north": {"uv": [0, 0, 0.075, 0.775], "texture": "#1"},
				"east": {"uv": [0, 0, 0.4, 0.775], "texture": "#1"},
				"south": {"uv": [0, 0, 0.075, 0.775], "texture": "#1"},
				"west": {"uv": [0, 0, 0.4, 0.775], "texture": "#1"},
				"up": {"uv": [0, 0, 0.4, 0.075], "rotation": 270, "texture": "#1"},
				"down": {"uv": [0, 0, 0.4, 0.075], "rotation": 90, "texture": "#1"}
			}
		},
		{
			"from": [8.25, 2.9, 7.85],
			"to": [8.325, 4.625, 8.15],
			"rotation": {"angle": 0, "axis": "y", "origin": [7.95, 6.225, 8]},
			"faces": {
				"north": {"uv": [0, 0, 0.075, 1.725], "texture": "#1"},
				"east": {"uv": [0, 0, 0.3, 1.725], "texture": "#1"},
				"south": {"uv": [0, 0, 0.075, 1.725], "texture": "#1"},
				"west": {"uv": [0, 0, 0.3, 1.725], "texture": "#1"},
				"up": {"uv": [0, 0, 0.3, 0.075], "rotation": 270, "texture": "#1"},
				"down": {"uv": [0, 0, 0.3, 0.075], "rotation": 90, "texture": "#1"}
			}
		},
		{
			"from": [7.8, 4.625, 7.625],
			"to": [8.2, 5.15, 7.7],
			"rotation": {"angle": 0, "axis": "y", "origin": [8, 5.225, 8]},
			"faces": {
				"north": {"uv": [0, 0, 0.4, 0.525], "texture": "#1"},
				"east": {"uv": [0, 0, 0.075, 0.525], "texture": "#1"},
				"south": {"uv": [0, 0, 0.4, 0.525], "texture": "#1"},
				"west": {"uv": [0, 0, 0.075, 0.525], "texture": "#1"},
				"up": {"uv": [0, 0, 0.4, 0.075], "texture": "#1"},
				"down": {"uv": [0, 0, 0.4, 0.075], "texture": "#1"}
			}
		},
		{
			"from": [7.8, 2.125, 7.625],
			"to": [8.2, 2.9, 7.7],
			"rotation": {"angle": 0, "axis": "y", "origin": [8, 5.225, 8]},
			"faces": {
				"north": {"uv": [0, 0, 0.4, 0.775], "texture": "#1"},
				"east": {"uv": [0, 0, 0.075, 0.775], "texture": "#1"},
				"south": {"uv": [0, 0, 0.4, 0.775], "texture": "#1"},
				"west": {"uv": [0, 0, 0.075, 0.775], "texture": "#1"},
				"up": {"uv": [0, 0, 0.4, 0.075], "texture": "#1"},
				"down": {"uv": [0, 0, 0.4, 0.075], "texture": "#1"}
			}
		},
		{
			"from": [7.85, 2.9, 7.675],
			"to": [8.15, 4.625, 7.75],
			"rotation": {"angle": 0, "axis": "y", "origin": [8, 6.225, 8.05]},
			"faces": {
				"north": {"uv": [0, 0, 0.3, 1.725], "texture": "#1"},
				"east": {"uv": [0, 0, 0.075, 1.725], "texture": "#1"},
				"south": {"uv": [0, 0, 0.3, 1.725], "texture": "#1"},
				"west": {"uv": [0, 0, 0.075, 1.725], "texture": "#1"},
				"up": {"uv": [0, 0, 0.3, 0.075], "texture": "#1"},
				"down": {"uv": [0, 0, 0.3, 0.075], "texture": "#1"}
			}
		},
		{
			"from": [7.625, 4.625, 7.8],
			"to": [7.7, 5.15, 8.2],
			"rotation": {"angle": 0, "axis": "y", "origin": [8, 5.225, 8]},
			"faces": {
				"north": {"uv": [0, 0, 0.075, 0.525], "texture": "#1"},
				"east": {"uv": [0, 0, 0.4, 0.525], "texture": "#1"},
				"south": {"uv": [0, 0, 0.075, 0.525], "texture": "#1"},
				"west": {"uv": [0, 0, 0.4, 0.525], "texture": "#1"},
				"up": {"uv": [0, 0, 0.4, 0.075], "rotation": 270, "texture": "#1"},
				"down": {"uv": [0, 0, 0.4, 0.075], "rotation": 90, "texture": "#1"}
			}
		},
		{
			"from": [7.625, 2.125, 7.8],
			"to": [7.7, 2.9, 8.2],
			"rotation": {"angle": 0, "axis": "y", "origin": [8, 5.225, 8]},
			"faces": {
				"north": {"uv": [0, 0, 0.075, 0.775], "texture": "#1"},
				"east": {"uv": [0, 0, 0.4, 0.775], "texture": "#1"},
				"south": {"uv": [0, 0, 0.075, 0.775], "texture": "#1"},
				"west": {"uv": [0, 0, 0.4, 0.775], "texture": "#1"},
				"up": {"uv": [0, 0, 0.4, 0.075], "rotation": 270, "texture": "#1"},
				"down": {"uv": [0, 0, 0.4, 0.075], "rotation": 90, "texture": "#1"}
			}
		},
		{
			"from": [7.675, 2.9, 7.85],
			"to": [7.75, 4.625, 8.15],
			"rotation": {"angle": 0, "axis": "y", "origin": [8.05, 6.225, 8]},
			"faces": {
				"north": {"uv": [0, 0, 0.075, 1.725], "texture": "#1"},
				"east": {"uv": [0, 0, 0.3, 1.725], "texture": "#1"},
				"south": {"uv": [0, 0, 0.075, 1.725], "texture": "#1"},
				"west": {"uv": [0, 0, 0.3, 1.725], "texture": "#1"},
				"up": {"uv": [0, 0, 0.3, 0.075], "rotation": 270, "texture": "#1"},
				"down": {"uv": [0, 0, 0.3, 0.075], "rotation": 90, "texture": "#1"}
			}
		},
		{
			"from": [7.7, 4.625, 7.7],
			"to": [8.3, 5.15, 8.3],
			"rotation": {"angle": 0, "axis": "x", "origin": [7.99598, 5.12698, 7.99827]},
			"faces": {
				"north": {"uv": [0, 0, 0.6, 0.525], "texture": "#1"},
				"east": {"uv": [0, 0, 0.6, 0.525], "texture": "#1"},
				"south": {"uv": [0, 0, 0.6, 0.525], "texture": "#1"},
				"west": {"uv": [0, 0, 0.6, 0.525], "texture": "#1"},
				"up": {"uv": [0, 0, 0.6, 0.6], "texture": "#1"},
				"down": {"uv": [0, 0, 0.6, 0.6], "texture": "#1"}
			}
		},
		{
			"from": [7.7, 2.125, 7.7],
			"to": [8.3, 2.9, 8.3],
			"rotation": {"angle": 0, "axis": "x", "origin": [7.99598, 5.12698, 7.99827]},
			"faces": {
				"north": {"uv": [0, 0, 0.6, 0.775], "texture": "#1"},
				"east": {"uv": [0, 0, 0.6, 0.775], "texture": "#1"},
				"south": {"uv": [0, 0, 0.6, 0.775], "texture": "#1"},
				"west": {"uv": [0, 0, 0.6, 0.775], "texture": "#1"},
				"up": {"uv": [0, 0, 0.6, 0.6], "texture": "#1"},
				"down": {"uv": [0, 0, 0.6, 0.6], "texture": "#1"}
			}
		},
		{
			"from": [7.75, 2.9, 7.75],
			"to": [8.25, 4.625, 8.25],
			"rotation": {"angle": 0, "axis": "x", "origin": [7.99598, 6.12698, 7.99827]},
			"faces": {
				"north": {"uv": [0, 0, 0.5, 1.725], "texture": "#1"},
				"east": {"uv": [0, 0, 0.5, 1.725], "texture": "#1"},
				"south": {"uv": [0, 0, 0.5, 1.725], "texture": "#1"},
				"west": {"uv": [0, 0, 0.5, 1.725], "texture": "#1"},
				"up": {"uv": [0, 0, 0.5, 0.5], "texture": "#1"},
				"down": {"uv": [0, 0, 0.5, 0.5], "texture": "#1"}
			}
		},
		{
			"from": [8.44976, 1.67098, 8.09973],
			"to": [8.54976, 1.87098, 8.39973],
			"rotation": {"angle": 0, "axis": "x", "origin": [7.9817, 1.77098, 7.99973]},
			"faces": {
				"north": {"uv": [7.45024, 14.12902, 7.55024, 14.32902], "rotation": 90, "texture": "#0"},
				"east": {"uv": [3.60027, 14.12902, 3.90027, 14.32902], "rotation": 90, "texture": "#0"},
				"south": {"uv": [8.44976, 14.12902, 8.54976, 14.32902], "rotation": 90, "texture": "#0"},
				"west": {"uv": [12.09973, 14.12902, 12.39973, 14.32902], "rotation": 270, "texture": "#0"},
				"up": {"uv": [8.44976, 12.09973, 8.54976, 12.39973], "texture": "#0"},
				"down": {"uv": [8.44976, 3.60027, 8.54976, 3.90027], "rotation": 180, "texture": "#0"}
			}
		},
		{
			"from": [7.42476, 1.67098, 8.09973],
			"to": [7.49976, 1.87098, 8.39973],
			"rotation": {"angle": 0, "axis": "x", "origin": [7.9817, 1.77098, 7.99973]},
			"faces": {
				"north": {"uv": [8.50024, 14.12902, 8.57524, 14.32902], "rotation": 90, "texture": "#0"},
				"east": {"uv": [3.60027, 14.12902, 3.90027, 14.32902], "rotation": 90, "texture": "#0"},
				"south": {"uv": [7.42476, 14.12902, 7.49976, 14.32902], "rotation": 90, "texture": "#0"},
				"west": {"uv": [12.09973, 14.12902, 12.39973, 14.32902], "rotation": 270, "texture": "#0"},
				"up": {"uv": [7.42476, 12.09973, 7.49976, 12.39973], "texture": "#0"},
				"down": {"uv": [7.42476, 3.60027, 7.49976, 3.90027], "rotation": 180, "texture": "#0"}
			}
		},
		{
			"from": [8.44976, 1.67098, 7.59973],
			"to": [8.54976, 1.87098, 7.89973],
			"rotation": {"angle": 0, "axis": "x", "origin": [7.9817, 1.77098, 7.99973]},
			"faces": {
				"north": {"uv": [7.45024, 14.12902, 7.55024, 14.32902], "rotation": 270, "texture": "#0"},
				"east": {"uv": [4.10027, 14.12902, 4.40027, 14.32902], "rotation": 270, "texture": "#0"},
				"south": {"uv": [8.44976, 14.12902, 8.54976, 14.32902], "rotation": 270, "texture": "#0"},
				"west": {"uv": [11.59973, 14.12902, 11.89973, 14.32902], "rotation": 90, "texture": "#0"},
				"up": {"uv": [8.44976, 11.59973, 8.54976, 11.89973], "rotation": 180, "texture": "#0"},
				"down": {"uv": [8.44976, 4.10027, 8.54976, 4.40027], "texture": "#0"}
			}
		},
		{
			"from": [7.42476, 1.67098, 7.59973],
			"to": [7.49976, 1.87098, 7.89973],
			"rotation": {"angle": 0, "axis": "x", "origin": [7.9817, 1.77098, 7.99973]},
			"faces": {
				"north": {"uv": [8.50024, 14.12902, 8.57524, 14.32902], "rotation": 270, "texture": "#0"},
				"east": {"uv": [4.10027, 14.12902, 4.40027, 14.32902], "rotation": 270, "texture": "#0"},
				"south": {"uv": [7.42476, 14.12902, 7.49976, 14.32902], "rotation": 270, "texture": "#0"},
				"west": {"uv": [11.59973, 14.12902, 11.89973, 14.32902], "rotation": 90, "texture": "#0"},
				"up": {"uv": [7.42476, 11.59973, 7.49976, 11.89973], "rotation": 180, "texture": "#0"},
				"down": {"uv": [7.42476, 4.10027, 7.49976, 4.40027], "texture": "#0"}
			}
		},
		{
			"from": [7.47476, 2.07098, 7.79973],
			"to": [8.49976, 2.27098, 8.19973],
			"rotation": {"angle": 22.5, "axis": "x", "origin": [7.98726, 1.78814, 7.99973]},
			"faces": {
				"north": {"uv": [7.50024, 13.72902, 8.52524, 13.92902], "rotation": 90, "texture": "#0"},
				"east": {"uv": [3.80027, 13.72902, 4.20027, 13.92902], "rotation": 270, "texture": "#0"},
				"south": {"uv": [7.47476, 13.72902, 8.49976, 13.92902], "rotation": 270, "texture": "#0"},
				"west": {"uv": [11.79973, 13.72902, 12.19973, 13.92902], "rotation": 270, "texture": "#0"},
				"up": {"uv": [7.47476, 11.79973, 8.49976, 12.19973], "rotation": 270, "texture": "#0"},
				"down": {"uv": [7.47476, 3.80027, 8.49976, 4.20027], "rotation": 270, "texture": "#0"}
			}
		},
		{
			"from": [7.47476, 2.07098, 7.79973],
			"to": [8.49976, 2.27098, 8.19973],
			"rotation": {"angle": -22.5, "axis": "x", "origin": [7.98726, 1.78814, 7.99973]},
			"faces": {
				"north": {"uv": [7.50024, 13.72902, 8.52524, 13.92902], "rotation": 90, "texture": "#0"},
				"east": {"uv": [3.80027, 13.72902, 4.20027, 13.92902], "rotation": 270, "texture": "#0"},
				"south": {"uv": [7.47476, 13.72902, 8.49976, 13.92902], "rotation": 270, "texture": "#0"},
				"west": {"uv": [11.79973, 13.72902, 12.19973, 13.92902], "rotation": 270, "texture": "#0"},
				"up": {"uv": [7.47476, 11.79973, 8.49976, 12.19973], "rotation": 270, "texture": "#0"},
				"down": {"uv": [7.47476, 3.80027, 8.49976, 4.20027], "rotation": 270, "texture": "#0"}
			}
		},
		{
			"from": [7.47476, 1.58814, 7.51689],
			"to": [8.49976, 1.98814, 7.71689],
			"rotation": {"angle": 22.5, "axis": "x", "origin": [7.98726, 1.78814, 7.99973]},
			"faces": {
				"north": {"uv": [7.50024, 14.01186, 8.52524, 14.41186], "rotation": 90, "texture": "#0"},
				"east": {"uv": [4.28311, 14.01186, 4.48311, 14.41186], "texture": "#0"},
				"south": {"uv": [7.47476, 14.01186, 8.49976, 14.41186], "rotation": 270, "texture": "#0"},
				"west": {"uv": [11.51689, 14.01186, 11.71689, 14.41186], "rotation": 180, "texture": "#0"},
				"up": {"uv": [7.47476, 11.51689, 8.49976, 11.71689], "rotation": 270, "texture": "#0"},
				"down": {"uv": [7.47476, 4.28311, 8.49976, 4.48311], "rotation": 270, "texture": "#0"}
			}
		},
		{
			"from": [7.47476, 1.58814, 7.51689],
			"to": [8.49976, 1.98814, 7.71689],
			"rotation": {"angle": -22.5, "axis": "x", "origin": [7.98726, 1.78814, 7.99973]},
			"faces": {
				"north": {"uv": [7.50024, 14.01186, 8.52524, 14.41186], "rotation": 90, "texture": "#0"},
				"east": {"uv": [4.28311, 14.01186, 4.48311, 14.41186], "texture": "#0"},
				"south": {"uv": [7.47476, 14.01186, 8.49976, 14.41186], "rotation": 270, "texture": "#0"},
				"west": {"uv": [11.51689, 14.01186, 11.71689, 14.41186], "rotation": 180, "texture": "#0"},
				"up": {"uv": [7.47476, 11.51689, 8.49976, 11.71689], "rotation": 270, "texture": "#0"},
				"down": {"uv": [7.47476, 4.28311, 8.49976, 4.48311], "rotation": 270, "texture": "#0"}
			}
		},
		{
			"from": [7.47476, 1.30529, 7.79973],
			"to": [8.49976, 1.50529, 8.19973],
			"rotation": {"angle": 22.5, "axis": "x", "origin": [7.98726, 1.78814, 7.99973]},
			"faces": {
				"north": {"uv": [7.50024, 14.49471, 8.52524, 14.69471], "rotation": 90, "texture": "#0"},
				"east": {"uv": [3.80027, 14.49471, 4.20027, 14.69471], "rotation": 270, "texture": "#0"},
				"south": {"uv": [7.47476, 14.49471, 8.49976, 14.69471], "rotation": 270, "texture": "#0"},
				"west": {"uv": [11.79973, 14.49471, 12.19973, 14.69471], "rotation": 270, "texture": "#0"},
				"up": {"uv": [7.47476, 11.79973, 8.49976, 12.19973], "rotation": 270, "texture": "#0"},
				"down": {"uv": [7.47476, 3.80027, 8.49976, 4.20027], "rotation": 270, "texture": "#0"}
			}
		},
		{
			"from": [7.47476, 1.3053, 7.79973],
			"to": [8.49976, 1.5053, 8.19973],
			"rotation": {"angle": -22.5, "axis": "x", "origin": [7.98726, 1.78814, 7.99973]},
			"faces": {
				"north": {"uv": [7.50024, 14.4947, 8.52524, 14.6947], "rotation": 90, "texture": "#0"},
				"east": {"uv": [3.80027, 14.4947, 4.20027, 14.6947], "rotation": 270, "texture": "#0"},
				"south": {"uv": [7.47476, 14.4947, 8.49976, 14.6947], "rotation": 270, "texture": "#0"},
				"west": {"uv": [11.79973, 14.4947, 12.19973, 14.6947], "rotation": 270, "texture": "#0"},
				"up": {"uv": [7.47476, 11.79973, 8.49976, 12.19973], "rotation": 270, "texture": "#0"},
				"down": {"uv": [7.47476, 3.80027, 8.49976, 4.20027], "rotation": 270, "texture": "#0"}
			}
		},
		{
			"from": [7.47476, 1.58814, 8.28257],
			"to": [8.49976, 1.98814, 8.48257],
			"rotation": {"angle": 22.5, "axis": "x", "origin": [7.98726, 1.78814, 7.99973]},
			"faces": {
				"north": {"uv": [7.50024, 14.01186, 8.52524, 14.41186], "rotation": 90, "texture": "#0"},
				"east": {"uv": [3.51743, 14.01186, 3.71743, 14.41186], "texture": "#0"},
				"south": {"uv": [7.47476, 14.01186, 8.49976, 14.41186], "rotation": 270, "texture": "#0"},
				"west": {"uv": [12.28257, 14.01186, 12.48257, 14.41186], "rotation": 180, "texture": "#0"},
				"up": {"uv": [7.47476, 12.28257, 8.49976, 12.48257], "rotation": 270, "texture": "#0"},
				"down": {"uv": [7.47476, 3.51743, 8.49976, 3.71743], "rotation": 270, "texture": "#0"}
			}
		},
		{
			"from": [7.47476, 1.58814, 8.28257],
			"to": [8.49976, 1.98814, 8.48257],
			"rotation": {"angle": -22.5, "axis": "x", "origin": [7.98726, 1.78814, 7.99973]},
			"faces": {
				"north": {"uv": [7.50024, 14.01186, 8.52524, 14.41186], "rotation": 90, "texture": "#0"},
				"east": {"uv": [3.51743, 14.01186, 3.71743, 14.41186], "texture": "#0"},
				"south": {"uv": [7.47476, 14.01186, 8.49976, 14.41186], "rotation": 270, "texture": "#0"},
				"west": {"uv": [12.28257, 14.01186, 12.48257, 14.41186], "rotation": 180, "texture": "#0"},
				"up": {"uv": [7.47476, 12.28257, 8.49976, 12.48257], "rotation": 270, "texture": "#0"},
				"down": {"uv": [7.47476, 3.51743, 8.49976, 3.71743], "rotation": 270, "texture": "#0"}
			}
		},
		{
			"from": [8.44976, 1.37098, 7.89973],
			"to": [8.54976, 1.67098, 8.09973],
			"rotation": {"angle": 0, "axis": "x", "origin": [7.9817, 1.77098, 7.99973]},
			"faces": {
				"north": {"uv": [7.45024, 14.32902, 7.55024, 14.62902], "rotation": 180, "texture": "#0"},
				"east": {"uv": [3.90027, 14.32902, 4.10027, 14.62902], "rotation": 270, "texture": "#0"},
				"south": {"uv": [8.44976, 14.32902, 8.54976, 14.62902], "texture": "#0"},
				"west": {"uv": [11.89973, 14.32902, 12.09973, 14.62902], "rotation": 90, "texture": "#0"},
				"up": {"uv": [8.44976, 11.89973, 8.54976, 12.09973], "rotation": 180, "texture": "#0"},
				"down": {"uv": [8.44976, 3.90027, 8.54976, 4.10027], "texture": "#0"}
			}
		},
		{
			"from": [7.42476, 1.37098, 7.89973],
			"to": [7.49976, 1.67098, 8.09973],
			"rotation": {"angle": 0, "axis": "x", "origin": [7.9817, 1.77098, 7.99973]},
			"faces": {
				"north": {"uv": [8.50024, 14.32902, 8.57524, 14.62902], "rotation": 180, "texture": "#0"},
				"east": {"uv": [3.90027, 14.32902, 4.10027, 14.62902], "rotation": 270, "texture": "#0"},
				"south": {"uv": [7.42476, 14.32902, 7.49976, 14.62902], "texture": "#0"},
				"west": {"uv": [11.89973, 14.32902, 12.09973, 14.62902], "rotation": 90, "texture": "#0"},
				"up": {"uv": [7.42476, 11.89973, 7.49976, 12.09973], "rotation": 180, "texture": "#0"},
				"down": {"uv": [7.42476, 3.90027, 7.49976, 4.10027], "texture": "#0"}
			}
		},
		{
			"from": [8.44976, 1.87098, 7.89973],
			"to": [8.54976, 2.17098, 8.09973],
			"rotation": {"angle": 0, "axis": "x", "origin": [7.9817, 1.77098, 7.99973]},
			"faces": {
				"north": {"uv": [7.45024, 13.82902, 7.55024, 14.12902], "rotation": 180, "texture": "#0"},
				"east": {"uv": [3.90027, 13.82902, 4.10027, 14.12902], "rotation": 90, "texture": "#0"},
				"south": {"uv": [8.44976, 13.82902, 8.54976, 14.12902], "texture": "#0"},
				"west": {"uv": [11.89973, 13.82902, 12.09973, 14.12902], "rotation": 270, "texture": "#0"},
				"up": {"uv": [8.44976, 11.89973, 8.54976, 12.09973], "texture": "#0"},
				"down": {"uv": [8.44976, 3.90027, 8.54976, 4.10027], "rotation": 180, "texture": "#0"}
			}
		},
		{
			"from": [7.42476, 1.87098, 7.89973],
			"to": [7.49976, 2.17098, 8.09973],
			"rotation": {"angle": 0, "axis": "x", "origin": [7.9817, 1.77098, 7.99973]},
			"faces": {
				"north": {"uv": [8.50024, 13.82902, 8.57524, 14.12902], "rotation": 180, "texture": "#0"},
				"east": {"uv": [3.90027, 13.82902, 4.10027, 14.12902], "rotation": 90, "texture": "#0"},
				"south": {"uv": [7.42476, 13.82902, 7.49976, 14.12902], "texture": "#0"},
				"west": {"uv": [11.89973, 13.82902, 12.09973, 14.12902], "rotation": 270, "texture": "#0"},
				"up": {"uv": [7.42476, 11.89973, 7.49976, 12.09973], "texture": "#0"},
				"down": {"uv": [7.42476, 3.90027, 7.49976, 4.10027], "rotation": 180, "texture": "#0"}
			}
		},
		{
			"from": [7.39976, 1.67098, 7.89973],
			"to": [8.57476, 1.87098, 8.09973],
			"rotation": {"angle": 0, "axis": "x", "origin": [7.9817, 1.77098, 7.99973]},
			"faces": {
				"north": {"uv": [0, 0, 0.2, 1.175], "rotation": 90, "texture": "#4"},
				"east": {"uv": [0, 0, 0.2, 0.2], "rotation": 90, "texture": "#4"},
				"south": {"uv": [0, 0, 0.2, 1.175], "rotation": 90, "texture": "#4"},
				"west": {"uv": [0, 0, 0.2, 0.2], "rotation": 90, "texture": "#4"},
				"up": {"uv": [0, 0, 0.2, 1.175], "rotation": 270, "texture": "#4"},
				"down": {"uv": [0, 0, 0.2, 1.175], "rotation": 270, "texture": "#4"}
			}
		}
	],
	"display": {
		"thirdperson_righthand": {
			"translation": [0, 0, 1],
			"scale": [1.5, 1.5, 1.5]
		},
		"thirdperson_lefthand": {
			"translation": [0, 0, 1],
			"scale": [1.5, 1.5, 1.5]
		},
		"firstperson_righthand": {
			"rotation": [9.25, 0, -17],
			"translation": [0, -0.5, -1.75],
			"scale": [1.5, 1.5, 1.5]
		},
		"firstperson_lefthand": {
			"rotation": [9.25, 0, -17],
			"translation": [0, -0.5, -1.75],
			"scale": [1.5, 1.5, 1.5]
		},
		"ground": {
			"rotation": [74.75, 58, 15],
			"translation": [0, 0, -7.5],
			"scale": [1.5, 1.5, 1.5]
		},
		"gui": {
			"rotation": [58, 43, -75],
			"translation": [-3.25, -3.25, 0],
			"scale": [0.89, 0.89, 0.89]
		},
		"head": {
			"rotation": [90, 60, 90],
			"translation": [7.25, -6.5, 4.25],
			"scale": [2, 2, 2]
		},
		"fixed": {
			"rotation": [90, -45, 90],
			"translation": [8.25, -8, -1.75],
			"scale": [2.75, 2.75, 2.75]
		}
	},
	"groups": [
		{
			"name": "Zireael",
			"origin": [7.55, 8.5, 7.55],
			"children": [
				{
					"name": "blade",
					"origin": [8, 5.25, 8],
					"children": [0, 1, 2, 3, 4, 5, 6, 7, 8, 9, 10, 11, 12, 13, 14, 15, 16, 17, 18, 19, 20, 21, 22, 23, 24, 25, 26,
						{
							"name": "runes",
							"origin": [7.99598, 1.20198, 7.99827],
							"children": [27, 28, 29, 30]
						}
					]
				},
				{
					"name": "hilt",
					"origin": [7.55, 8.5, 7.55],
					"children": [
						{
							"name": "center",
							"origin": [7.99598, 5.12698, 7.99827],
							"children": [31, 32, 33, 34, 35, 36, 37, 38, 39, 40, 41, 42, 43, 44, 45, 46,
								{
									"name": "right",
									"origin": [7.975, 8.59056, 10.31142],
									"children": [47, 48, 49, 50, 51, 52, 53, 54, 55]
								},
								{
									"name": "left",
									"origin": [8, 8.575, 6.65],
									"children": [56, 57, 58, 59, 60, 61, 62, 63, 64]
								}
							]
						}
					]
				},
				{
					"name": "grip up",
					"origin": [8, 8, 8],
					"children": [65, 66, 67, 68, 69, 70, 71, 72, 73, 74, 75, 76, 77, 78, 79]
				},
				{
					"name": "handle part midle",
					"origin": [8, 5.25, 8],
					"children": [80, 81, 82, 83, 84, 85, 86, 87, 88, 89, 90, 91, 92, 93, 94, 95, 96, 97, 98, 99]
				},
				{
					"name": "grip down",
					"origin": [8, 8, 8],
					"children": [100, 101, 102, 103, 104, 105, 106, 107, 108, 109, 110, 111, 112, 113, 114]
				},
				{
					"name": "handle part down",
					"origin": [8.01176, 1.64118, 7.99559],
					"children": [115, 116, 117, 118, 119, 120, 121, 122, 123, 124, 125, 126, 127, 128, 129, 130, 131]
				}
			]
		}
	]
}