{
	"credit": "Made with Blockbench",
	"textures": {
		"0": "block/anvil",
		"1": "block/black_concrete",
		"2": "block/red_concrete",
		"3": "optifine/cit/icons/random/WDxAC",
		"4": "item/apple",
		"particle": "block/anvil"
	},
	"elements": [
		{
			"from": [0, 0, 0.25],
			"to": [16, 0.15, 10],
			"rotation": {"angle": 0, "axis": "y", "origin": [0, -0.1, 0]},
			"faces": {
				"north": {"uv": [0, 0, 16, 0.15], "texture": "#0"},
				"east": {"uv": [0, 0, 9.75, 0.15], "texture": "#0"},
				"south": {"uv": [0, 0, 16, 0.15], "texture": "#0"},
				"west": {"uv": [0, 0, 9.75, 0.15], "texture": "#0"},
				"up": {"uv": [0, 0, 16, 9.75], "texture": "#0"},
				"down": {"uv": [0, 0, 16, 9.75], "rotation": 180, "texture": "#0"}
			}
		},
		{
			"from": [15, 0.15, 0],
			"to": [16, 0.4, 10],
			"rotation": {"angle": 0, "axis": "y", "origin": [0, -0.1, 0]},
			"faces": {
				"north": {"uv": [0, 0, 1, 0.25], "texture": "#0"},
				"east": {"uv": [0, 0, 10, 0.25], "texture": "#0"},
				"south": {"uv": [0, 0, 1, 0.25], "texture": "#0"},
				"west": {"uv": [0, 0, 10, 0.25], "texture": "#0"},
				"up": {"uv": [0, 0, 1, 10], "texture": "#0"},
				"down": {"uv": [0, 0, 1, 10], "texture": "#0"}
			}
		},
		{
			"from": [1, 0.15, 0],
			"to": [15, 0.4, 1],
			"rotation": {"angle": 0, "axis": "y", "origin": [0, -0.1, 0]},
			"faces": {
				"north": {"uv": [1, 0, 15, 0.25], "texture": "#0"},
				"east": {"uv": [0, 0, 1, 0.25], "texture": "#0"},
				"south": {"uv": [0, 0, 14, 0.25], "texture": "#0"},
				"west": {"uv": [0, 0, 1, 0.25], "texture": "#0"},
				"up": {"uv": [1, 0, 15, 1], "texture": "#0"},
				"down": {"uv": [0, 0, 14, 1], "texture": "#0"}
			}
		},
		{
			"from": [6.1, 0.35, 1.1],
			"to": [8.4, 0.4, 2],
			"rotation": {"angle": 0, "axis": "y", "origin": [0, -0.1, 0]},
			"faces": {
				"north": {"uv": [0, 0, 2.3, 0.05], "texture": "#2"},
				"east": {"uv": [0, 0, 0.9, 0.05], "texture": "#2"},
				"south": {"uv": [0, 0, 2.3, 0.05], "texture": "#2"},
				"west": {"uv": [0, 0, 0.9, 0.05], "texture": "#2"},
				"up": {"uv": [6, 0, 8.3, 0.9], "texture": "#0"},
				"down": {"uv": [0, 0, 2.3, 0.9], "texture": "#0"}
			}
		},
		{
			"from": [8.6, 0.35, 1.1],
			"to": [10.9, 0.4, 2],
			"rotation": {"angle": 0, "axis": "y", "origin": [0, -0.1, 0]},
			"faces": {
				"north": {"uv": [0, 0, 2.3, 0.05], "texture": "#2"},
				"east": {"uv": [0, 0, 0.9, 0.05], "texture": "#2"},
				"south": {"uv": [0, 0, 2.3, 0.05], "texture": "#2"},
				"west": {"uv": [0, 0, 0.9, 0.05], "texture": "#2"},
				"up": {"uv": [6, 0, 8.3, 0.9], "texture": "#0"},
				"down": {"uv": [0, 0, 2.3, 0.9], "texture": "#0"}
			}
		},
		{
			"from": [11, 0.15, 1],
			"to": [15, 0.4, 4],
			"rotation": {"angle": 0, "axis": "y", "origin": [0, -0.1, 0]},
			"faces": {
				"north": {"uv": [0, 0, 4, 0.25], "texture": "#0"},
				"east": {"uv": [0, 0, 3, 0.25], "texture": "#0"},
				"south": {"uv": [0, 0, 4, 0.25], "texture": "#0"},
				"west": {"uv": [0, 0, 3, 0.25], "texture": "#0"},
				"up": {"uv": [11, 0, 15, 3], "texture": "#0"},
				"down": {"uv": [0, 0, 4, 3], "texture": "#0"}
			}
		},
		{
			"from": [6, 0.15, 1],
			"to": [11, 0.35, 4],
			"rotation": {"angle": 0, "axis": "y", "origin": [0, -0.1, 0]},
			"faces": {
				"north": {"uv": [0, 0, 5, 0.2], "texture": "#0"},
				"east": {"uv": [0, 0, 3, 0.2], "texture": "#0"},
				"south": {"uv": [0, 0, 5, 0.2], "texture": "#0"},
				"west": {"uv": [0, 0, 3, 0.2], "texture": "#0"},
				"up": {"uv": [6, 0, 11, 3], "texture": "#0"},
				"down": {"uv": [0, 0, 5, 3], "texture": "#0"}
			}
		},
		{
			"from": [1, 0.15, 1],
			"to": [6, 0.4, 4],
			"rotation": {"angle": 0, "axis": "y", "origin": [0, -0.1, 0]},
			"faces": {
				"north": {"uv": [0, 0, 5, 0.25], "texture": "#0"},
				"east": {"uv": [0, 0, 3, 0.25], "texture": "#0"},
				"south": {"uv": [0, 0, 5, 0.25], "texture": "#0"},
				"west": {"uv": [0, 0, 3, 0.25], "texture": "#0"},
				"up": {"uv": [1, 0, 6, 3], "texture": "#0"},
				"down": {"uv": [0, 0, 5, 3], "texture": "#0"}
			}
		},
		{
			"from": [0, 0.15, 0],
			"to": [1, 0.4, 10],
			"rotation": {"angle": 0, "axis": "y", "origin": [0, -0.1, 0]},
			"faces": {
				"north": {"uv": [0, 0, 1, 0.25], "texture": "#0"},
				"east": {"uv": [0, 0, 10, 0.25], "texture": "#0"},
				"south": {"uv": [0, 0, 1, 0.25], "texture": "#0"},
				"west": {"uv": [0, 0, 10, 0.25], "texture": "#0"},
				"up": {"uv": [0, 0, 1, 10], "texture": "#0"},
				"down": {"uv": [0, 0, 1, 10], "texture": "#0"}
			}
		},
		{
			"from": [1, 0.15, 4],
			"to": [15, 0.4, 10],
			"rotation": {"angle": 0, "axis": "y", "origin": [0, -0.1, 0]},
			"faces": {
				"north": {"uv": [0, 0, 14, 0.25], "texture": "#0"},
				"east": {"uv": [0, 0, 6, 0.25], "texture": "#0"},
				"south": {"uv": [0, 0, 14, 0.25], "texture": "#0"},
				"west": {"uv": [0, 0, 6, 0.25], "texture": "#0"},
				"up": {"uv": [1, 4, 15, 10], "texture": "#0"},
				"down": {"uv": [0, 0, 14, 6], "texture": "#0"}
			}
		},
		{
			"from": [0, 0.34648, 10.26804],
			"to": [16, 10.34648, 10.31804],
			"rotation": {"angle": 22.5, "axis": "x", "origin": [8, 0.41859, 10.14356]},
			"faces": {
				"north": {"uv": [0, 0, 16, 10], "rotation": 180, "texture": "#1"},
				"east": {"uv": [0, 0, 10, 0.05], "rotation": 270, "texture": "#0"},
				"south": {"uv": [0, 0, 16, 10], "texture": "#0"},
				"west": {"uv": [0, 0, 10, 0.05], "rotation": 90, "texture": "#0"},
				"up": {"uv": [0, 0, 16, 0.05], "rotation": 180, "texture": "#0"},
				"down": {"uv": [0, 0, 16, 0.05], "texture": "#0"}
			}
		},
		{
			"from": [1, 1.34648, 10.21804],
			"to": [15, 9.34648, 10.21804],
			"rotation": {"angle": 22.5, "axis": "x", "origin": [8, 0.41859, 10.14356]},
			"faces": {
				"north": {"uv": [0, 0, 16, 16], "texture": "#3"}
			}
		},
		{
			"from": [6, 4.34648, 10.36804],
			"to": [10, 8.34648, 10.36804],
			"rotation": {"angle": 22.5, "axis": "x", "origin": [8, 0.41859, 10.14356]},
			"faces": {
				"south": {"uv": [0, 0, 16, 16], "texture": "#4"}
			}
		},
		{
			"from": [7.5, 0.34648, 9.99304],
			"to": [8.5, 1.34648, 9.99304],
			"rotation": {"angle": 22.5, "axis": "x", "origin": [8, 0.41859, 10.14356]},
			"faces": {
				"north": {"uv": [0, 0, 16, 16], "texture": "#4"}
			}
		},
		{
			"from": [15, 0.34648, 10.01804],
			"to": [16, 10.34648, 10.26804],
			"rotation": {"angle": 22.5, "axis": "x", "origin": [8, 0.41859, 10.14356]},
			"faces": {
				"north": {"uv": [0, 0, 1, 10], "rotation": 180, "texture": "#0"},
				"east": {"uv": [0, 0, 10, 0.25], "rotation": 270, "texture": "#0"},
				"south": {"uv": [0, 0, 1, 10], "texture": "#0"},
				"west": {"uv": [0, 0, 10, 0.25], "rotation": 90, "texture": "#0"},
				"up": {"uv": [0, 0, 1, 0.25], "rotation": 180, "texture": "#0"},
				"down": {"uv": [0, 0, 1, 0.25], "texture": "#0"}
			}
		},
		{
			"from": [1, 9.34648, 10.01804],
			"to": [15, 10.34648, 10.26804],
			"rotation": {"angle": 22.5, "axis": "x", "origin": [8, 0.41859, 10.14356]},
			"faces": {
				"north": {"uv": [1, 0, 15, 1], "rotation": 180, "texture": "#0"},
				"east": {"uv": [0, 0, 1, 0.25], "rotation": 270, "texture": "#0"},
				"south": {"uv": [0, 0, 14, 1], "texture": "#0"},
				"west": {"uv": [0, 0, 1, 0.25], "rotation": 90, "texture": "#0"},
				"up": {"uv": [0, 0, 14, 0.25], "rotation": 180, "texture": "#0"},
				"down": {"uv": [0, 0, 14, 0.25], "texture": "#0"}
			}
		},
		{
			"from": [0, 0.34648, 10.01804],
			"to": [1, 10.34648, 10.26804],
			"rotation": {"angle": 22.5, "axis": "x", "origin": [8, 0.41859, 10.14356]},
			"faces": {
				"north": {"uv": [0, 0, 1, 10], "rotation": 180, "texture": "#0"},
				"east": {"uv": [0, 0, 10, 0.25], "rotation": 270, "texture": "#0"},
				"south": {"uv": [0, 0, 1, 10], "texture": "#0"},
				"west": {"uv": [0, 0, 10, 0.25], "rotation": 90, "texture": "#0"},
				"up": {"uv": [0, 0, 1, 0.25], "rotation": 180, "texture": "#0"},
				"down": {"uv": [0, 0, 1, 0.25], "texture": "#0"}
			}
		},
		{
			"from": [1, 0.34648, 10.01804],
			"to": [15, 1.34648, 10.26804],
			"rotation": {"angle": 22.5, "axis": "x", "origin": [8, 0.41859, 10.14356]},
			"faces": {
				"north": {"uv": [1, 0, 15, 1], "rotation": 180, "texture": "#0"},
				"east": {"uv": [0, 0, 1, 0.25], "rotation": 270, "texture": "#0"},
				"south": {"uv": [0, 0, 14, 1], "texture": "#0"},
				"west": {"uv": [0, 0, 1, 0.25], "rotation": 90, "texture": "#0"},
				"up": {"uv": [0, 0, 14, 0.25], "rotation": 180, "texture": "#0"},
				"down": {"uv": [0, 0, 14, 0.25], "texture": "#0"}
			}
		},
		{
			"from": [13.75, 0.4, 4.5],
			"to": [14.75, 0.45, 5],
			"rotation": {"angle": 0, "axis": "y", "origin": [0, -0.1, 0]},
			"faces": {
				"north": {"uv": [0, 0, 1, 0.05], "texture": "#2"},
				"east": {"uv": [0, 0, 0.5, 0.05], "texture": "#2"},
				"south": {"uv": [0, 0, 1, 0.05], "texture": "#2"},
				"west": {"uv": [0, 0, 0.5, 0.05], "texture": "#2"},
				"up": {"uv": [0, 0, 1, 0.5], "texture": "#1"},
				"down": {"uv": [0, 0, 1, 0.5], "texture": "#0"}
			}
		},
		{
			"from": [14.25, 0.4, 8.25],
			"to": [14.75, 0.45, 8.5],
			"rotation": {"angle": 0, "axis": "y", "origin": [0, -0.1, 0]},
			"faces": {
				"north": {"uv": [0, 0, 0.5, 0.05], "texture": "#2"},
				"east": {"uv": [0, 0, 0.25, 0.05], "texture": "#2"},
				"south": {"uv": [0, 0, 0.5, 0.05], "texture": "#2"},
				"west": {"uv": [0, 0, 0.25, 0.05], "texture": "#2"},
				"up": {"uv": [0, 0, 0.5, 0.25], "texture": "#1"},
				"down": {"uv": [0, 0, 0.5, 0.25], "texture": "#0"}
			}
		},
		{
			"from": [14, 0.4, 7.5],
			"to": [14.75, 0.45, 8],
			"rotation": {"angle": 0, "axis": "y", "origin": [0, -0.1, 0]},
			"faces": {
				"north": {"uv": [0, 0, 0.75, 0.05], "texture": "#2"},
				"east": {"uv": [0, 0, 0.5, 0.05], "texture": "#2"},
				"south": {"uv": [0, 0, 0.75, 0.05], "texture": "#2"},
				"west": {"uv": [0, 0, 0.5, 0.05], "texture": "#2"},
				"up": {"uv": [0, 0, 0.75, 0.5], "texture": "#1"},
				"down": {"uv": [0, 0, 0.75, 0.5], "texture": "#0"}
			}
		},
		{
			"from": [14, 0.4, 6.75],
			"to": [14.75, 0.45, 7.25],
			"rotation": {"angle": 0, "axis": "y", "origin": [0, -0.1, 0]},
			"faces": {
				"north": {"uv": [0, 0, 0.75, 0.05], "texture": "#2"},
				"east": {"uv": [0, 0, 0.5, 0.05], "texture": "#2"},
				"south": {"uv": [0, 0, 0.75, 0.05], "texture": "#2"},
				"west": {"uv": [0, 0, 0.5, 0.05], "texture": "#2"},
				"up": {"uv": [0, 0, 0.75, 0.5], "texture": "#1"},
				"down": {"uv": [0, 0, 0.75, 0.5], "texture": "#0"}
			}
		},
		{
			"from": [13.75, 0.4, 6],
			"to": [14.75, 0.45, 6.5],
			"rotation": {"angle": 0, "axis": "y", "origin": [0, -0.1, 0]},
			"faces": {
				"north": {"uv": [0, 0, 1, 0.05], "texture": "#2"},
				"east": {"uv": [0, 0, 0.5, 0.05], "texture": "#2"},
				"south": {"uv": [0, 0, 1, 0.05], "texture": "#2"},
				"west": {"uv": [0, 0, 0.5, 0.05], "texture": "#2"},
				"up": {"uv": [0, 0, 1, 0.5], "texture": "#1"},
				"down": {"uv": [0, 0, 1, 0.5], "texture": "#0"}
			}
		},
		{
			"from": [13.5, 0.4, 5.25],
			"to": [14.75, 0.45, 5.75],
			"rotation": {"angle": 0, "axis": "y", "origin": [0, -0.1, 0]},
			"faces": {
				"north": {"uv": [0, 0, 1.25, 0.05], "texture": "#2"},
				"east": {"uv": [0, 0, 0.5, 0.05], "texture": "#2"},
				"south": {"uv": [0, 0, 1.25, 0.05], "texture": "#2"},
				"west": {"uv": [0, 0, 0.5, 0.05], "texture": "#2"},
				"up": {"uv": [0, 0, 1.25, 0.5], "texture": "#1"},
				"down": {"uv": [0, 0, 1.25, 0.5], "texture": "#0"}
			}
		},
		{
			"from": [13.5, 0.4, 8.25],
			"to": [14, 0.45, 8.5],
			"rotation": {"angle": 0, "axis": "y", "origin": [0, -0.1, 0]},
			"faces": {
				"north": {"uv": [0, 0, 0.5, 0.05], "texture": "#2"},
				"east": {"uv": [0, 0, 0.25, 0.05], "texture": "#2"},
				"south": {"uv": [0, 0, 0.5, 0.05], "texture": "#2"},
				"west": {"uv": [0, 0, 0.25, 0.05], "texture": "#2"},
				"up": {"uv": [0, 0, 0.5, 0.25], "texture": "#1"},
				"down": {"uv": [0, 0, 0.5, 0.25], "texture": "#0"}
			}
		},
		{
			"from": [13.25, 0.4, 7.5],
			"to": [13.75, 0.45, 8],
			"rotation": {"angle": 0, "axis": "y", "origin": [0, -0.1, 0]},
			"faces": {
				"north": {"uv": [0, 0, 0.5, 0.05], "texture": "#2"},
				"east": {"uv": [0, 0, 0.5, 0.05], "texture": "#2"},
				"south": {"uv": [0, 0, 0.5, 0.05], "texture": "#2"},
				"west": {"uv": [0, 0, 0.5, 0.05], "texture": "#2"},
				"up": {"uv": [0, 0, 0.5, 0.5], "texture": "#1"},
				"down": {"uv": [0, 0, 0.5, 0.5], "texture": "#0"}
			}
		},
		{
			"from": [13.25, 0.4, 6.75],
			"to": [13.75, 0.45, 7.25],
			"rotation": {"angle": 0, "axis": "y", "origin": [0, -0.1, 0]},
			"faces": {
				"north": {"uv": [0, 0, 0.5, 0.05], "texture": "#2"},
				"east": {"uv": [0, 0, 0.5, 0.05], "texture": "#2"},
				"south": {"uv": [0, 0, 0.5, 0.05], "texture": "#2"},
				"west": {"uv": [0, 0, 0.5, 0.05], "texture": "#2"},
				"up": {"uv": [0, 0, 0.5, 0.5], "texture": "#1"},
				"down": {"uv": [0, 0, 0.5, 0.5], "texture": "#0"}
			}
		},
		{
			"from": [13, 0.4, 6],
			"to": [13.5, 0.45, 6.5],
			"rotation": {"angle": 0, "axis": "y", "origin": [0, -0.1, 0]},
			"faces": {
				"north": {"uv": [0, 0, 0.5, 0.05], "texture": "#2"},
				"east": {"uv": [0, 0, 0.5, 0.05], "texture": "#2"},
				"south": {"uv": [0, 0, 0.5, 0.05], "texture": "#2"},
				"west": {"uv": [0, 0, 0.5, 0.05], "texture": "#2"},
				"up": {"uv": [0, 0, 0.5, 0.5], "texture": "#1"},
				"down": {"uv": [0, 0, 0.5, 0.5], "texture": "#0"}
			}
		},
		{
			"from": [13, 0.4, 4.5],
			"to": [13.5, 0.45, 5],
			"rotation": {"angle": 0, "axis": "y", "origin": [0, -0.1, 0]},
			"faces": {
				"north": {"uv": [0, 0, 0.5, 0.05], "texture": "#2"},
				"east": {"uv": [0, 0, 0.5, 0.05], "texture": "#2"},
				"south": {"uv": [0, 0, 0.5, 0.05], "texture": "#2"},
				"west": {"uv": [0, 0, 0.5, 0.05], "texture": "#2"},
				"up": {"uv": [0, 0, 0.5, 0.5], "texture": "#1"},
				"down": {"uv": [0, 0, 0.5, 0.5], "texture": "#0"}
			}
		},
		{
			"from": [12.75, 0.4, 8.25],
			"to": [13.25, 0.45, 8.5],
			"rotation": {"angle": 0, "axis": "y", "origin": [0, -0.1, 0]},
			"faces": {
				"north": {"uv": [0, 0, 0.5, 0.05], "texture": "#2"},
				"east": {"uv": [0, 0, 0.25, 0.05], "texture": "#2"},
				"south": {"uv": [0, 0, 0.5, 0.05], "texture": "#2"},
				"west": {"uv": [0, 0, 0.25, 0.05], "texture": "#2"},
				"up": {"uv": [0, 0, 0.5, 0.25], "texture": "#1"},
				"down": {"uv": [0, 0, 0.5, 0.25], "texture": "#0"}
			}
		},
		{
			"from": [12.5, 0.4, 7.5],
			"to": [13, 0.45, 8],
			"rotation": {"angle": 0, "axis": "y", "origin": [0, -0.1, 0]},
			"faces": {
				"north": {"uv": [0, 0, 0.5, 0.05], "texture": "#2"},
				"east": {"uv": [0, 0, 0.5, 0.05], "texture": "#2"},
				"south": {"uv": [0, 0, 0.5, 0.05], "texture": "#2"},
				"west": {"uv": [0, 0, 0.5, 0.05], "texture": "#2"},
				"up": {"uv": [0, 0, 0.5, 0.5], "texture": "#1"},
				"down": {"uv": [0, 0, 0.5, 0.5], "texture": "#0"}
			}
		},
		{
			"from": [12.5, 0.4, 6.75],
			"to": [13, 0.45, 7.25],
			"rotation": {"angle": 0, "axis": "y", "origin": [0, -0.1, 0]},
			"faces": {
				"north": {"uv": [0, 0, 0.5, 0.05], "texture": "#2"},
				"east": {"uv": [0, 0, 0.5, 0.05], "texture": "#2"},
				"south": {"uv": [0, 0, 0.5, 0.05], "texture": "#2"},
				"west": {"uv": [0, 0, 0.5, 0.05], "texture": "#2"},
				"up": {"uv": [0, 0, 0.5, 0.5], "texture": "#1"},
				"down": {"uv": [0, 0, 0.5, 0.5], "texture": "#0"}
			}
		},
		{
			"from": [12.25, 0.4, 6],
			"to": [12.75, 0.45, 6.5],
			"rotation": {"angle": 0, "axis": "y", "origin": [0, -0.1, 0]},
			"faces": {
				"north": {"uv": [0, 0, 0.5, 0.05], "texture": "#2"},
				"east": {"uv": [0, 0, 0.5, 0.05], "texture": "#2"},
				"south": {"uv": [0, 0, 0.5, 0.05], "texture": "#2"},
				"west": {"uv": [0, 0, 0.5, 0.05], "texture": "#2"},
				"up": {"uv": [0, 0, 0.5, 0.5], "texture": "#1"},
				"down": {"uv": [0, 0, 0.5, 0.5], "texture": "#0"}
			}
		},
		{
			"from": [12.75, 0.4, 5.25],
			"to": [13.25, 0.45, 5.75],
			"rotation": {"angle": 0, "axis": "y", "origin": [0, -0.1, 0]},
			"faces": {
				"north": {"uv": [0, 0, 0.5, 0.05], "texture": "#2"},
				"east": {"uv": [0, 0, 0.5, 0.05], "texture": "#2"},
				"south": {"uv": [0, 0, 0.5, 0.05], "texture": "#2"},
				"west": {"uv": [0, 0, 0.5, 0.05], "texture": "#2"},
				"up": {"uv": [0, 0, 0.5, 0.5], "texture": "#1"},
				"down": {"uv": [0, 0, 0.5, 0.5], "texture": "#0"}
			}
		},
		{
			"from": [12.25, 0.4, 4.5],
			"to": [12.75, 0.45, 5],
			"rotation": {"angle": 0, "axis": "y", "origin": [0, -0.1, 0]},
			"faces": {
				"north": {"uv": [0, 0, 0.5, 0.05], "texture": "#2"},
				"east": {"uv": [0, 0, 0.5, 0.05], "texture": "#2"},
				"south": {"uv": [0, 0, 0.5, 0.05], "texture": "#2"},
				"west": {"uv": [0, 0, 0.5, 0.05], "texture": "#2"},
				"up": {"uv": [0, 0, 0.5, 0.5], "texture": "#1"},
				"down": {"uv": [0, 0, 0.5, 0.5], "texture": "#0"}
			}
		},
		{
			"from": [8.25, 0.4, 8.25],
			"to": [8.75, 0.45, 8.5],
			"rotation": {"angle": 0, "axis": "y", "origin": [0, -0.1, 0]},
			"faces": {
				"north": {"uv": [0, 0, 0.5, 0.05], "texture": "#2"},
				"east": {"uv": [0, 0, 0.25, 0.05], "texture": "#2"},
				"south": {"uv": [0, 0, 0.5, 0.05], "texture": "#2"},
				"west": {"uv": [0, 0, 0.25, 0.05], "texture": "#2"},
				"up": {"uv": [0, 0, 0.5, 0.25], "texture": "#1"},
				"down": {"uv": [0, 0, 0.5, 0.25], "texture": "#0"}
			}
		},
		{
			"from": [9, 0.4, 8.25],
			"to": [9.5, 0.45, 8.5],
			"rotation": {"angle": 0, "axis": "y", "origin": [0, -0.1, 0]},
			"faces": {
				"north": {"uv": [0, 0, 0.5, 0.05], "texture": "#2"},
				"east": {"uv": [0, 0, 0.25, 0.05], "texture": "#2"},
				"south": {"uv": [0, 0, 0.5, 0.05], "texture": "#2"},
				"west": {"uv": [0, 0, 0.25, 0.05], "texture": "#2"},
				"up": {"uv": [0, 0, 0.5, 0.25], "texture": "#1"},
				"down": {"uv": [0, 0, 0.5, 0.25], "texture": "#0"}
			}
		},
		{
			"from": [9.75, 0.4, 8.25],
			"to": [10.25, 0.45, 8.5],
			"rotation": {"angle": 0, "axis": "y", "origin": [0, -0.1, 0]},
			"faces": {
				"north": {"uv": [0, 0, 0.5, 0.05], "texture": "#2"},
				"east": {"uv": [0, 0, 0.25, 0.05], "texture": "#2"},
				"south": {"uv": [0, 0, 0.5, 0.05], "texture": "#2"},
				"west": {"uv": [0, 0, 0.25, 0.05], "texture": "#2"},
				"up": {"uv": [0, 0, 0.5, 0.25], "texture": "#1"},
				"down": {"uv": [0, 0, 0.5, 0.25], "texture": "#0"}
			}
		},
		{
			"from": [10.5, 0.4, 8.25],
			"to": [11, 0.45, 8.5],
			"rotation": {"angle": 0, "axis": "y", "origin": [0, -0.1, 0]},
			"faces": {
				"north": {"uv": [0, 0, 0.5, 0.05], "texture": "#2"},
				"east": {"uv": [0, 0, 0.25, 0.05], "texture": "#2"},
				"south": {"uv": [0, 0, 0.5, 0.05], "texture": "#2"},
				"west": {"uv": [0, 0, 0.25, 0.05], "texture": "#2"},
				"up": {"uv": [0, 0, 0.5, 0.25], "texture": "#1"},
				"down": {"uv": [0, 0, 0.5, 0.25], "texture": "#0"}
			}
		},
		{
			"from": [11.25, 0.4, 8.25],
			"to": [11.75, 0.45, 8.5],
			"rotation": {"angle": 0, "axis": "y", "origin": [0, -0.1, 0]},
			"faces": {
				"north": {"uv": [0, 0, 0.5, 0.05], "texture": "#2"},
				"east": {"uv": [0, 0, 0.25, 0.05], "texture": "#2"},
				"south": {"uv": [0, 0, 0.5, 0.05], "texture": "#2"},
				"west": {"uv": [0, 0, 0.25, 0.05], "texture": "#2"},
				"up": {"uv": [0, 0, 0.5, 0.25], "texture": "#1"},
				"down": {"uv": [0, 0, 0.5, 0.25], "texture": "#0"}
			}
		},
		{
			"from": [12, 0.4, 8.25],
			"to": [12.5, 0.45, 8.5],
			"rotation": {"angle": 0, "axis": "y", "origin": [0, -0.1, 0]},
			"faces": {
				"north": {"uv": [0, 0, 0.5, 0.05], "texture": "#2"},
				"east": {"uv": [0, 0, 0.25, 0.05], "texture": "#2"},
				"south": {"uv": [0, 0, 0.5, 0.05], "texture": "#2"},
				"west": {"uv": [0, 0, 0.25, 0.05], "texture": "#2"},
				"up": {"uv": [0, 0, 0.5, 0.25], "texture": "#1"},
				"down": {"uv": [0, 0, 0.5, 0.25], "texture": "#0"}
			}
		},
		{
			"from": [8, 0.4, 7.5],
			"to": [8.5, 0.45, 8],
			"rotation": {"angle": 0, "axis": "y", "origin": [0, -0.1, 0]},
			"faces": {
				"north": {"uv": [0, 0, 0.5, 0.05], "texture": "#2"},
				"east": {"uv": [0, 0, 0.5, 0.05], "texture": "#2"},
				"south": {"uv": [0, 0, 0.5, 0.05], "texture": "#2"},
				"west": {"uv": [0, 0, 0.5, 0.05], "texture": "#2"},
				"up": {"uv": [0, 0, 0.5, 0.5], "texture": "#1"},
				"down": {"uv": [0, 0, 0.5, 0.5], "texture": "#0"}
			}
		},
		{
			"from": [8.75, 0.4, 7.5],
			"to": [9.25, 0.45, 8],
			"rotation": {"angle": 0, "axis": "y", "origin": [0, -0.1, 0]},
			"faces": {
				"north": {"uv": [0, 0, 0.5, 0.05], "texture": "#2"},
				"east": {"uv": [0, 0, 0.5, 0.05], "texture": "#2"},
				"south": {"uv": [0, 0, 0.5, 0.05], "texture": "#2"},
				"west": {"uv": [0, 0, 0.5, 0.05], "texture": "#2"},
				"up": {"uv": [0, 0, 0.5, 0.5], "texture": "#1"},
				"down": {"uv": [0, 0, 0.5, 0.5], "texture": "#0"}
			}
		},
		{
			"from": [9.5, 0.4, 7.5],
			"to": [10, 0.45, 8],
			"rotation": {"angle": 0, "axis": "y", "origin": [0, -0.1, 0]},
			"faces": {
				"north": {"uv": [0, 0, 0.5, 0.05], "texture": "#2"},
				"east": {"uv": [0, 0, 0.5, 0.05], "texture": "#2"},
				"south": {"uv": [0, 0, 0.5, 0.05], "texture": "#2"},
				"west": {"uv": [0, 0, 0.5, 0.05], "texture": "#2"},
				"up": {"uv": [0, 0, 0.5, 0.5], "texture": "#1"},
				"down": {"uv": [0, 0, 0.5, 0.5], "texture": "#0"}
			}
		},
		{
			"from": [10.25, 0.4, 7.5],
			"to": [10.75, 0.45, 8],
			"rotation": {"angle": 0, "axis": "y", "origin": [0, -0.1, 0]},
			"faces": {
				"north": {"uv": [0, 0, 0.5, 0.05], "texture": "#2"},
				"east": {"uv": [0, 0, 0.5, 0.05], "texture": "#2"},
				"south": {"uv": [0, 0, 0.5, 0.05], "texture": "#2"},
				"west": {"uv": [0, 0, 0.5, 0.05], "texture": "#2"},
				"up": {"uv": [0, 0, 0.5, 0.5], "texture": "#1"},
				"down": {"uv": [0, 0, 0.5, 0.5], "texture": "#0"}
			}
		},
		{
			"from": [11, 0.4, 7.5],
			"to": [11.5, 0.45, 8],
			"rotation": {"angle": 0, "axis": "y", "origin": [0, -0.1, 0]},
			"faces": {
				"north": {"uv": [0, 0, 0.5, 0.05], "texture": "#2"},
				"east": {"uv": [0, 0, 0.5, 0.05], "texture": "#2"},
				"south": {"uv": [0, 0, 0.5, 0.05], "texture": "#2"},
				"west": {"uv": [0, 0, 0.5, 0.05], "texture": "#2"},
				"up": {"uv": [0, 0, 0.5, 0.5], "texture": "#1"},
				"down": {"uv": [0, 0, 0.5, 0.5], "texture": "#0"}
			}
		},
		{
			"from": [11.75, 0.4, 7.5],
			"to": [12.25, 0.45, 8],
			"rotation": {"angle": 0, "axis": "y", "origin": [0, -0.1, 0]},
			"faces": {
				"north": {"uv": [0, 0, 0.5, 0.05], "texture": "#2"},
				"east": {"uv": [0, 0, 0.5, 0.05], "texture": "#2"},
				"south": {"uv": [0, 0, 0.5, 0.05], "texture": "#2"},
				"west": {"uv": [0, 0, 0.5, 0.05], "texture": "#2"},
				"up": {"uv": [0, 0, 0.5, 0.5], "texture": "#1"},
				"down": {"uv": [0, 0, 0.5, 0.5], "texture": "#0"}
			}
		},
		{
			"from": [8, 0.4, 6.75],
			"to": [8.5, 0.45, 7.25],
			"rotation": {"angle": 0, "axis": "y", "origin": [0, -0.1, 0]},
			"faces": {
				"north": {"uv": [0, 0, 0.5, 0.05], "texture": "#2"},
				"east": {"uv": [0, 0, 0.5, 0.05], "texture": "#2"},
				"south": {"uv": [0, 0, 0.5, 0.05], "texture": "#2"},
				"west": {"uv": [0, 0, 0.5, 0.05], "texture": "#2"},
				"up": {"uv": [0, 0, 0.5, 0.5], "texture": "#1"},
				"down": {"uv": [0, 0, 0.5, 0.5], "texture": "#0"}
			}
		},
		{
			"from": [8.75, 0.4, 6.75],
			"to": [9.25, 0.45, 7.25],
			"rotation": {"angle": 0, "axis": "y", "origin": [0, -0.1, 0]},
			"faces": {
				"north": {"uv": [0, 0, 0.5, 0.05], "texture": "#2"},
				"east": {"uv": [0, 0, 0.5, 0.05], "texture": "#2"},
				"south": {"uv": [0, 0, 0.5, 0.05], "texture": "#2"},
				"west": {"uv": [0, 0, 0.5, 0.05], "texture": "#2"},
				"up": {"uv": [0, 0, 0.5, 0.5], "texture": "#1"},
				"down": {"uv": [0, 0, 0.5, 0.5], "texture": "#0"}
			}
		},
		{
			"from": [9.5, 0.4, 6.75],
			"to": [10, 0.45, 7.25],
			"rotation": {"angle": 0, "axis": "y", "origin": [0, -0.1, 0]},
			"faces": {
				"north": {"uv": [0, 0, 0.5, 0.05], "texture": "#2"},
				"east": {"uv": [0, 0, 0.5, 0.05], "texture": "#2"},
				"south": {"uv": [0, 0, 0.5, 0.05], "texture": "#2"},
				"west": {"uv": [0, 0, 0.5, 0.05], "texture": "#2"},
				"up": {"uv": [0, 0, 0.5, 0.5], "texture": "#1"},
				"down": {"uv": [0, 0, 0.5, 0.5], "texture": "#0"}
			}
		},
		{
			"from": [10.25, 0.4, 6.75],
			"to": [10.75, 0.45, 7.25],
			"rotation": {"angle": 0, "axis": "y", "origin": [0, -0.1, 0]},
			"faces": {
				"north": {"uv": [0, 0, 0.5, 0.05], "texture": "#2"},
				"east": {"uv": [0, 0, 0.5, 0.05], "texture": "#2"},
				"south": {"uv": [0, 0, 0.5, 0.05], "texture": "#2"},
				"west": {"uv": [0, 0, 0.5, 0.05], "texture": "#2"},
				"up": {"uv": [0, 0, 0.5, 0.5], "texture": "#1"},
				"down": {"uv": [0, 0, 0.5, 0.5], "texture": "#0"}
			}
		},
		{
			"from": [11, 0.4, 6.75],
			"to": [11.5, 0.45, 7.25],
			"rotation": {"angle": 0, "axis": "y", "origin": [0, -0.1, 0]},
			"faces": {
				"north": {"uv": [0, 0, 0.5, 0.05], "texture": "#2"},
				"east": {"uv": [0, 0, 0.5, 0.05], "texture": "#2"},
				"south": {"uv": [0, 0, 0.5, 0.05], "texture": "#2"},
				"west": {"uv": [0, 0, 0.5, 0.05], "texture": "#2"},
				"up": {"uv": [0, 0, 0.5, 0.5], "texture": "#1"},
				"down": {"uv": [0, 0, 0.5, 0.5], "texture": "#0"}
			}
		},
		{
			"from": [11.75, 0.4, 6.75],
			"to": [12.25, 0.45, 7.25],
			"rotation": {"angle": 0, "axis": "y", "origin": [0, -0.1, 0]},
			"faces": {
				"north": {"uv": [0, 0, 0.5, 0.05], "texture": "#2"},
				"east": {"uv": [0, 0, 0.5, 0.05], "texture": "#2"},
				"south": {"uv": [0, 0, 0.5, 0.05], "texture": "#2"},
				"west": {"uv": [0, 0, 0.5, 0.05], "texture": "#2"},
				"up": {"uv": [0, 0, 0.5, 0.5], "texture": "#1"},
				"down": {"uv": [0, 0, 0.5, 0.5], "texture": "#0"}
			}
		},
		{
			"from": [7.75, 0.4, 6],
			"to": [8.25, 0.45, 6.5],
			"rotation": {"angle": 0, "axis": "y", "origin": [0, -0.1, 0]},
			"faces": {
				"north": {"uv": [0, 0, 0.5, 0.05], "texture": "#2"},
				"east": {"uv": [0, 0, 0.5, 0.05], "texture": "#2"},
				"south": {"uv": [0, 0, 0.5, 0.05], "texture": "#2"},
				"west": {"uv": [0, 0, 0.5, 0.05], "texture": "#2"},
				"up": {"uv": [0, 0, 0.5, 0.5], "texture": "#1"},
				"down": {"uv": [0, 0, 0.5, 0.5], "texture": "#0"}
			}
		},
		{
			"from": [8.5, 0.4, 6],
			"to": [9, 0.45, 6.5],
			"rotation": {"angle": 0, "axis": "y", "origin": [0, -0.1, 0]},
			"faces": {
				"north": {"uv": [0, 0, 0.5, 0.05], "texture": "#2"},
				"east": {"uv": [0, 0, 0.5, 0.05], "texture": "#2"},
				"south": {"uv": [0, 0, 0.5, 0.05], "texture": "#2"},
				"west": {"uv": [0, 0, 0.5, 0.05], "texture": "#2"},
				"up": {"uv": [0, 0, 0.5, 0.5], "texture": "#1"},
				"down": {"uv": [0, 0, 0.5, 0.5], "texture": "#0"}
			}
		},
		{
			"from": [9.25, 0.4, 6],
			"to": [9.75, 0.45, 6.5],
			"rotation": {"angle": 0, "axis": "y", "origin": [0, -0.1, 0]},
			"faces": {
				"north": {"uv": [0, 0, 0.5, 0.05], "texture": "#2"},
				"east": {"uv": [0, 0, 0.5, 0.05], "texture": "#2"},
				"south": {"uv": [0, 0, 0.5, 0.05], "texture": "#2"},
				"west": {"uv": [0, 0, 0.5, 0.05], "texture": "#2"},
				"up": {"uv": [0, 0, 0.5, 0.5], "texture": "#1"},
				"down": {"uv": [0, 0, 0.5, 0.5], "texture": "#0"}
			}
		},
		{
			"from": [10, 0.4, 6],
			"to": [10.5, 0.45, 6.5],
			"rotation": {"angle": 0, "axis": "y", "origin": [0, -0.1, 0]},
			"faces": {
				"north": {"uv": [0, 0, 0.5, 0.05], "texture": "#2"},
				"east": {"uv": [0, 0, 0.5, 0.05], "texture": "#2"},
				"south": {"uv": [0, 0, 0.5, 0.05], "texture": "#2"},
				"west": {"uv": [0, 0, 0.5, 0.05], "texture": "#2"},
				"up": {"uv": [0, 0, 0.5, 0.5], "texture": "#1"},
				"down": {"uv": [0, 0, 0.5, 0.5], "texture": "#0"}
			}
		},
		{
			"from": [10.75, 0.4, 6],
			"to": [11.25, 0.45, 6.5],
			"rotation": {"angle": 0, "axis": "y", "origin": [0, -0.1, 0]},
			"faces": {
				"north": {"uv": [0, 0, 0.5, 0.05], "texture": "#2"},
				"east": {"uv": [0, 0, 0.5, 0.05], "texture": "#2"},
				"south": {"uv": [0, 0, 0.5, 0.05], "texture": "#2"},
				"west": {"uv": [0, 0, 0.5, 0.05], "texture": "#2"},
				"up": {"uv": [0, 0, 0.5, 0.5], "texture": "#1"},
				"down": {"uv": [0, 0, 0.5, 0.5], "texture": "#0"}
			}
		},
		{
			"from": [11.5, 0.4, 6],
			"to": [12, 0.45, 6.5],
			"rotation": {"angle": 0, "axis": "y", "origin": [0, -0.1, 0]},
			"faces": {
				"north": {"uv": [0, 0, 0.5, 0.05], "texture": "#2"},
				"east": {"uv": [0, 0, 0.5, 0.05], "texture": "#2"},
				"south": {"uv": [0, 0, 0.5, 0.05], "texture": "#2"},
				"west": {"uv": [0, 0, 0.5, 0.05], "texture": "#2"},
				"up": {"uv": [0, 0, 0.5, 0.5], "texture": "#1"},
				"down": {"uv": [0, 0, 0.5, 0.5], "texture": "#0"}
			}
		},
		{
			"from": [8.25, 0.4, 5.25],
			"to": [8.75, 0.45, 5.75],
			"rotation": {"angle": 0, "axis": "y", "origin": [0, -0.1, 0]},
			"faces": {
				"north": {"uv": [0, 0, 0.5, 0.05], "texture": "#2"},
				"east": {"uv": [0, 0, 0.5, 0.05], "texture": "#2"},
				"south": {"uv": [0, 0, 0.5, 0.05], "texture": "#2"},
				"west": {"uv": [0, 0, 0.5, 0.05], "texture": "#2"},
				"up": {"uv": [0, 0, 0.5, 0.5], "texture": "#1"},
				"down": {"uv": [0, 0, 0.5, 0.5], "texture": "#0"}
			}
		},
		{
			"from": [9, 0.4, 5.25],
			"to": [9.5, 0.45, 5.75],
			"rotation": {"angle": 0, "axis": "y", "origin": [0, -0.1, 0]},
			"faces": {
				"north": {"uv": [0, 0, 0.5, 0.05], "texture": "#2"},
				"east": {"uv": [0, 0, 0.5, 0.05], "texture": "#2"},
				"south": {"uv": [0, 0, 0.5, 0.05], "texture": "#2"},
				"west": {"uv": [0, 0, 0.5, 0.05], "texture": "#2"},
				"up": {"uv": [0, 0, 0.5, 0.5], "texture": "#1"},
				"down": {"uv": [0, 0, 0.5, 0.5], "texture": "#0"}
			}
		},
		{
			"from": [9.75, 0.4, 5.25],
			"to": [10.25, 0.45, 5.75],
			"rotation": {"angle": 0, "axis": "y", "origin": [0, -0.1, 0]},
			"faces": {
				"north": {"uv": [0, 0, 0.5, 0.05], "texture": "#2"},
				"east": {"uv": [0, 0, 0.5, 0.05], "texture": "#2"},
				"south": {"uv": [0, 0, 0.5, 0.05], "texture": "#2"},
				"west": {"uv": [0, 0, 0.5, 0.05], "texture": "#2"},
				"up": {"uv": [0, 0, 0.5, 0.5], "texture": "#1"},
				"down": {"uv": [0, 0, 0.5, 0.5], "texture": "#0"}
			}
		},
		{
			"from": [10.5, 0.4, 5.25],
			"to": [11, 0.45, 5.75],
			"rotation": {"angle": 0, "axis": "y", "origin": [0, -0.1, 0]},
			"faces": {
				"north": {"uv": [0, 0, 0.5, 0.05], "texture": "#2"},
				"east": {"uv": [0, 0, 0.5, 0.05], "texture": "#2"},
				"south": {"uv": [0, 0, 0.5, 0.05], "texture": "#2"},
				"west": {"uv": [0, 0, 0.5, 0.05], "texture": "#2"},
				"up": {"uv": [0, 0, 0.5, 0.5], "texture": "#1"},
				"down": {"uv": [0, 0, 0.5, 0.5], "texture": "#0"}
			}
		},
		{
			"from": [11.25, 0.4, 5.25],
			"to": [11.75, 0.45, 5.75],
			"rotation": {"angle": 0, "axis": "y", "origin": [0, -0.1, 0]},
			"faces": {
				"north": {"uv": [0, 0, 0.5, 0.05], "texture": "#2"},
				"east": {"uv": [0, 0, 0.5, 0.05], "texture": "#2"},
				"south": {"uv": [0, 0, 0.5, 0.05], "texture": "#2"},
				"west": {"uv": [0, 0, 0.5, 0.05], "texture": "#2"},
				"up": {"uv": [0, 0, 0.5, 0.5], "texture": "#1"},
				"down": {"uv": [0, 0, 0.5, 0.5], "texture": "#0"}
			}
		},
		{
			"from": [12, 0.4, 5.25],
			"to": [12.5, 0.45, 5.75],
			"rotation": {"angle": 0, "axis": "y", "origin": [0, -0.1, 0]},
			"faces": {
				"north": {"uv": [0, 0, 0.5, 0.05], "texture": "#2"},
				"east": {"uv": [0, 0, 0.5, 0.05], "texture": "#2"},
				"south": {"uv": [0, 0, 0.5, 0.05], "texture": "#2"},
				"west": {"uv": [0, 0, 0.5, 0.05], "texture": "#2"},
				"up": {"uv": [0, 0, 0.5, 0.5], "texture": "#1"},
				"down": {"uv": [0, 0, 0.5, 0.5], "texture": "#0"}
			}
		},
		{
			"from": [7.5, 0.4, 4.5],
			"to": [12, 0.45, 5],
			"rotation": {"angle": 0, "axis": "y", "origin": [0, -0.1, 0]},
			"faces": {
				"north": {"uv": [0, 0, 4.5, 0.05], "texture": "#2"},
				"east": {"uv": [0, 0, 0.5, 0.05], "texture": "#2"},
				"south": {"uv": [0, 0, 4.5, 0.05], "texture": "#2"},
				"west": {"uv": [0, 0, 0.5, 0.05], "texture": "#2"},
				"up": {"uv": [0, 0, 4.5, 0.5], "texture": "#1"},
				"down": {"uv": [0, 0, 4.5, 0.5], "texture": "#0"}
			}
		},
		{
			"from": [7.5, 0.4, 8.25],
			"to": [8, 0.45, 8.5],
			"rotation": {"angle": 0, "axis": "y", "origin": [0, -0.1, 0]},
			"faces": {
				"north": {"uv": [0, 0, 0.5, 0.05], "texture": "#2"},
				"east": {"uv": [0, 0, 0.25, 0.05], "texture": "#2"},
				"south": {"uv": [0, 0, 0.5, 0.05], "texture": "#2"},
				"west": {"uv": [0, 0, 0.25, 0.05], "texture": "#2"},
				"up": {"uv": [0, 0, 0.5, 0.25], "texture": "#1"},
				"down": {"uv": [0, 0, 0.5, 0.25], "texture": "#0"}
			}
		},
		{
			"from": [7.25, 0.4, 7.5],
			"to": [7.75, 0.45, 8],
			"rotation": {"angle": 0, "axis": "y", "origin": [0, -0.1, 0]},
			"faces": {
				"north": {"uv": [0, 0, 0.5, 0.05], "texture": "#2"},
				"east": {"uv": [0, 0, 0.5, 0.05], "texture": "#2"},
				"south": {"uv": [0, 0, 0.5, 0.05], "texture": "#2"},
				"west": {"uv": [0, 0, 0.5, 0.05], "texture": "#2"},
				"up": {"uv": [0, 0, 0.5, 0.5], "texture": "#1"},
				"down": {"uv": [0, 0, 0.5, 0.5], "texture": "#0"}
			}
		},
		{
			"from": [7.25, 0.4, 6.75],
			"to": [7.75, 0.45, 7.25],
			"rotation": {"angle": 0, "axis": "y", "origin": [0, -0.1, 0]},
			"faces": {
				"north": {"uv": [0, 0, 0.5, 0.05], "texture": "#2"},
				"east": {"uv": [0, 0, 0.5, 0.05], "texture": "#2"},
				"south": {"uv": [0, 0, 0.5, 0.05], "texture": "#2"},
				"west": {"uv": [0, 0, 0.5, 0.05], "texture": "#2"},
				"up": {"uv": [0, 0, 0.5, 0.5], "texture": "#1"},
				"down": {"uv": [0, 0, 0.5, 0.5], "texture": "#0"}
			}
		},
		{
			"from": [7, 0.4, 6],
			"to": [7.5, 0.45, 6.5],
			"rotation": {"angle": 0, "axis": "y", "origin": [0, -0.1, 0]},
			"faces": {
				"north": {"uv": [0, 0, 0.5, 0.05], "texture": "#2"},
				"east": {"uv": [0, 0, 0.5, 0.05], "texture": "#2"},
				"south": {"uv": [0, 0, 0.5, 0.05], "texture": "#2"},
				"west": {"uv": [0, 0, 0.5, 0.05], "texture": "#2"},
				"up": {"uv": [0, 0, 0.5, 0.5], "texture": "#1"},
				"down": {"uv": [0, 0, 0.5, 0.5], "texture": "#0"}
			}
		},
		{
			"from": [7.5, 0.4, 5.25],
			"to": [8, 0.45, 5.75],
			"rotation": {"angle": 0, "axis": "y", "origin": [0, -0.1, 0]},
			"faces": {
				"north": {"uv": [0, 0, 0.5, 0.05], "texture": "#2"},
				"east": {"uv": [0, 0, 0.5, 0.05], "texture": "#2"},
				"south": {"uv": [0, 0, 0.5, 0.05], "texture": "#2"},
				"west": {"uv": [0, 0, 0.5, 0.05], "texture": "#2"},
				"up": {"uv": [0, 0, 0.5, 0.5], "texture": "#1"},
				"down": {"uv": [0, 0, 0.5, 0.5], "texture": "#0"}
			}
		},
		{
			"from": [6.75, 0.4, 4.5],
			"to": [7.25, 0.45, 5],
			"rotation": {"angle": 0, "axis": "y", "origin": [0, -0.1, 0]},
			"faces": {
				"north": {"uv": [0, 0, 0.5, 0.05], "texture": "#2"},
				"east": {"uv": [0, 0, 0.5, 0.05], "texture": "#2"},
				"south": {"uv": [0, 0, 0.5, 0.05], "texture": "#2"},
				"west": {"uv": [0, 0, 0.5, 0.05], "texture": "#2"},
				"up": {"uv": [0, 0, 0.5, 0.5], "texture": "#1"},
				"down": {"uv": [0, 0, 0.5, 0.5], "texture": "#0"}
			}
		},
		{
			"from": [6.75, 0.4, 8.25],
			"to": [7.25, 0.45, 8.5],
			"rotation": {"angle": 0, "axis": "y", "origin": [0, -0.1, 0]},
			"faces": {
				"north": {"uv": [0, 0, 0.5, 0.05], "texture": "#2"},
				"east": {"uv": [0, 0, 0.25, 0.05], "texture": "#2"},
				"south": {"uv": [0, 0, 0.5, 0.05], "texture": "#2"},
				"west": {"uv": [0, 0, 0.25, 0.05], "texture": "#2"},
				"up": {"uv": [0, 0, 0.5, 0.25], "texture": "#1"},
				"down": {"uv": [0, 0, 0.5, 0.25], "texture": "#0"}
			}
		},
		{
			"from": [6.5, 0.4, 7.5],
			"to": [7, 0.45, 8],
			"rotation": {"angle": 0, "axis": "y", "origin": [0, -0.1, 0]},
			"faces": {
				"north": {"uv": [0, 0, 0.5, 0.05], "texture": "#2"},
				"east": {"uv": [0, 0, 0.5, 0.05], "texture": "#2"},
				"south": {"uv": [0, 0, 0.5, 0.05], "texture": "#2"},
				"west": {"uv": [0, 0, 0.5, 0.05], "texture": "#2"},
				"up": {"uv": [0, 0, 0.5, 0.5], "texture": "#1"},
				"down": {"uv": [0, 0, 0.5, 0.5], "texture": "#0"}
			}
		},
		{
			"from": [6.5, 0.4, 6.75],
			"to": [7, 0.45, 7.25],
			"rotation": {"angle": 0, "axis": "y", "origin": [0, -0.1, 0]},
			"faces": {
				"north": {"uv": [0, 0, 0.5, 0.05], "texture": "#2"},
				"east": {"uv": [0, 0, 0.5, 0.05], "texture": "#2"},
				"south": {"uv": [0, 0, 0.5, 0.05], "texture": "#2"},
				"west": {"uv": [0, 0, 0.5, 0.05], "texture": "#2"},
				"up": {"uv": [0, 0, 0.5, 0.5], "texture": "#1"},
				"down": {"uv": [0, 0, 0.5, 0.5], "texture": "#0"}
			}
		},
		{
			"from": [5.5, 0.4, 6],
			"to": [6, 0.45, 6.5],
			"rotation": {"angle": 0, "axis": "y", "origin": [0, -0.1, 0]},
			"faces": {
				"north": {"uv": [0, 0, 0.5, 0.05], "texture": "#2"},
				"east": {"uv": [0, 0, 0.5, 0.05], "texture": "#2"},
				"south": {"uv": [0, 0, 0.5, 0.05], "texture": "#2"},
				"west": {"uv": [0, 0, 0.5, 0.05], "texture": "#2"},
				"up": {"uv": [0, 0, 0.5, 0.5], "texture": "#1"},
				"down": {"uv": [0, 0, 0.5, 0.5], "texture": "#0"}
			}
		},
		{
			"from": [6.25, 0.4, 6],
			"to": [6.75, 0.45, 6.5],
			"rotation": {"angle": 0, "axis": "y", "origin": [0, -0.1, 0]},
			"faces": {
				"north": {"uv": [0, 0, 0.5, 0.05], "texture": "#2"},
				"east": {"uv": [0, 0, 0.5, 0.05], "texture": "#2"},
				"south": {"uv": [0, 0, 0.5, 0.05], "texture": "#2"},
				"west": {"uv": [0, 0, 0.5, 0.05], "texture": "#2"},
				"up": {"uv": [0, 0, 0.5, 0.5], "texture": "#1"},
				"down": {"uv": [0, 0, 0.5, 0.5], "texture": "#0"}
			}
		},
		{
			"from": [6.75, 0.4, 5.25],
			"to": [7.25, 0.45, 5.75],
			"rotation": {"angle": 0, "axis": "y", "origin": [0, -0.1, 0]},
			"faces": {
				"north": {"uv": [0, 0, 0.5, 0.05], "texture": "#2"},
				"east": {"uv": [0, 0, 0.5, 0.05], "texture": "#2"},
				"south": {"uv": [0, 0, 0.5, 0.05], "texture": "#2"},
				"west": {"uv": [0, 0, 0.5, 0.05], "texture": "#2"},
				"up": {"uv": [0, 0, 0.5, 0.5], "texture": "#1"},
				"down": {"uv": [0, 0, 0.5, 0.5], "texture": "#0"}
			}
		},
		{
			"from": [6, 0.4, 4.5],
			"to": [6.5, 0.45, 5],
			"rotation": {"angle": 0, "axis": "y", "origin": [0, -0.1, 0]},
			"faces": {
				"north": {"uv": [0, 0, 0.5, 0.05], "texture": "#2"},
				"east": {"uv": [0, 0, 0.5, 0.05], "texture": "#2"},
				"south": {"uv": [0, 0, 0.5, 0.05], "texture": "#2"},
				"west": {"uv": [0, 0, 0.5, 0.05], "texture": "#2"},
				"up": {"uv": [0, 0, 0.5, 0.5], "texture": "#1"},
				"down": {"uv": [0, 0, 0.5, 0.5], "texture": "#0"}
			}
		},
		{
			"from": [6, 0.4, 8.25],
			"to": [6.5, 0.45, 8.5],
			"rotation": {"angle": 0, "axis": "y", "origin": [0, -0.1, 0]},
			"faces": {
				"north": {"uv": [0, 0, 0.5, 0.05], "texture": "#2"},
				"east": {"uv": [0, 0, 0.25, 0.05], "texture": "#2"},
				"south": {"uv": [0, 0, 0.5, 0.05], "texture": "#2"},
				"west": {"uv": [0, 0, 0.25, 0.05], "texture": "#2"},
				"up": {"uv": [0, 0, 0.5, 0.25], "texture": "#1"},
				"down": {"uv": [0, 0, 0.5, 0.25], "texture": "#0"}
			}
		},
		{
			"from": [5.75, 0.4, 7.5],
			"to": [6.25, 0.45, 8],
			"rotation": {"angle": 0, "axis": "y", "origin": [0, -0.1, 0]},
			"faces": {
				"north": {"uv": [0, 0, 0.5, 0.05], "texture": "#2"},
				"east": {"uv": [0, 0, 0.5, 0.05], "texture": "#2"},
				"south": {"uv": [0, 0, 0.5, 0.05], "texture": "#2"},
				"west": {"uv": [0, 0, 0.5, 0.05], "texture": "#2"},
				"up": {"uv": [0, 0, 0.5, 0.5], "texture": "#1"},
				"down": {"uv": [0, 0, 0.5, 0.5], "texture": "#0"}
			}
		},
		{
			"from": [5.75, 0.4, 6.75],
			"to": [6.25, 0.45, 7.25],
			"rotation": {"angle": 0, "axis": "y", "origin": [0, -0.1, 0]},
			"faces": {
				"north": {"uv": [0, 0, 0.5, 0.05], "texture": "#2"},
				"east": {"uv": [0, 0, 0.5, 0.05], "texture": "#2"},
				"south": {"uv": [0, 0, 0.5, 0.05], "texture": "#2"},
				"west": {"uv": [0, 0, 0.5, 0.05], "texture": "#2"},
				"up": {"uv": [0, 0, 0.5, 0.5], "texture": "#1"},
				"down": {"uv": [0, 0, 0.5, 0.5], "texture": "#0"}
			}
		},
		{
			"from": [6, 0.4, 5.25],
			"to": [6.5, 0.45, 5.75],
			"rotation": {"angle": 0, "axis": "y", "origin": [0, -0.1, 0]},
			"faces": {
				"north": {"uv": [0, 0, 0.5, 0.05], "texture": "#2"},
				"east": {"uv": [0, 0, 0.5, 0.05], "texture": "#2"},
				"south": {"uv": [0, 0, 0.5, 0.05], "texture": "#2"},
				"west": {"uv": [0, 0, 0.5, 0.05], "texture": "#2"},
				"up": {"uv": [0, 0, 0.5, 0.5], "texture": "#1"},
				"down": {"uv": [0, 0, 0.5, 0.5], "texture": "#0"}
			}
		},
		{
			"from": [5.25, 0.4, 4.5],
			"to": [5.75, 0.45, 5],
			"rotation": {"angle": 0, "axis": "y", "origin": [0, -0.1, 0]},
			"faces": {
				"north": {"uv": [0, 0, 0.5, 0.05], "texture": "#2"},
				"east": {"uv": [0, 0, 0.5, 0.05], "texture": "#2"},
				"south": {"uv": [0, 0, 0.5, 0.05], "texture": "#2"},
				"west": {"uv": [0, 0, 0.5, 0.05], "texture": "#2"},
				"up": {"uv": [0, 0, 0.5, 0.5], "texture": "#1"},
				"down": {"uv": [0, 0, 0.5, 0.5], "texture": "#0"}
			}
		},
		{
			"from": [5.25, 0.4, 8.25],
			"to": [5.75, 0.45, 8.5],
			"rotation": {"angle": 0, "axis": "y", "origin": [0, -0.1, 0]},
			"faces": {
				"north": {"uv": [0, 0, 0.5, 0.05], "texture": "#2"},
				"east": {"uv": [0, 0, 0.25, 0.05], "texture": "#2"},
				"south": {"uv": [0, 0, 0.5, 0.05], "texture": "#2"},
				"west": {"uv": [0, 0, 0.25, 0.05], "texture": "#2"},
				"up": {"uv": [0, 0, 0.5, 0.25], "texture": "#1"},
				"down": {"uv": [0, 0, 0.5, 0.25], "texture": "#0"}
			}
		},
		{
			"from": [4.5, 0.4, 8.25],
			"to": [5, 0.45, 8.5],
			"rotation": {"angle": 0, "axis": "y", "origin": [0, -0.1, 0]},
			"faces": {
				"north": {"uv": [0, 0, 0.5, 0.05], "texture": "#2"},
				"east": {"uv": [0, 0, 0.25, 0.05], "texture": "#2"},
				"south": {"uv": [0, 0, 0.5, 0.05], "texture": "#2"},
				"west": {"uv": [0, 0, 0.25, 0.05], "texture": "#2"},
				"up": {"uv": [0, 0, 0.5, 0.25], "texture": "#1"},
				"down": {"uv": [0, 0, 0.5, 0.25], "texture": "#0"}
			}
		},
		{
			"from": [4.5, 0.4, 7.5],
			"to": [5.5, 0.45, 8],
			"rotation": {"angle": 0, "axis": "y", "origin": [0, -0.1, 0]},
			"faces": {
				"north": {"uv": [0, 0, 1, 0.05], "texture": "#2"},
				"east": {"uv": [0, 0, 0.5, 0.05], "texture": "#2"},
				"south": {"uv": [0, 0, 1, 0.05], "texture": "#2"},
				"west": {"uv": [0, 0, 0.5, 0.05], "texture": "#2"},
				"up": {"uv": [0, 0, 1, 0.5], "texture": "#1"},
				"down": {"uv": [0, 0, 1, 0.5], "texture": "#0"}
			}
		},
		{
			"from": [4.5, 0.4, 6.75],
			"to": [5.25, 0.45, 7.25],
			"rotation": {"angle": 0, "axis": "y", "origin": [0, -0.1, 0]},
			"faces": {
				"north": {"uv": [0, 0, 0.75, 0.05], "texture": "#2"},
				"east": {"uv": [0, 0, 0.5, 0.05], "texture": "#2"},
				"south": {"uv": [0, 0, 0.75, 0.05], "texture": "#2"},
				"west": {"uv": [0, 0, 0.5, 0.05], "texture": "#2"},
				"up": {"uv": [0, 0, 0.75, 0.5], "texture": "#1"},
				"down": {"uv": [0, 0, 0.75, 0.5], "texture": "#0"}
			}
		},
		{
			"from": [4.5, 0.4, 6],
			"to": [5.25, 0.45, 6.5],
			"rotation": {"angle": 0, "axis": "y", "origin": [0, -0.1, 0]},
			"faces": {
				"north": {"uv": [0, 0, 0.75, 0.05], "texture": "#2"},
				"east": {"uv": [0, 0, 0.5, 0.05], "texture": "#2"},
				"south": {"uv": [0, 0, 0.75, 0.05], "texture": "#2"},
				"west": {"uv": [0, 0, 0.5, 0.05], "texture": "#2"},
				"up": {"uv": [0, 0, 0.75, 0.5], "texture": "#1"},
				"down": {"uv": [0, 0, 0.75, 0.5], "texture": "#0"}
			}
		},
		{
			"from": [4.5, 0.4, 5.25],
			"to": [5.75, 0.45, 5.75],
			"rotation": {"angle": 0, "axis": "y", "origin": [0, -0.1, 0]},
			"faces": {
				"north": {"uv": [0, 0, 1.25, 0.05], "texture": "#2"},
				"east": {"uv": [0, 0, 0.5, 0.05], "texture": "#2"},
				"south": {"uv": [0, 0, 1.25, 0.05], "texture": "#2"},
				"west": {"uv": [0, 0, 0.5, 0.05], "texture": "#2"},
				"up": {"uv": [0, 0, 1.25, 0.5], "texture": "#1"},
				"down": {"uv": [0, 0, 1.25, 0.5], "texture": "#0"}
			}
		},
		{
			"from": [4.5, 0.4, 4.5],
			"to": [5, 0.45, 5],
			"rotation": {"angle": 0, "axis": "y", "origin": [0, -0.1, 0]},
			"faces": {
				"north": {"uv": [0, 0, 0.5, 0.05], "texture": "#2"},
				"east": {"uv": [0, 0, 0.5, 0.05], "texture": "#2"},
				"south": {"uv": [0, 0, 0.5, 0.05], "texture": "#2"},
				"west": {"uv": [0, 0, 0.5, 0.05], "texture": "#2"},
				"up": {"uv": [0, 0, 0.5, 0.5], "texture": "#1"},
				"down": {"uv": [0, 0, 0.5, 0.5], "texture": "#0"}
			}
		},
		{
			"from": [3.25, 0.4, 8],
			"to": [3.75, 0.45, 8.5],
			"rotation": {"angle": 0, "axis": "y", "origin": [0, -0.1, 0]},
			"faces": {
				"north": {"uv": [0, 0, 0.5, 0.05], "texture": "#2"},
				"east": {"uv": [0, 0, 0.5, 0.05], "texture": "#2"},
				"south": {"uv": [0, 0, 0.5, 0.05], "texture": "#2"},
				"west": {"uv": [0, 0, 0.5, 0.05], "texture": "#2"},
				"up": {"uv": [0, 0, 0.5, 0.5], "texture": "#1"},
				"down": {"uv": [0, 0, 0.5, 0.5], "texture": "#0"}
			}
		},
		{
			"from": [3.25, 0.4, 7.25],
			"to": [3.75, 0.45, 7.75],
			"rotation": {"angle": 0, "axis": "y", "origin": [0, -0.1, 0]},
			"faces": {
				"north": {"uv": [0, 0, 0.5, 0.05], "texture": "#2"},
				"east": {"uv": [0, 0, 0.5, 0.05], "texture": "#2"},
				"south": {"uv": [0, 0, 0.5, 0.05], "texture": "#2"},
				"west": {"uv": [0, 0, 0.5, 0.05], "texture": "#2"},
				"up": {"uv": [0, 0, 0.5, 0.5], "texture": "#1"},
				"down": {"uv": [0, 0, 0.5, 0.5], "texture": "#0"}
			}
		},
		{
			"from": [3.25, 0.4, 6.5],
			"to": [3.75, 0.45, 7],
			"rotation": {"angle": 0, "axis": "y", "origin": [0, -0.1, 0]},
			"faces": {
				"north": {"uv": [0, 0, 0.5, 0.05], "texture": "#2"},
				"east": {"uv": [0, 0, 0.5, 0.05], "texture": "#2"},
				"south": {"uv": [0, 0, 0.5, 0.05], "texture": "#2"},
				"west": {"uv": [0, 0, 0.5, 0.05], "texture": "#2"},
				"up": {"uv": [0, 0, 0.5, 0.5], "texture": "#1"},
				"down": {"uv": [0, 0, 0.5, 0.5], "texture": "#0"}
			}
		},
		{
			"from": [3.25, 0.4, 5.75],
			"to": [3.75, 0.45, 6.25],
			"rotation": {"angle": 0, "axis": "y", "origin": [0, -0.1, 0]},
			"faces": {
				"north": {"uv": [0, 0, 0.5, 0.05], "texture": "#2"},
				"east": {"uv": [0, 0, 0.5, 0.05], "texture": "#2"},
				"south": {"uv": [0, 0, 0.5, 0.05], "texture": "#2"},
				"west": {"uv": [0, 0, 0.5, 0.05], "texture": "#2"},
				"up": {"uv": [0, 0, 0.5, 0.5], "texture": "#1"},
				"down": {"uv": [0, 0, 0.5, 0.5], "texture": "#0"}
			}
		},
		{
			"from": [3.25, 0.4, 4.25],
			"to": [3.75, 0.45, 4.75],
			"rotation": {"angle": 0, "axis": "y", "origin": [0, -0.1, 0]},
			"faces": {
				"north": {"uv": [0, 0, 0.5, 0.05], "texture": "#2"},
				"east": {"uv": [0, 0, 0.5, 0.05], "texture": "#2"},
				"south": {"uv": [0, 0, 0.5, 0.05], "texture": "#2"},
				"west": {"uv": [0, 0, 0.5, 0.05], "texture": "#2"},
				"up": {"uv": [0, 0, 0.5, 0.5], "texture": "#1"},
				"down": {"uv": [0, 0, 0.5, 0.5], "texture": "#0"}
			}
		},
		{
			"from": [2.5, 0.4, 8],
			"to": [3, 0.45, 8.5],
			"rotation": {"angle": 0, "axis": "y", "origin": [0, -0.1, 0]},
			"faces": {
				"north": {"uv": [0, 0, 0.5, 0.05], "texture": "#2"},
				"east": {"uv": [0, 0, 0.5, 0.05], "texture": "#2"},
				"south": {"uv": [0, 0, 0.5, 0.05], "texture": "#2"},
				"west": {"uv": [0, 0, 0.5, 0.05], "texture": "#2"},
				"up": {"uv": [0, 0, 0.5, 0.5], "texture": "#1"},
				"down": {"uv": [0, 0, 0.5, 0.5], "texture": "#0"}
			}
		},
		{
			"from": [2.5, 0.4, 7.25],
			"to": [3, 0.45, 7.75],
			"rotation": {"angle": 0, "axis": "y", "origin": [0, -0.1, 0]},
			"faces": {
				"north": {"uv": [0, 0, 0.5, 0.05], "texture": "#2"},
				"east": {"uv": [0, 0, 0.5, 0.05], "texture": "#2"},
				"south": {"uv": [0, 0, 0.5, 0.05], "texture": "#2"},
				"west": {"uv": [0, 0, 0.5, 0.05], "texture": "#2"},
				"up": {"uv": [0, 0, 0.5, 0.5], "texture": "#1"},
				"down": {"uv": [0, 0, 0.5, 0.5], "texture": "#0"}
			}
		},
		{
			"from": [2.5, 0.4, 6.5],
			"to": [3, 0.45, 7],
			"rotation": {"angle": 0, "axis": "y", "origin": [0, -0.1, 0]},
			"faces": {
				"north": {"uv": [0, 0, 0.5, 0.05], "texture": "#2"},
				"east": {"uv": [0, 0, 0.5, 0.05], "texture": "#2"},
				"south": {"uv": [0, 0, 0.5, 0.05], "texture": "#2"},
				"west": {"uv": [0, 0, 0.5, 0.05], "texture": "#2"},
				"up": {"uv": [0, 0, 0.5, 0.5], "texture": "#1"},
				"down": {"uv": [0, 0, 0.5, 0.5], "texture": "#0"}
			}
		},
		{
			"from": [2.5, 0.4, 5.75],
			"to": [3, 0.45, 6.25],
			"rotation": {"angle": 0, "axis": "y", "origin": [0, -0.1, 0]},
			"faces": {
				"north": {"uv": [0, 0, 0.5, 0.05], "texture": "#2"},
				"east": {"uv": [0, 0, 0.5, 0.05], "texture": "#2"},
				"south": {"uv": [0, 0, 0.5, 0.05], "texture": "#2"},
				"west": {"uv": [0, 0, 0.5, 0.05], "texture": "#2"},
				"up": {"uv": [0, 0, 0.5, 0.5], "texture": "#1"},
				"down": {"uv": [0, 0, 0.5, 0.5], "texture": "#0"}
			}
		},
		{
			"from": [2.5, 0.4, 5],
			"to": [3, 0.45, 5.5],
			"rotation": {"angle": 0, "axis": "y", "origin": [0, -0.1, 0]},
			"faces": {
				"north": {"uv": [0, 0, 0.5, 0.05], "texture": "#2"},
				"east": {"uv": [0, 0, 0.5, 0.05], "texture": "#2"},
				"south": {"uv": [0, 0, 0.5, 0.05], "texture": "#2"},
				"west": {"uv": [0, 0, 0.5, 0.05], "texture": "#2"},
				"up": {"uv": [0, 0, 0.5, 0.5], "texture": "#1"},
				"down": {"uv": [0, 0, 0.5, 0.5], "texture": "#0"}
			}
		},
		{
			"from": [2.5, 0.4, 4.25],
			"to": [3, 0.45, 4.75],
			"rotation": {"angle": 0, "axis": "y", "origin": [0, -0.1, 0]},
			"faces": {
				"north": {"uv": [0, 0, 0.5, 0.05], "texture": "#2"},
				"east": {"uv": [0, 0, 0.5, 0.05], "texture": "#2"},
				"south": {"uv": [0, 0, 0.5, 0.05], "texture": "#2"},
				"west": {"uv": [0, 0, 0.5, 0.05], "texture": "#2"},
				"up": {"uv": [0, 0, 0.5, 0.5], "texture": "#1"},
				"down": {"uv": [0, 0, 0.5, 0.5], "texture": "#0"}
			}
		},
		{
			"from": [1.75, 0.4, 8],
			"to": [2.25, 0.45, 8.5],
			"rotation": {"angle": 0, "axis": "y", "origin": [0, -0.1, 0]},
			"faces": {
				"north": {"uv": [0, 0, 0.5, 0.05], "texture": "#2"},
				"east": {"uv": [0, 0, 0.5, 0.05], "texture": "#2"},
				"south": {"uv": [0, 0, 0.5, 0.05], "texture": "#2"},
				"west": {"uv": [0, 0, 0.5, 0.05], "texture": "#2"},
				"up": {"uv": [0, 0, 0.5, 0.5], "texture": "#1"},
				"down": {"uv": [0, 0, 0.5, 0.5], "texture": "#0"}
			}
		},
		{
			"from": [1.75, 0.4, 7.25],
			"to": [2.25, 0.45, 7.75],
			"rotation": {"angle": 0, "axis": "y", "origin": [0, -0.1, 0]},
			"faces": {
				"north": {"uv": [0, 0, 0.5, 0.05], "texture": "#2"},
				"east": {"uv": [0, 0, 0.5, 0.05], "texture": "#2"},
				"south": {"uv": [0, 0, 0.5, 0.05], "texture": "#2"},
				"west": {"uv": [0, 0, 0.5, 0.05], "texture": "#2"},
				"up": {"uv": [0, 0, 0.5, 0.5], "texture": "#1"},
				"down": {"uv": [0, 0, 0.5, 0.5], "texture": "#0"}
			}
		},
		{
			"from": [1.75, 0.4, 6.5],
			"to": [2.25, 0.45, 7],
			"rotation": {"angle": 0, "axis": "y", "origin": [0, -0.1, 0]},
			"faces": {
				"north": {"uv": [0, 0, 0.5, 0.05], "texture": "#2"},
				"east": {"uv": [0, 0, 0.5, 0.05], "texture": "#2"},
				"south": {"uv": [0, 0, 0.5, 0.05], "texture": "#2"},
				"west": {"uv": [0, 0, 0.5, 0.05], "texture": "#2"},
				"up": {"uv": [0, 0, 0.5, 0.5], "texture": "#1"},
				"down": {"uv": [0, 0, 0.5, 0.5], "texture": "#0"}
			}
		},
		{
			"from": [1.75, 0.4, 5.75],
			"to": [2.25, 0.45, 6.25],
			"rotation": {"angle": 0, "axis": "y", "origin": [0, -0.1, 0]},
			"faces": {
				"north": {"uv": [0, 0, 0.5, 0.05], "texture": "#2"},
				"east": {"uv": [0, 0, 0.5, 0.05], "texture": "#2"},
				"south": {"uv": [0, 0, 0.5, 0.05], "texture": "#2"},
				"west": {"uv": [0, 0, 0.5, 0.05], "texture": "#2"},
				"up": {"uv": [0, 0, 0.5, 0.5], "texture": "#1"},
				"down": {"uv": [0, 0, 0.5, 0.5], "texture": "#0"}
			}
		},
		{
			"from": [1.75, 0.4, 4.25],
			"to": [2.25, 0.45, 4.75],
			"rotation": {"angle": 0, "axis": "y", "origin": [0, -0.1, 0]},
			"faces": {
				"north": {"uv": [0, 0, 0.5, 0.05], "texture": "#2"},
				"east": {"uv": [0, 0, 0.5, 0.05], "texture": "#2"},
				"south": {"uv": [0, 0, 0.5, 0.05], "texture": "#2"},
				"west": {"uv": [0, 0, 0.5, 0.05], "texture": "#2"},
				"up": {"uv": [0, 0, 0.5, 0.5], "texture": "#1"},
				"down": {"uv": [0, 0, 0.5, 0.5], "texture": "#0"}
			}
		}
	],
	"display": {
		"thirdperson_righthand": {
			"rotation": [37, -180, 0],
			"translation": [-0.5, 8.75, -0.25]
		},
		"thirdperson_lefthand": {
			"rotation": [37, -180, 0],
			"translation": [-0.5, 8.75, -0.25]
		},
		"firstperson_righthand": {
			"rotation": [10.25, -180, 0],
			"translation": [-0.5, 8.75, -2.75]
		},
		"firstperson_lefthand": {
			"rotation": [10.25, -180, 0],
			"translation": [-0.5, 8.75, -2.75]
		},
		"ground": {
			"translation": [0, 6, 0]
		},
		"gui": {
			"rotation": [37, -148, 0],
			"translation": [0, 2.75, -0.25],
			"scale": [0.77, 0.77, 0.77]
		},
		"head": {
			"translation": [0, 15, 2.75]
		},
		"fixed": {
			"rotation": [-90, 0, 0],
			"translation": [0, 0, -12],
			"scale": [1.49, 1.49, 1.49]
		}
	},
	"groups": [
		{
			"name": "group",
			"origin": [0, 12.46924, 15.66832],
			"children": [
				{
					"name": "group",
					"origin": [0, 0, 0],
					"children": [0, 1, 2, 3, 4, 5, 6, 7, 8, 9]
				},
				{
					"name": "group",
					"origin": [0, 12.25625, 12.97541],
					"children": [10, 11, 12, 13, 14, 15, 16, 17]
				}
			]
		},
		{
			"name": "group",
			"origin": [8, 8, 8],
			"children": [18, 19, 20, 21, 22, 23, 24, 25, 26, 27, 28, 29, 30, 31, 32, 33, 34, 35, 36, 37, 38, 39, 40, 41, 42, 43, 44, 45, 46, 47, 48, 49, 50, 51, 52, 53, 54, 55, 56, 57, 58, 59, 60, 61, 62, 63, 64, 65, 66, 67, 68, 69, 70, 71, 72, 73, 74, 75, 76, 77, 78, 79, 80, 81, 82, 83, 84, 85, 86, 87, 88, 89, 90, 91, 92, 93, 94, 95, 96, 97, 98, 99, 100, 101, 102, 103, 104, 105, 106]
		}
	]
}