{
	"credit": "Made with Blockbench",
	"textures": {
		"0": "optifine/cit/icons/random/speaker_top",
		"1": "optifine/cit/icons/random/speaker_bottom",
		"2": "optifine/cit/icons/random/speaker_side_off",
		"particle": "optifine/cit/icons/random/speaker_top"
	},
	"elements": [
		{
			"from": [0.25, 0.25, 0.25],
			"to": [15.75, 15.75, 15.75],
			"faces": {
				"north": {"uv": [0, 0, 16, 16], "texture": "#2", "cullface": "north"},
				"east": {"uv": [0, 0, 16, 16], "texture": "#2", "cullface": "east"},
				"south": {"uv": [0, 0, 16, 16], "texture": "#2", "cullface": "south"},
				"west": {"uv": [0, 0, 16, 16], "texture": "#2", "cullface": "west"},
				"up": {"uv": [0, 0, 16, 16], "texture": "#0", "cullface": "up"},
				"down": {"uv": [0, 0, 16, 16], "texture": "#1", "cullface": "down"}
			}
		},
		{
			"from": [1.5, 15.5, 11],
			"to": [5, 16, 14.5],
			"rotation": {"angle": 0, "axis": "y", "origin": [8.25, 8.25, 7.75]},
			"faces": {
				"north": {"uv": [10.75, -0.25, 14.75, 0.75], "texture": "#2", "cullface": "north"},
				"east": {"uv": [1.25, -0.25, 5.25, 0.75], "texture": "#2", "cullface": "east"},
				"south": {"uv": [1.25, -0.25, 5.25, 0.75], "texture": "#2", "cullface": "south"},
				"west": {"uv": [10.75, -0.25, 14.75, 0.75], "texture": "#2", "cullface": "west"},
				"up": {"uv": [1.25, 10.75, 5.25, 14.75], "texture": "#0", "cullface": "up"},
				"down": {"uv": [1.25, 1.25, 5.25, 5.25], "texture": "#1", "cullface": "down"}
			}
		},
		{
			"from": [6.25, 15.5, 11.25],
			"to": [9.75, 16, 14.75],
			"rotation": {"angle": 0, "axis": "y", "origin": [13, 8.25, 8]},
			"faces": {
				"north": {"uv": [6, -0.25, 10, 0.75], "texture": "#2", "cullface": "north"},
				"east": {"uv": [1, -0.25, 5, 0.75], "texture": "#2", "cullface": "east"},
				"south": {"uv": [6, -0.25, 10, 0.75], "texture": "#2", "cullface": "south"},
				"west": {"uv": [11, -0.25, 15, 0.75], "texture": "#2", "cullface": "west"},
				"up": {"uv": [6, 11, 10, 15], "texture": "#0", "cullface": "up"},
				"down": {"uv": [6, 1, 10, 5], "texture": "#1", "cullface": "down"}
			}
		},
		{
			"from": [11, 15.5, 11],
			"to": [14.5, 16, 14.5],
			"rotation": {"angle": 0, "axis": "y", "origin": [17.75, 8.25, 7.75]},
			"faces": {
				"north": {"uv": [1.25, -0.25, 5.25, 0.75], "texture": "#2", "cullface": "north"},
				"east": {"uv": [1.25, -0.25, 5.25, 0.75], "texture": "#2", "cullface": "east"},
				"south": {"uv": [10.75, -0.25, 14.75, 0.75], "texture": "#2", "cullface": "south"},
				"west": {"uv": [10.75, -0.25, 14.75, 0.75], "texture": "#2", "cullface": "west"},
				"up": {"uv": [10.75, 10.75, 14.75, 14.75], "texture": "#0", "cullface": "up"},
				"down": {"uv": [10.75, 1.25, 14.75, 5.25], "texture": "#1", "cullface": "down"}
			}
		},
		{
			"from": [1.5, 15.5, 6.25],
			"to": [5, 16, 9.75],
			"rotation": {"angle": 0, "axis": "y", "origin": [8.25, 8.25, 3]},
			"faces": {
				"north": {"uv": [10.75, -0.25, 14.75, 0.75], "texture": "#2", "cullface": "north"},
				"east": {"uv": [6, -0.25, 10, 0.75], "texture": "#2", "cullface": "east"},
				"south": {"uv": [1.25, -0.25, 5.25, 0.75], "texture": "#2", "cullface": "south"},
				"west": {"uv": [6, -0.25, 10, 0.75], "texture": "#2", "cullface": "west"},
				"up": {"uv": [1.25, 6, 5.25, 10], "texture": "#0", "cullface": "up"},
				"down": {"uv": [1.25, 6, 5.25, 10], "texture": "#1", "cullface": "down"}
			}
		},
		{
			"from": [6.25, 15.5, 6.25],
			"to": [9.75, 16, 9.75],
			"rotation": {"angle": 0, "axis": "y", "origin": [13, 8.25, 3]},
			"faces": {
				"north": {"uv": [6, -0.25, 10, 0.75], "texture": "#2", "cullface": "north"},
				"east": {"uv": [6, -0.25, 10, 0.75], "texture": "#2", "cullface": "east"},
				"south": {"uv": [6, -0.25, 10, 0.75], "texture": "#2", "cullface": "south"},
				"west": {"uv": [6, -0.25, 10, 0.75], "texture": "#2", "cullface": "west"},
				"up": {"uv": [6, 6, 10, 10], "texture": "#0", "cullface": "up"},
				"down": {"uv": [6, 6, 10, 10], "texture": "#1", "cullface": "down"}
			}
		},
		{
			"from": [11, 15.5, 6.25],
			"to": [14.5, 16, 9.75],
			"rotation": {"angle": 0, "axis": "y", "origin": [17.75, 8.25, 3]},
			"faces": {
				"north": {"uv": [1.25, -0.25, 5.25, 0.75], "texture": "#2", "cullface": "north"},
				"east": {"uv": [6, -0.25, 10, 0.75], "texture": "#2", "cullface": "east"},
				"south": {"uv": [10.75, -0.25, 14.75, 0.75], "texture": "#2", "cullface": "south"},
				"west": {"uv": [6, -0.25, 10, 0.75], "texture": "#2", "cullface": "west"},
				"up": {"uv": [10.75, 6, 14.75, 10], "texture": "#0", "cullface": "up"},
				"down": {"uv": [10.75, 6, 14.75, 10], "texture": "#1", "cullface": "down"}
			}
		},
		{
			"from": [1.5, 15.5, 1.5],
			"to": [5, 16, 5],
			"rotation": {"angle": 0, "axis": "y", "origin": [8.25, 8.25, -1.75]},
			"faces": {
				"north": {"uv": [10.75, -0.25, 14.75, 0.75], "texture": "#2", "cullface": "north"},
				"east": {"uv": [10.75, -0.25, 14.75, 0.75], "texture": "#2", "cullface": "east"},
				"south": {"uv": [1.25, -0.25, 5.25, 0.75], "texture": "#2", "cullface": "south"},
				"west": {"uv": [1.25, -0.25, 5.25, 0.75], "texture": "#2", "cullface": "west"},
				"up": {"uv": [1.25, 1.25, 5.25, 5.25], "texture": "#0", "cullface": "up"},
				"down": {"uv": [1.25, 10.75, 5.25, 14.75], "texture": "#1", "cullface": "down"}
			}
		},
		{
			"from": [6.25, 15.5, 1.5],
			"to": [9.75, 16, 5],
			"rotation": {"angle": 0, "axis": "y", "origin": [13, 8.25, -1.75]},
			"faces": {
				"north": {"uv": [6, -0.25, 10, 0.75], "texture": "#2", "cullface": "north"},
				"east": {"uv": [10.75, -0.25, 14.75, 0.75], "texture": "#2", "cullface": "east"},
				"south": {"uv": [6, -0.25, 10, 0.75], "texture": "#2", "cullface": "south"},
				"west": {"uv": [1.25, -0.25, 5.25, 0.75], "texture": "#2", "cullface": "west"},
				"up": {"uv": [6, 1.25, 10, 5.25], "texture": "#0", "cullface": "up"},
				"down": {"uv": [6, 10.75, 10, 14.75], "texture": "#1", "cullface": "down"}
			}
		},
		{
			"from": [11, 15.5, 1.5],
			"to": [14.5, 16, 5],
			"rotation": {"angle": 0, "axis": "y", "origin": [17.75, 8.25, -1.75]},
			"faces": {
				"north": {"uv": [1.25, -0.25, 5.25, 0.75], "texture": "#2", "cullface": "north"},
				"east": {"uv": [10.75, -0.25, 14.75, 0.75], "texture": "#2", "cullface": "east"},
				"south": {"uv": [10.75, -0.25, 14.75, 0.75], "texture": "#2", "cullface": "south"},
				"west": {"uv": [1.25, -0.25, 5.25, 0.75], "texture": "#2", "cullface": "west"},
				"up": {"uv": [10.75, 1.25, 14.75, 5.25], "texture": "#0", "cullface": "up"},
				"down": {"uv": [10.75, 10.75, 14.75, 14.75], "texture": "#1", "cullface": "down"}
			}
		},
		{
			"from": [0, 0, 15],
			"to": [16, 1, 16],
			"faces": {
				"north": {"uv": [0, 15, 16, 16], "texture": "#2", "cullface": "north"},
				"east": {"uv": [0, 15, 1, 16], "texture": "#2", "cullface": "east"},
				"south": {"uv": [0, 15, 16, 16], "texture": "#2", "cullface": "south"},
				"west": {"uv": [15, 15, 16, 16], "texture": "#2", "cullface": "west"},
				"up": {"uv": [0, 15, 16, 16], "texture": "#0", "cullface": "up"},
				"down": {"uv": [0, 0, 16, 1], "texture": "#1", "cullface": "down"}
			}
		},
		{
			"from": [15, 0, 0],
			"to": [16, 1, 16],
			"faces": {
				"north": {"uv": [0, 15, 1, 16], "texture": "#2", "cullface": "north"},
				"east": {"uv": [0, 15, 16, 16], "texture": "#2", "cullface": "east"},
				"south": {"uv": [15, 15, 16, 16], "texture": "#2", "cullface": "south"},
				"west": {"uv": [0, 15, 16, 16], "texture": "#2", "cullface": "west"},
				"up": {"uv": [15, 0, 16, 16], "texture": "#0", "cullface": "up"},
				"down": {"uv": [15, 0, 16, 16], "texture": "#1", "cullface": "down"}
			}
		},
		{
			"from": [0, 0, 0],
			"to": [16, 1, 1],
			"faces": {
				"north": {"uv": [0, 15, 16, 16], "texture": "#2", "cullface": "north"},
				"east": {"uv": [15, 15, 16, 16], "texture": "#2", "cullface": "east"},
				"south": {"uv": [0, 15, 16, 16], "texture": "#2", "cullface": "south"},
				"west": {"uv": [0, 15, 1, 16], "texture": "#2", "cullface": "west"},
				"up": {"uv": [0, 0, 16, 1], "texture": "#0", "cullface": "up"},
				"down": {"uv": [0, 15, 16, 16], "texture": "#1", "cullface": "down"}
			}
		},
		{
			"from": [0, 0, 0],
			"to": [1, 1, 16],
			"faces": {
				"north": {"uv": [15, 15, 16, 16], "texture": "#2", "cullface": "north"},
				"east": {"uv": [0, 15, 16, 16], "texture": "#2", "cullface": "east"},
				"south": {"uv": [0, 15, 1, 16], "texture": "#2", "cullface": "south"},
				"west": {"uv": [0, 15, 16, 16], "texture": "#2", "cullface": "west"},
				"up": {"uv": [0, 0, 1, 16], "texture": "#0", "cullface": "up"},
				"down": {"uv": [0, 0, 1, 16], "texture": "#1", "cullface": "down"}
			}
		},
		{
			"from": [10, 0, 0],
			"to": [11, 16, 1],
			"faces": {
				"north": {"uv": [5, 0, 6, 16], "texture": "#2", "cullface": "north"},
				"east": {"uv": [15, 0, 16, 16], "texture": "#2", "cullface": "east"},
				"south": {"uv": [10, 0, 11, 16], "texture": "#2", "cullface": "south"},
				"west": {"uv": [0, 0, 1, 16], "texture": "#2", "cullface": "west"},
				"up": {"uv": [10, 0, 11, 1], "texture": "#0", "cullface": "up"},
				"down": {"uv": [10, 15, 11, 16], "texture": "#1", "cullface": "down"}
			}
		},
		{
			"from": [5, 0, 0],
			"to": [6, 16, 1],
			"faces": {
				"north": {"uv": [10, 0, 11, 16], "texture": "#2", "cullface": "north"},
				"east": {"uv": [15, 0, 16, 16], "texture": "#2", "cullface": "east"},
				"south": {"uv": [5, 0, 6, 16], "texture": "#2", "cullface": "south"},
				"west": {"uv": [0, 0, 1, 16], "texture": "#2", "cullface": "west"},
				"up": {"uv": [5, 0, 6, 1], "texture": "#0", "cullface": "up"},
				"down": {"uv": [5, 15, 6, 16], "texture": "#1", "cullface": "down"}
			}
		},
		{
			"from": [0, 0, 0],
			"to": [1, 16, 1],
			"rotation": {"angle": 0, "axis": "y", "origin": [3, 8, 8]},
			"faces": {
				"north": {"uv": [15, 0, 16, 16], "texture": "#2", "cullface": "north"},
				"east": {"uv": [15, 0, 16, 16], "texture": "#2", "cullface": "east"},
				"south": {"uv": [0, 0, 1, 16], "texture": "#2", "cullface": "south"},
				"west": {"uv": [0, 0, 1, 16], "texture": "#2", "cullface": "west"},
				"up": {"uv": [0, 0, 1, 1], "texture": "#0", "cullface": "up"},
				"down": {"uv": [0, 15, 1, 16], "texture": "#1", "cullface": "down"}
			}
		},
		{
			"from": [0, 0, 10],
			"to": [1, 16, 11],
			"faces": {
				"north": {"uv": [15, 0, 16, 16], "texture": "#2", "cullface": "north"},
				"east": {"uv": [5, 0, 6, 16], "texture": "#2", "cullface": "east"},
				"south": {"uv": [0, 0, 1, 16], "texture": "#2", "cullface": "south"},
				"west": {"uv": [10, 0, 11, 16], "texture": "#2", "cullface": "west"},
				"up": {"uv": [0, 10, 1, 11], "texture": "#0", "cullface": "up"},
				"down": {"uv": [0, 5, 1, 6], "texture": "#1", "cullface": "down"}
			}
		},
		{
			"from": [0, 0, 5],
			"to": [1, 16, 6],
			"faces": {
				"north": {"uv": [15, 0, 16, 16], "texture": "#2", "cullface": "north"},
				"east": {"uv": [10, 0, 11, 16], "texture": "#2", "cullface": "east"},
				"south": {"uv": [0, 0, 1, 16], "texture": "#2", "cullface": "south"},
				"west": {"uv": [5, 0, 6, 16], "texture": "#2", "cullface": "west"},
				"up": {"uv": [0, 5, 1, 6], "texture": "#0", "cullface": "up"},
				"down": {"uv": [0, 10, 1, 11], "texture": "#1", "cullface": "down"}
			}
		},
		{
			"from": [0, 15, 0],
			"to": [16, 16, 1],
			"faces": {
				"north": {"uv": [0, 0, 16, 1], "texture": "#2", "cullface": "north"},
				"east": {"uv": [15, 0, 16, 1], "texture": "#2", "cullface": "east"},
				"south": {"uv": [0, 0, 16, 1], "texture": "#2", "cullface": "south"},
				"west": {"uv": [0, 0, 1, 1], "texture": "#2", "cullface": "west"},
				"up": {"uv": [0, 0, 16, 1], "texture": "#0", "cullface": "up"},
				"down": {"uv": [0, 15, 16, 16], "texture": "#1", "cullface": "down"}
			}
		},
		{
			"from": [0, 10, 0],
			"to": [16, 11, 1],
			"rotation": {"angle": 0, "axis": "y", "origin": [8, 3, 8]},
			"faces": {
				"north": {"uv": [0, 5, 16, 6], "texture": "#2", "cullface": "north"},
				"east": {"uv": [15, 5, 16, 6], "texture": "#2", "cullface": "east"},
				"south": {"uv": [0, 5, 16, 6], "texture": "#2", "cullface": "south"},
				"west": {"uv": [0, 5, 1, 6], "texture": "#2", "cullface": "west"},
				"up": {"uv": [0, 0, 16, 1], "texture": "#0", "cullface": "up"},
				"down": {"uv": [0, 15, 16, 16], "texture": "#1", "cullface": "down"}
			}
		},
		{
			"from": [0, 5, 0],
			"to": [16, 6, 1],
			"rotation": {"angle": 0, "axis": "y", "origin": [8, -2, 8]},
			"faces": {
				"north": {"uv": [0, 10, 16, 11], "texture": "#2", "cullface": "north"},
				"east": {"uv": [15, 10, 16, 11], "texture": "#2", "cullface": "east"},
				"south": {"uv": [0, 10, 16, 11], "texture": "#2", "cullface": "south"},
				"west": {"uv": [0, 10, 1, 11], "texture": "#2", "cullface": "west"},
				"up": {"uv": [0, 0, 16, 1], "texture": "#0", "cullface": "up"},
				"down": {"uv": [0, 15, 16, 16], "texture": "#1", "cullface": "down"}
			}
		},
		{
			"from": [15, 0, 10],
			"to": [16, 16, 11],
			"faces": {
				"north": {"uv": [0, 0, 1, 16], "texture": "#2", "cullface": "north"},
				"east": {"uv": [5, 0, 6, 16], "texture": "#2", "cullface": "east"},
				"south": {"uv": [15, 0, 16, 16], "texture": "#2", "cullface": "south"},
				"west": {"uv": [10, 0, 11, 16], "texture": "#2", "cullface": "west"},
				"up": {"uv": [15, 10, 16, 11], "texture": "#0", "cullface": "up"},
				"down": {"uv": [15, 5, 16, 6], "texture": "#1", "cullface": "down"}
			}
		},
		{
			"from": [15, 0, 0],
			"to": [16, 16, 1],
			"rotation": {"angle": 0, "axis": "y", "origin": [8, 8, -2]},
			"faces": {
				"north": {"uv": [0, 0, 1, 16], "texture": "#2", "cullface": "north"},
				"east": {"uv": [15, 0, 16, 16], "texture": "#2", "cullface": "east"},
				"south": {"uv": [15, 0, 16, 16], "texture": "#2", "cullface": "south"},
				"west": {"uv": [0, 0, 1, 16], "texture": "#2", "cullface": "west"},
				"up": {"uv": [15, 0, 16, 1], "texture": "#0", "cullface": "up"},
				"down": {"uv": [15, 15, 16, 16], "texture": "#1", "cullface": "down"}
			}
		},
		{
			"from": [15, 0, 5],
			"to": [16, 16, 6],
			"rotation": {"angle": 0, "axis": "y", "origin": [8, 8, 3]},
			"faces": {
				"north": {"uv": [0, 0, 1, 16], "texture": "#2", "cullface": "north"},
				"east": {"uv": [10, 0, 11, 16], "texture": "#2", "cullface": "east"},
				"south": {"uv": [15, 0, 16, 16], "texture": "#2", "cullface": "south"},
				"west": {"uv": [5, 0, 6, 16], "texture": "#2", "cullface": "west"},
				"up": {"uv": [15, 5, 16, 6], "texture": "#0", "cullface": "up"},
				"down": {"uv": [15, 10, 16, 11], "texture": "#1", "cullface": "down"}
			}
		},
		{
			"from": [15, 15, 0],
			"to": [16, 16, 16],
			"faces": {
				"north": {"uv": [0, 0, 1, 1], "texture": "#2", "cullface": "north"},
				"east": {"uv": [0, 0, 16, 1], "texture": "#2", "cullface": "east"},
				"south": {"uv": [15, 0, 16, 1], "texture": "#2", "cullface": "south"},
				"west": {"uv": [0, 0, 16, 1], "texture": "#2", "cullface": "west"},
				"up": {"uv": [15, 0, 16, 16], "texture": "#0", "cullface": "up"},
				"down": {"uv": [15, 0, 16, 16], "texture": "#1", "cullface": "down"}
			}
		},
		{
			"from": [15, 10, 0],
			"to": [16, 11, 16],
			"rotation": {"angle": 0, "axis": "y", "origin": [8, 3, 8]},
			"faces": {
				"north": {"uv": [0, 5, 1, 6], "texture": "#2", "cullface": "north"},
				"east": {"uv": [0, 5, 16, 6], "texture": "#2", "cullface": "east"},
				"south": {"uv": [15, 5, 16, 6], "texture": "#2", "cullface": "south"},
				"west": {"uv": [0, 5, 16, 6], "texture": "#2", "cullface": "west"},
				"up": {"uv": [15, 0, 16, 16], "texture": "#0", "cullface": "up"},
				"down": {"uv": [15, 0, 16, 16], "texture": "#1", "cullface": "down"}
			}
		},
		{
			"from": [15, 5, 0],
			"to": [16, 6, 16],
			"rotation": {"angle": 0, "axis": "y", "origin": [8, -2, 8]},
			"faces": {
				"north": {"uv": [0, 10, 1, 11], "texture": "#2", "cullface": "north"},
				"east": {"uv": [0, 10, 16, 11], "texture": "#2", "cullface": "east"},
				"south": {"uv": [15, 10, 16, 11], "texture": "#2", "cullface": "south"},
				"west": {"uv": [0, 10, 16, 11], "texture": "#2", "cullface": "west"},
				"up": {"uv": [15, 0, 16, 16], "texture": "#0", "cullface": "up"},
				"down": {"uv": [15, 0, 16, 16], "texture": "#1", "cullface": "down"}
			}
		},
		{
			"from": [15, 0, 15],
			"to": [16, 16, 16],
			"faces": {
				"north": {"uv": [0, 0, 1, 16], "texture": "#2", "cullface": "north"},
				"east": {"uv": [0, 0, 1, 16], "texture": "#2", "cullface": "east"},
				"south": {"uv": [15, 0, 16, 16], "texture": "#2", "cullface": "south"},
				"west": {"uv": [15, 0, 16, 16], "texture": "#2", "cullface": "west"},
				"up": {"uv": [15, 15, 16, 16], "texture": "#0", "cullface": "up"},
				"down": {"uv": [15, 0, 16, 1], "texture": "#1", "cullface": "down"}
			}
		},
		{
			"from": [10, 0, 15],
			"to": [11, 16, 16],
			"rotation": {"angle": 0, "axis": "y", "origin": [3, 8, 8]},
			"faces": {
				"north": {"uv": [5, 0, 6, 16], "texture": "#2", "cullface": "north"},
				"east": {"uv": [0, 0, 1, 16], "texture": "#2", "cullface": "east"},
				"south": {"uv": [10, 0, 11, 16], "texture": "#2", "cullface": "south"},
				"west": {"uv": [15, 0, 16, 16], "texture": "#2", "cullface": "west"},
				"up": {"uv": [10, 15, 11, 16], "texture": "#0", "cullface": "up"},
				"down": {"uv": [10, 0, 11, 1], "texture": "#1", "cullface": "down"}
			}
		},
		{
			"from": [5, 0, 15],
			"to": [6, 16, 16],
			"rotation": {"angle": 0, "axis": "y", "origin": [-2, 8, 8]},
			"faces": {
				"north": {"uv": [10, 0, 11, 16], "texture": "#2", "cullface": "north"},
				"east": {"uv": [0, 0, 1, 16], "texture": "#2", "cullface": "east"},
				"south": {"uv": [5, 0, 6, 16], "texture": "#2", "cullface": "south"},
				"west": {"uv": [15, 0, 16, 16], "texture": "#2", "cullface": "west"},
				"up": {"uv": [5, 15, 6, 16], "texture": "#0", "cullface": "up"},
				"down": {"uv": [5, 0, 6, 1], "texture": "#1", "cullface": "down"}
			}
		},
		{
			"from": [0, 15, 15],
			"to": [16, 16, 16],
			"faces": {
				"north": {"uv": [0, 0, 16, 1], "texture": "#2", "cullface": "north"},
				"east": {"uv": [0, 0, 1, 1], "texture": "#2", "cullface": "east"},
				"south": {"uv": [0, 0, 16, 1], "texture": "#2", "cullface": "south"},
				"west": {"uv": [15, 0, 16, 1], "texture": "#2", "cullface": "west"},
				"up": {"uv": [0, 15, 16, 16], "texture": "#0", "cullface": "up"},
				"down": {"uv": [0, 0, 16, 1], "texture": "#1", "cullface": "down"}
			}
		},
		{
			"from": [0, 10, 15],
			"to": [16, 11, 16],
			"rotation": {"angle": 0, "axis": "y", "origin": [8, 3, 8]},
			"faces": {
				"north": {"uv": [0, 5, 16, 6], "texture": "#2", "cullface": "north"},
				"east": {"uv": [0, 5, 1, 6], "texture": "#2", "cullface": "east"},
				"south": {"uv": [0, 5, 16, 6], "texture": "#2", "cullface": "south"},
				"west": {"uv": [15, 5, 16, 6], "texture": "#2", "cullface": "west"},
				"up": {"uv": [0, 15, 16, 16], "texture": "#0", "cullface": "up"},
				"down": {"uv": [0, 0, 16, 1], "texture": "#1", "cullface": "down"}
			}
		},
		{
			"from": [0, 5, 15],
			"to": [16, 6, 16],
			"rotation": {"angle": 0, "axis": "y", "origin": [8, -2, 8]},
			"faces": {
				"north": {"uv": [0, 10, 16, 11], "texture": "#2", "cullface": "north"},
				"east": {"uv": [0, 10, 1, 11], "texture": "#2", "cullface": "east"},
				"south": {"uv": [0, 10, 16, 11], "texture": "#2", "cullface": "south"},
				"west": {"uv": [15, 10, 16, 11], "texture": "#2", "cullface": "west"},
				"up": {"uv": [0, 15, 16, 16], "texture": "#0", "cullface": "up"},
				"down": {"uv": [0, 0, 16, 1], "texture": "#1", "cullface": "down"}
			}
		},
		{
			"from": [0, 0, 15],
			"to": [1, 16, 16],
			"faces": {
				"north": {"uv": [15, 0, 16, 16], "texture": "#2", "cullface": "north"},
				"east": {"uv": [0, 0, 1, 16], "texture": "#2", "cullface": "east"},
				"south": {"uv": [0, 0, 1, 16], "texture": "#2", "cullface": "south"},
				"west": {"uv": [15, 0, 16, 16], "texture": "#2", "cullface": "west"},
				"up": {"uv": [0, 15, 1, 16], "texture": "#0", "cullface": "up"},
				"down": {"uv": [0, 0, 1, 1], "texture": "#1", "cullface": "down"}
			}
		},
		{
			"from": [0, 15, 0],
			"to": [1, 16, 16],
			"faces": {
				"north": {"uv": [15, 0, 16, 1], "texture": "#2", "cullface": "north"},
				"east": {"uv": [0, 0, 16, 1], "texture": "#2", "cullface": "east"},
				"south": {"uv": [0, 0, 1, 1], "texture": "#2", "cullface": "south"},
				"west": {"uv": [0, 0, 16, 1], "texture": "#2", "cullface": "west"},
				"up": {"uv": [0, 0, 1, 16], "texture": "#0", "cullface": "up"},
				"down": {"uv": [0, 0, 1, 16], "texture": "#1", "cullface": "down"}
			}
		},
		{
			"from": [0, 15, 0],
			"to": [1, 16, 16],
			"faces": {
				"north": {"uv": [15, 0, 16, 1], "texture": "#2", "cullface": "north"},
				"east": {"uv": [0, 0, 16, 1], "texture": "#2", "cullface": "east"},
				"south": {"uv": [0, 0, 1, 1], "texture": "#2", "cullface": "south"},
				"west": {"uv": [0, 0, 16, 1], "texture": "#2", "cullface": "west"},
				"up": {"uv": [0, 0, 1, 16], "texture": "#0", "cullface": "up"},
				"down": {"uv": [0, 0, 1, 16], "texture": "#1", "cullface": "down"}
			}
		},
		{
			"from": [0, 10, 0],
			"to": [1, 11, 16],
			"faces": {
				"north": {"uv": [15, 5, 16, 6], "texture": "#2", "cullface": "north"},
				"east": {"uv": [0, 5, 16, 6], "texture": "#2", "cullface": "east"},
				"south": {"uv": [0, 5, 1, 6], "texture": "#2", "cullface": "south"},
				"west": {"uv": [0, 5, 16, 6], "texture": "#2", "cullface": "west"},
				"up": {"uv": [0, 0, 1, 16], "texture": "#0", "cullface": "up"},
				"down": {"uv": [0, 0, 1, 16], "texture": "#1", "cullface": "down"}
			}
		},
		{
			"from": [0, 5, 0],
			"to": [1, 6, 16],
			"faces": {
				"north": {"uv": [15, 10, 16, 11], "texture": "#2", "cullface": "north"},
				"east": {"uv": [0, 10, 16, 11], "texture": "#2", "cullface": "east"},
				"south": {"uv": [0, 10, 1, 11], "texture": "#2", "cullface": "south"},
				"west": {"uv": [0, 10, 16, 11], "texture": "#2", "cullface": "west"},
				"up": {"uv": [0, 0, 1, 16], "texture": "#0", "cullface": "up"},
				"down": {"uv": [0, 0, 1, 16], "texture": "#1", "cullface": "down"}
			}
		}
	],
	"display": {
		"thirdperson_righthand": {
			"scale": [0.15, 0.15, 0.15]
		},
		"thirdperson_lefthand": {
			"scale": [0.15, 0.15, 0.15]
		},
		"firstperson_righthand": {
			"scale": [0.15, 0.15, 0.15]
		},
		"firstperson_lefthand": {
			"scale": [0.15, 0.15, 0.15]
		},
		"ground": {
			"translation": [0, 3.5, 0],
			"scale": [0.2, 0.2, 0.2]
		},
		"gui": {
			"rotation": [20, -45, 0],
			"scale": [0.64, 0.64, 0.64]
		},
		"head": {
			"translation": [0, 0.75, 0],
			"scale": [0.93, 0.93, 0.93]
		},
		"fixed": {
			"rotation": [-90, 0, 0],
			"translation": [0, 0, -2.75],
			"scale": [0.5, 0.5, 0.5]
		}
	}
}