{
	"credit": "Made with Blockbench",
	"texture_size": [8, 8],
	"textures": {
		"0": "block/anvil",
		"1": "block/gold_block",
		"2": "optifine/cit/icons/misc/flame",
		"particle": "block/anvil"
	},
	"elements": [
		{
			"from": [7, 0, 6],
			"to": [9, 4, 10],
			"rotation": {"angle": 0, "axis": "y", "origin": [8, 3, 8]},
			"faces": {
				"north": {"uv": [1, 7, 5, 15], "texture": "#0"},
				"east": {"uv": [1, 7, 9, 15], "texture": "#0"},
				"south": {"uv": [11, 7, 15, 15], "texture": "#0"},
				"west": {"uv": [7, 7, 15, 15], "texture": "#0"},
				"up": {"uv": [11, 7, 15, 15], "texture": "#0"},
				"down": {"uv": [11, 1, 15, 9], "texture": "#0"}
			}
		},
		{
			"from": [6.75, 5, 8.5],
			"to": [9.25, 5.5, 9],
			"rotation": {"angle": 45, "axis": "x", "origin": [8, 3, 8]},
			"faces": {
				"north": {"uv": [6, 6, 11, 7], "texture": "#1"},
				"east": {"uv": [3, 8, 4, 9], "texture": "#1"},
				"south": {"uv": [5, 7, 10, 8], "texture": "#1"},
				"west": {"uv": [9, 8, 10, 9], "texture": "#1"},
				"up": {"uv": [8, 12, 13, 13], "texture": "#1"},
				"down": {"uv": [8, 2, 13, 3], "texture": "#1"}
			}
		},
		{
			"from": [7, 3.69344, 10.4588],
			"to": [9, 4.19344, 12.4588],
			"rotation": {"angle": -22.5, "axis": "x", "origin": [8, 2.69344, 9.4588]},
			"faces": {
				"north": {"uv": [0, 7, 4, 8], "rotation": 180, "texture": "#0"},
				"east": {"uv": [2, 8, 3, 12], "rotation": 270, "texture": "#0"},
				"south": {"uv": [11, 8, 15, 9], "texture": "#0"},
				"west": {"uv": [15, 9, 16, 13], "rotation": 90, "texture": "#0"},
				"up": {"uv": [11, 11, 15, 15], "rotation": 180, "texture": "#0"},
				"down": {"uv": [11, 1, 15, 5], "texture": "#0"}
			}
		},
		{
			"from": [7, 3.96508, 9.31075],
			"to": [7.5, 6.96508, 10.81075],
			"rotation": {"angle": -22.5, "axis": "x", "origin": [8, 5.46508, 8.31075]},
			"faces": {
				"north": {"uv": [1, 2.06985, 2, 8.06985], "rotation": 180, "texture": "#0"},
				"east": {"uv": [2, 8, 8, 11], "rotation": 270, "texture": "#0"},
				"south": {"uv": [14, 2.06985, 15, 8.06985], "texture": "#0"},
				"west": {"uv": [10, 7, 16, 10], "rotation": 90, "texture": "#0"},
				"up": {"uv": [12, 12, 13, 15], "rotation": 180, "texture": "#0"},
				"down": {"uv": [14, 1, 15, 4], "texture": "#0"}
			}
		},
		{
			"from": [7, 4.5391, 10.69657],
			"to": [9, 7.5391, 11.19657],
			"rotation": {"angle": -22.5, "axis": "x", "origin": [8, 6.0391, 9.69657]},
			"faces": {
				"north": {"uv": [4, 1, 8, 7], "rotation": 180, "texture": "#0"},
				"east": {"uv": [3, 7, 9, 8], "rotation": 270, "texture": "#0"},
				"south": {"uv": [11, 1, 15, 7], "texture": "#0"},
				"west": {"uv": [7, 7, 13, 8], "rotation": 90, "texture": "#0"},
				"up": {"uv": [10, 12, 14, 13], "rotation": 180, "texture": "#0"},
				"down": {"uv": [10, 3, 14, 4], "texture": "#0"}
			}
		},
		{
			"from": [7, 7.19344, 10.4588],
			"to": [9, 7.69344, 12.4588],
			"rotation": {"angle": -22.5, "axis": "x", "origin": [8, 2.69344, 9.4588]},
			"faces": {
				"north": {"uv": [3, 2, 7, 3], "rotation": 180, "texture": "#0"},
				"east": {"uv": [2, 8, 3, 12], "rotation": 270, "texture": "#0"},
				"south": {"uv": [11, 2, 15, 3], "texture": "#0"},
				"west": {"uv": [12, 7, 13, 11], "rotation": 90, "texture": "#0"},
				"up": {"uv": [12, 12, 16, 16], "rotation": 180, "texture": "#0"},
				"down": {"uv": [10, 1, 14, 5], "texture": "#0"}
			}
		},
		{
			"from": [8.5, 3.96508, 9.31075],
			"to": [9, 6.96508, 10.81075],
			"rotation": {"angle": -22.5, "axis": "x", "origin": [8, 5.46508, 8.31075]},
			"faces": {
				"north": {"uv": [0, 2.06985, 1, 8.06985], "rotation": 180, "texture": "#0"},
				"east": {"uv": [2, 8, 8, 11], "rotation": 270, "texture": "#0"},
				"south": {"uv": [16, 2.06985, 17, 8.06985], "texture": "#0"},
				"west": {"uv": [9, 7, 15, 10], "rotation": 90, "texture": "#0"},
				"up": {"uv": [12, 12, 13, 15], "rotation": 180, "texture": "#0"},
				"down": {"uv": [14, 1, 15, 4], "texture": "#0"}
			}
		},
		{
			"from": [7.55, 4, 8.75],
			"to": [8.5, 5, 9],
			"rotation": {"angle": 0, "axis": "y", "origin": [8, 3, 8]},
			"faces": {
				"north": {"uv": [2, 6, 3.9, 8], "texture": "#1"},
				"east": {"uv": [2, 8, 2.5, 10], "texture": "#1"},
				"south": {"uv": [12, 6, 13.9, 8], "texture": "#1"},
				"west": {"uv": [12, 7, 12.5, 9], "texture": "#1"},
				"up": {"uv": [12, 12, 13.9, 12.5], "texture": "#1"},
				"down": {"uv": [12, 2, 13.9, 2.5], "texture": "#1"}
			}
		},
		{
			"from": [7.75, 4, 7.25],
			"to": [8.3, 4.25, 8.75],
			"rotation": {"angle": 0, "axis": "y", "origin": [8, 3, 8]},
			"faces": {
				"north": {"uv": [2, 6, 3.1, 6.5], "texture": "#1"},
				"east": {"uv": [2, 8, 5, 8.5], "texture": "#1"},
				"south": {"uv": [12, 6, 13.1, 6.5], "texture": "#1"},
				"west": {"uv": [12, 7, 15, 7.5], "texture": "#1"},
				"up": {"uv": [12, 12, 13.1, 15], "texture": "#1"},
				"down": {"uv": [12, 2, 13.1, 5], "texture": "#1"}
			}
		},
		{
			"from": [8.3, 4, 7.25],
			"to": [8.5, 5, 8.75],
			"rotation": {"angle": 0, "axis": "y", "origin": [8, 3, 8]},
			"faces": {
				"north": {"uv": [2, 6, 2.4, 8], "texture": "#1"},
				"east": {"uv": [2, 8, 5, 10], "texture": "#1"},
				"south": {"uv": [12, 6, 12.4, 8], "texture": "#1"},
				"west": {"uv": [12, 7, 15, 9], "texture": "#1"},
				"up": {"uv": [12, 12, 12.4, 15], "texture": "#1"},
				"down": {"uv": [12, 2, 12.4, 5], "texture": "#1"}
			}
		},
		{
			"from": [7.55, 4, 7],
			"to": [8.5, 5, 7.25],
			"rotation": {"angle": 0, "axis": "y", "origin": [8, 3, 8]},
			"faces": {
				"north": {"uv": [2, 6, 3.9, 8], "texture": "#1"},
				"east": {"uv": [2, 8, 2.5, 10], "texture": "#1"},
				"south": {"uv": [12, 6, 13.9, 8], "texture": "#1"},
				"west": {"uv": [12, 7, 12.5, 9], "texture": "#1"},
				"up": {"uv": [12, 12, 13.9, 12.5], "texture": "#1"},
				"down": {"uv": [12, 2, 13.9, 2.5], "texture": "#1"}
			}
		},
		{
			"from": [7.55, 4, 7.25],
			"to": [7.75, 5, 8.75],
			"rotation": {"angle": 0, "axis": "y", "origin": [8, 3, 8]},
			"faces": {
				"north": {"uv": [2, 6, 2.4, 8], "texture": "#1"},
				"east": {"uv": [2, 8, 5, 10], "texture": "#1"},
				"south": {"uv": [12, 6, 12.4, 8], "texture": "#1"},
				"west": {"uv": [12, 7, 15, 9], "texture": "#1"},
				"up": {"uv": [12, 12, 12.4, 15], "texture": "#1"},
				"down": {"uv": [12, 2, 12.4, 5], "texture": "#1"}
			}
		},
		{
			"from": [10.25, 4.75, 0],
			"to": [12.25, 6.75, 0],
			"rotation": {"angle": -45, "axis": "y", "origin": [0, 0, 0]},
			"faces": {
				"north": {"uv": [0, 0, 16, 16], "texture": "#2"},
				"east": {"uv": [0, 0, 16, 16], "texture": "#2"},
				"south": {"uv": [0, 0, 16, 16], "texture": "#2"},
				"west": {"uv": [0, 0, 16, 16], "texture": "#2"},
				"up": {"uv": [2, 2, 4, 4], "texture": "#2"},
				"down": {"uv": [2, 2, 4, 4], "texture": "#2"}
			}
		},
		{
			"from": [11.25, 4.75, -1],
			"to": [11.25, 6.75, 1],
			"rotation": {"angle": -45, "axis": "y", "origin": [0, 0, 0]},
			"faces": {
				"north": {"uv": [0, 0, 16, 16], "texture": "#2"},
				"east": {"uv": [0, 0, 16, 16], "texture": "#2"},
				"south": {"uv": [0, 0, 16, 16], "texture": "#2"},
				"west": {"uv": [0, 0, 16, 16], "texture": "#2"},
				"up": {"uv": [2, 2, 4, 4], "texture": "#2"},
				"down": {"uv": [2, 2, 4, 4], "texture": "#2"}
			}
		}
	],
	"display": {
		"thirdperson_righthand": {
			"rotation": [-13, 134, 30],
			"translation": [1.75, 3.5, 0.5],
			"scale": [0.6, 0.6, 0.6]
		},
		"thirdperson_lefthand": {
			"rotation": [-13, 134, 30],
			"translation": [1.75, 3.5, 0.5],
			"scale": [0.6, 0.6, 0.6]
		},
		"firstperson_righthand": {
			"rotation": [-70, 107, 57],
			"translation": [1.25, 4.75, 0.5],
			"scale": [0.6, 0.6, 0.6]
		},
		"firstperson_lefthand": {
			"rotation": [-70, 107, 57],
			"translation": [1.25, 4.75, 0.5],
			"scale": [0.6, 0.6, 0.6]
		},
		"ground": {
			"rotation": [-70, 107, 57],
			"translation": [1.25, 6.75, 0.5],
			"scale": [0.6, 0.6, 0.6]
		},
		"gui": {
			"rotation": [-28.25, 135.25, 55],
			"translation": [3.5, 6.25, 0.5],
			"scale": [1.75, 1.75, 1.75]
		},
		"head": {
			"rotation": [-35.75, 0, 0],
			"translation": [0, 0, -12.25]
		},
		"fixed": {
			"rotation": [-90, 90, 0],
			"translation": [0, 0, -7.5]
		}
	},
	"groups": [
		{
			"name": "bottom_part",
			"origin": [8, 3, 8],
			"children": [0, 1]
		},
		{
			"name": "upper_part",
			"origin": [8, 5.46508, 8.31075],
			"children": [2, 3, 4, 5, 6]
		},
		{
			"name": "yes",
			"origin": [8, 3, 8],
			"children": [7, 8, 9, 10, 11]
		},
		{
			"name": "flame",
			"origin": [8, 8, 8],
			"children": [12, 13]
		}
	]
}