{
	"credit": "Made with Blockbench",
	"texture_size": [8, 8],
	"textures": {
		"0": "block/brown_terracotta",
		"1": "block/birch_planks",
		"2": "block/brown_mushroom_block",
		"3": "block/cyan_concrete_powder",
		"4": "optifine/cit/icons/misc/label",
		"particle": "block/brown_terracotta"
	},
	"elements": [
		{
			"from": [5.95, 0.25, 5.25],
			"to": [5.95, 1.75, 10.75],
			"faces": {
				"north": {"uv": [4.1, 12.5, 4.1, 15.5], "texture": "#0"},
				"east": {"uv": [0, 12, 5.5, 15], "texture": "#0"},
				"south": {"uv": [11.9, 12.5, 11.9, 15.5], "texture": "#0"},
				"west": {"uv": [10, 12, 15.5, 15], "texture": "#0"},
				"up": {"uv": [11.9, 10.5, 11.9, 16], "texture": "#0"},
				"down": {"uv": [11.9, 0, 11.9, 5.5], "texture": "#0"}
			}
		},
		{
			"from": [10.025, 0.25, 5.25],
			"to": [10.025, 1.75, 10.75],
			"faces": {
				"north": {"uv": [0, 12.5, 0, 15.5], "texture": "#0"},
				"east": {"uv": [0, 12, 5.5, 15], "texture": "#0"},
				"south": {"uv": [16, 12.5, 16, 15.5], "texture": "#0"},
				"west": {"uv": [10, 12, 15.5, 15], "texture": "#0"},
				"up": {"uv": [16, 10.5, 16, 16], "texture": "#0"},
				"down": {"uv": [16, 0, 16, 5.5], "texture": "#0"}
			}
		},
		{
			"from": [6.1, 2.025, 5.1],
			"to": [9.9, 2.025, 10.9],
			"faces": {
				"north": {"uv": [0, 0, 4, 0], "texture": "#4"},
				"east": {"uv": [4, 0, 4, 6], "texture": "#4"},
				"south": {"uv": [0, 6, 4, 6], "texture": "#4"},
				"west": {"uv": [0, 0, 0, 6], "texture": "#4"},
				"up": {"uv": [0, 0, 4, 6], "texture": "#4"},
				"down": {"uv": [4, 0, 8, 6], "texture": "#4"}
			}
		},
		{
			"from": [10, 0, 5],
			"to": [10, 2, 11],
			"faces": {
				"north": {"uv": [0, 12, 0, 16], "texture": "#2"},
				"east": {"uv": [0, 12, 6, 16], "texture": "#2"},
				"south": {"uv": [16, 12, 16, 16], "texture": "#2"},
				"west": {"uv": [10, 12, 16, 16], "texture": "#2"},
				"up": {"uv": [16, 10, 16, 16], "texture": "#2"},
				"down": {"uv": [16, 0, 16, 6], "texture": "#2"}
			}
		},
		{
			"from": [6, 0, 5],
			"to": [10, 0, 11],
			"faces": {
				"north": {"uv": [0, 16, 4, 16], "texture": "#2"},
				"east": {"uv": [0, 12, 6, 12], "texture": "#2"},
				"south": {"uv": [12, 16, 16, 16], "texture": "#2"},
				"west": {"uv": [10, 12, 16, 12], "texture": "#2"},
				"up": {"uv": [12, 10, 16, 16], "texture": "#2"},
				"down": {"uv": [12, 0, 16, 6], "texture": "#2"}
			}
		},
		{
			"from": [6, 2, 5],
			"to": [10, 2, 11],
			"faces": {
				"north": {"uv": [0, 12, 4, 12], "texture": "#2"},
				"east": {"uv": [0, 12, 6, 12], "texture": "#2"},
				"south": {"uv": [12, 12, 16, 12], "texture": "#2"},
				"west": {"uv": [10, 12, 16, 12], "texture": "#2"},
				"up": {"uv": [12, 10, 16, 16], "texture": "#2"},
				"down": {"uv": [12, 0, 16, 6], "texture": "#2"}
			}
		},
		{
			"from": [6, 0, 5],
			"to": [6, 2, 11],
			"faces": {
				"north": {"uv": [4, 12, 4, 16], "texture": "#2"},
				"east": {"uv": [0, 12, 6, 16], "texture": "#2"},
				"south": {"uv": [12, 12, 12, 16], "texture": "#2"},
				"west": {"uv": [10, 12, 16, 16], "texture": "#2"},
				"up": {"uv": [12, 10, 12, 16], "texture": "#2"},
				"down": {"uv": [12, 0, 12, 6], "texture": "#2"}
			}
		},
		{
			"from": [6.05, 0.05, 1],
			"to": [6.05, 1.925, 7],
			"rotation": {"angle": 0, "axis": "y", "origin": [-0.15, 0, 0]},
			"faces": {
				"north": {"uv": [3.9, 12.15, 3.9, 15.9], "texture": "#2"},
				"east": {"uv": [0, 12, 12, 15.75], "texture": "#2"},
				"south": {"uv": [12.1, 12.15, 12.1, 15.9], "texture": "#2"},
				"west": {"uv": [4, 12, 16, 15.75], "texture": "#2"},
				"up": {"uv": [12.1, 2, 12.1, 14], "texture": "#2"},
				"down": {"uv": [12.1, 2, 12.1, 14], "texture": "#2"}
			}
		},
		{
			"from": [9.949, 0.05, 1],
			"to": [9.949, 1.925, 7],
			"rotation": {"angle": 0, "axis": "y", "origin": [-0.251, 0, 0]},
			"faces": {
				"north": {"uv": [0, 12.15, 0, 15.9], "texture": "#2"},
				"east": {"uv": [0, 12, 12, 15.75], "texture": "#2"},
				"south": {"uv": [16, 12.15, 16, 15.9], "texture": "#2"},
				"west": {"uv": [4, 12, 16, 15.75], "texture": "#2"},
				"up": {"uv": [16, 2, 16, 14], "texture": "#2"},
				"down": {"uv": [16, 2, 16, 14], "texture": "#2"}
			}
		},
		{
			"from": [6.05, 0.05, 1],
			"to": [9.95, 0.05, 7],
			"rotation": {"angle": 0, "axis": "y", "origin": [0.25, 0, 0]},
			"faces": {
				"north": {"uv": [0, 15.9, 3.9, 15.9], "texture": "#2"},
				"east": {"uv": [0, 12, 12, 12], "texture": "#2"},
				"south": {"uv": [12.1, 15.9, 16, 15.9], "texture": "#2"},
				"west": {"uv": [10, 12, 22, 12], "texture": "#2"},
				"up": {"uv": [12.1, 2, 16, 14], "texture": "#2"},
				"down": {"uv": [12.1, 2, 16, 14], "texture": "#2"}
			}
		},
		{
			"from": [6.05, 0.05, 1],
			"to": [9.95, 1.925, 1],
			"faces": {
				"north": {"uv": [0, 12.15, 3.9, 15.9], "texture": "#2"},
				"east": {"uv": [0, 12, 0, 15.75], "texture": "#2"},
				"south": {"uv": [12.1, 12.15, 16, 15.9], "texture": "#2"},
				"west": {"uv": [10, 12, 10, 15.75], "texture": "#2"},
				"up": {"uv": [12.1, 2, 16, 2], "texture": "#2"},
				"down": {"uv": [12.1, 14, 16, 14], "texture": "#2"}
			}
		},
		{
			"from": [6.05, 0.05, 7],
			"to": [9.95, 1.925, 7],
			"faces": {
				"north": {"uv": [0, 12.15, 3.9, 15.9], "texture": "#2"},
				"east": {"uv": [0, 12, 0, 15.75], "texture": "#2"},
				"south": {"uv": [12.1, 12.15, 16, 15.9], "texture": "#2"},
				"west": {"uv": [10, 12, 10, 15.75], "texture": "#2"},
				"up": {"uv": [12.1, 14, 16, 14], "texture": "#2"},
				"down": {"uv": [12.1, 2, 16, 2], "texture": "#2"}
			}
		},
		{
			"from": [7.4, 0.35, 1.75],
			"to": [7.65, 0.6, 6.25],
			"rotation": {"angle": 0, "axis": "y", "origin": [8.0125, 0.70179, 2.75]},
			"faces": {
				"north": {"uv": [1, 13, 2.5, 14.5], "texture": "#1"},
				"east": {"uv": [3, 13, 13, 14.5], "texture": "#1"},
				"south": {"uv": [13, 13, 14.5, 14.5], "texture": "#1"},
				"west": {"uv": [3, 13, 13, 14.5], "texture": "#1"},
				"up": {"uv": [13, 3, 14.5, 13], "texture": "#1"},
				"down": {"uv": [13, 3, 14.5, 13], "texture": "#1"}
			}
		},
		{
			"from": [8.4, 0.35, 1.75],
			"to": [8.65, 0.6, 6.25],
			"rotation": {"angle": 0, "axis": "y", "origin": [8.0125, 0.70179, 2.75]},
			"faces": {
				"north": {"uv": [1, 13, 1, 14.5], "texture": "#1"},
				"east": {"uv": [3, 13, 13, 14.5], "texture": "#1"},
				"south": {"uv": [13, 13, 13, 14.5], "texture": "#1"},
				"west": {"uv": [3, 13, 13, 14.5], "texture": "#1"},
				"up": {"uv": [13, 3, 13, 13], "texture": "#1"},
				"down": {"uv": [13, 3, 13, 13], "texture": "#1"}
			}
		},
		{
			"from": [9.4, 0.35, 1.75],
			"to": [9.65, 0.6, 6.25],
			"rotation": {"angle": 0, "axis": "y", "origin": [8.0125, 0.70179, 2.75]},
			"faces": {
				"north": {"uv": [1, 13, 1, 14.5], "texture": "#1"},
				"east": {"uv": [3, 13, 13, 14.5], "texture": "#1"},
				"south": {"uv": [13, 13, 13, 14.5], "texture": "#1"},
				"west": {"uv": [3, 13, 13, 14.5], "texture": "#1"},
				"up": {"uv": [13, 3, 13, 13], "texture": "#1"},
				"down": {"uv": [13, 3, 13, 13], "texture": "#1"}
			}
		},
		{
			"from": [8.9, 0.85, 1.75],
			"to": [9.15, 1.1, 6.25],
			"rotation": {"angle": 0, "axis": "y", "origin": [8.0125, 0.70179, 2.75]},
			"faces": {
				"north": {"uv": [1, 13, 1, 14.5], "texture": "#1"},
				"east": {"uv": [3, 13, 13, 14.5], "texture": "#1"},
				"south": {"uv": [13, 13, 13, 14.5], "texture": "#1"},
				"west": {"uv": [3, 13, 13, 14.5], "texture": "#1"},
				"up": {"uv": [13, 3, 13, 13], "texture": "#1"},
				"down": {"uv": [13, 3, 13, 13], "texture": "#1"}
			}
		},
		{
			"from": [7.9, 1.35, -0.25],
			"to": [8.15, 1.6, 4.25],
			"rotation": {"angle": 22.5, "axis": "x", "origin": [8.0125, 0.70179, 2.75]},
			"faces": {
				"north": {"uv": [1, 13, 1.7, 14.5], "texture": "#1"},
				"east": {"uv": [3, 13, 12, 14.5], "texture": "#1"},
				"south": {"uv": [13, 13, 13.7, 14.5], "texture": "#1"},
				"west": {"uv": [3, 13, 12, 14.5], "texture": "#1"},
				"up": {"uv": [13, 3, 13.7, 12], "texture": "#1"},
				"down": {"uv": [13, 3, 13.7, 12], "texture": "#1"}
			}
		},
		{
			"from": [6.9, 0.85, 1.75],
			"to": [7.15, 1.1, 6.25],
			"rotation": {"angle": 0, "axis": "y", "origin": [8.0125, 0.70179, 2.75]},
			"faces": {
				"north": {"uv": [1, 13, 2.5, 14.5], "texture": "#1"},
				"east": {"uv": [3, 13, 13, 14.5], "texture": "#1"},
				"south": {"uv": [13, 13, 14.5, 14.5], "texture": "#1"},
				"west": {"uv": [3, 13, 13, 14.5], "texture": "#1"},
				"up": {"uv": [13, 3, 14.5, 13], "texture": "#1"},
				"down": {"uv": [13, 3, 14.5, 13], "texture": "#1"}
			}
		},
		{
			"from": [6.4, 0.35, 1.75],
			"to": [6.65, 0.6, 6.25],
			"rotation": {"angle": 0, "axis": "y", "origin": [8.0125, 0.70179, 2.75]},
			"faces": {
				"north": {"uv": [1, 13, 2.5, 14.5], "texture": "#1"},
				"east": {"uv": [3, 13, 13, 14.5], "texture": "#1"},
				"south": {"uv": [13, 13, 14.5, 14.5], "texture": "#1"},
				"west": {"uv": [3, 13, 13, 14.5], "texture": "#1"},
				"up": {"uv": [13, 3, 14.5, 13], "texture": "#1"},
				"down": {"uv": [13, 3, 14.5, 13], "texture": "#1"}
			}
		},
		{
			"from": [7.4, 1.1, 1.75],
			"to": [7.65, 1.35, 6.25],
			"rotation": {"angle": 0, "axis": "y", "origin": [8.0125, 0.70179, 2.75]},
			"faces": {
				"north": {"uv": [1, 13, 2.5, 14.5], "texture": "#1"},
				"east": {"uv": [3, 13, 13, 14.5], "texture": "#1"},
				"south": {"uv": [13, 13, 14.5, 14.5], "texture": "#1"},
				"west": {"uv": [3, 13, 13, 14.5], "texture": "#1"},
				"up": {"uv": [13, 3, 14.5, 13], "texture": "#1"},
				"down": {"uv": [13, 3, 14.5, 13], "texture": "#1"}
			}
		},
		{
			"from": [6.9, 1.6, 1.75],
			"to": [7.15, 1.85, 6.25],
			"rotation": {"angle": 0, "axis": "y", "origin": [8.0125, 0.70179, 2.75]},
			"faces": {
				"north": {"uv": [1, 13, 2.5, 14.5], "texture": "#1"},
				"east": {"uv": [3, 13, 13, 14.5], "texture": "#1"},
				"south": {"uv": [13, 13, 14.5, 14.5], "texture": "#1"},
				"west": {"uv": [3, 13, 13, 14.5], "texture": "#1"},
				"up": {"uv": [13, 3, 14.5, 13], "texture": "#1"},
				"down": {"uv": [13, 3, 14.5, 13], "texture": "#1"}
			}
		},
		{
			"from": [6.4, 1.1, 1.75],
			"to": [6.65, 1.35, 6.25],
			"rotation": {"angle": 0, "axis": "y", "origin": [8.0125, 0.70179, 2.75]},
			"faces": {
				"north": {"uv": [1, 13, 2.5, 14.5], "texture": "#1"},
				"east": {"uv": [3, 13, 13, 14.5], "texture": "#1"},
				"south": {"uv": [13, 13, 14.5, 14.5], "texture": "#1"},
				"west": {"uv": [3, 13, 13, 14.5], "texture": "#1"},
				"up": {"uv": [13, 3, 14.5, 13], "texture": "#1"},
				"down": {"uv": [13, 3, 14.5, 13], "texture": "#1"}
			}
		},
		{
			"from": [8.4, 1.1, 1.75],
			"to": [8.65, 1.35, 6.25],
			"rotation": {"angle": 0, "axis": "y", "origin": [8.0125, 0.70179, 2.75]},
			"faces": {
				"north": {"uv": [1, 13, 1, 14.5], "texture": "#1"},
				"east": {"uv": [3, 13, 13, 14.5], "texture": "#1"},
				"south": {"uv": [13, 13, 13, 14.5], "texture": "#1"},
				"west": {"uv": [3, 13, 13, 14.5], "texture": "#1"},
				"up": {"uv": [13, 3, 13, 13], "texture": "#1"},
				"down": {"uv": [13, 3, 13, 13], "texture": "#1"}
			}
		},
		{
			"from": [8.9, 1.6, 1.75],
			"to": [9.15, 1.85, 6.25],
			"rotation": {"angle": 0, "axis": "y", "origin": [8.0125, 0.70179, 2.75]},
			"faces": {
				"north": {"uv": [1, 13, 1, 14.5], "texture": "#1"},
				"east": {"uv": [3, 13, 13, 14.5], "texture": "#1"},
				"south": {"uv": [13, 13, 13, 14.5], "texture": "#1"},
				"west": {"uv": [3, 13, 13, 14.5], "texture": "#1"},
				"up": {"uv": [13, 3, 13, 13], "texture": "#1"},
				"down": {"uv": [13, 3, 13, 13], "texture": "#1"}
			}
		},
		{
			"from": [9.4, 1.1, 1.75],
			"to": [9.65, 1.35, 6.25],
			"rotation": {"angle": 0, "axis": "y", "origin": [8.0125, 0.70179, 2.75]},
			"faces": {
				"north": {"uv": [1, 13, 1, 14.5], "texture": "#1"},
				"east": {"uv": [3, 13, 13, 14.5], "texture": "#1"},
				"south": {"uv": [13, 13, 13, 14.5], "texture": "#1"},
				"west": {"uv": [3, 13, 13, 14.5], "texture": "#1"},
				"up": {"uv": [13, 3, 13, 13], "texture": "#1"},
				"down": {"uv": [13, 3, 13, 13], "texture": "#1"}
			}
		},
		{
			"from": [8.4, 0.35, 1.5],
			"to": [8.65, 0.6, 1.75],
			"rotation": {"angle": 0, "axis": "y", "origin": [8.0125, 0.70179, 2.75]},
			"faces": {
				"north": {"uv": [1, 14, 1, 15.5], "texture": "#3"},
				"east": {"uv": [12, 14, 13.5, 15.5], "texture": "#3"},
				"south": {"uv": [15, 14, 15, 15.5], "texture": "#3"},
				"west": {"uv": [3, 14, 4.5, 15.5], "texture": "#3"},
				"up": {"uv": [15, 3, 15, 4.5], "texture": "#3"},
				"down": {"uv": [15, 12, 15, 13.5], "texture": "#3"}
			}
		},
		{
			"from": [8.4, 1.1, 1.5],
			"to": [8.65, 1.35, 1.75],
			"rotation": {"angle": 0, "axis": "y", "origin": [8.0125, 0.70179, 2.75]},
			"faces": {
				"north": {"uv": [1, 14, 1, 15.5], "texture": "#3"},
				"east": {"uv": [12, 14, 13.5, 15.5], "texture": "#3"},
				"south": {"uv": [15, 14, 15, 15.5], "texture": "#3"},
				"west": {"uv": [3, 14, 4.5, 15.5], "texture": "#3"},
				"up": {"uv": [15, 3, 15, 4.5], "texture": "#3"},
				"down": {"uv": [15, 12, 15, 13.5], "texture": "#3"}
			}
		},
		{
			"from": [6.4, 0.35, 1.5],
			"to": [6.65, 0.6, 1.75],
			"rotation": {"angle": 0, "axis": "y", "origin": [8.0125, 0.70179, 2.75]},
			"faces": {
				"north": {"uv": [1, 14, 2.5, 15.5], "texture": "#3"},
				"east": {"uv": [12, 14, 13.5, 15.5], "texture": "#3"},
				"south": {"uv": [15, 14, 16.5, 15.5], "texture": "#3"},
				"west": {"uv": [3, 14, 4.5, 15.5], "texture": "#3"},
				"up": {"uv": [14, 3, 15.5, 4.5], "texture": "#3"},
				"down": {"uv": [15, 12, 16.5, 13.5], "texture": "#3"}
			}
		},
		{
			"from": [6.4, 1.1, 1.5],
			"to": [6.65, 1.35, 1.75],
			"rotation": {"angle": 0, "axis": "y", "origin": [8.0125, 0.70179, 2.75]},
			"faces": {
				"north": {"uv": [1, 14, 2.5, 15.5], "texture": "#3"},
				"east": {"uv": [12, 14, 13.5, 15.5], "texture": "#3"},
				"south": {"uv": [15, 14, 16.5, 15.5], "texture": "#3"},
				"west": {"uv": [3, 14, 4.5, 15.5], "texture": "#3"},
				"up": {"uv": [14, 3, 15.5, 4.5], "texture": "#3"},
				"down": {"uv": [15, 12, 16.5, 13.5], "texture": "#3"}
			}
		},
		{
			"from": [9.4, 0.35, 1.5],
			"to": [9.65, 0.6, 1.75],
			"rotation": {"angle": 0, "axis": "y", "origin": [8.0125, 0.70179, 2.75]},
			"faces": {
				"north": {"uv": [1, 14, 1, 15.5], "texture": "#3"},
				"east": {"uv": [12, 14, 13.5, 15.5], "texture": "#3"},
				"south": {"uv": [15, 14, 15, 15.5], "texture": "#3"},
				"west": {"uv": [3, 14, 4.5, 15.5], "texture": "#3"},
				"up": {"uv": [15, 3, 15, 4.5], "texture": "#3"},
				"down": {"uv": [15, 12, 15, 13.5], "texture": "#3"}
			}
		},
		{
			"from": [9.4, 1.1, 1.5],
			"to": [9.65, 1.35, 1.75],
			"rotation": {"angle": 0, "axis": "y", "origin": [8.0125, 0.70179, 2.75]},
			"faces": {
				"north": {"uv": [1, 14, 1, 15.5], "texture": "#3"},
				"east": {"uv": [12, 14, 13.5, 15.5], "texture": "#3"},
				"south": {"uv": [15, 14, 15, 15.5], "texture": "#3"},
				"west": {"uv": [3, 14, 4.5, 15.5], "texture": "#3"},
				"up": {"uv": [15, 3, 15, 4.5], "texture": "#3"},
				"down": {"uv": [15, 12, 15, 13.5], "texture": "#3"}
			}
		},
		{
			"from": [7.4, 0.35, 1.5],
			"to": [7.65, 0.6, 1.75],
			"rotation": {"angle": 0, "axis": "y", "origin": [8.0125, 0.70179, 2.75]},
			"faces": {
				"north": {"uv": [1, 14, 2.5, 15.5], "texture": "#3"},
				"east": {"uv": [12, 14, 13.5, 15.5], "texture": "#3"},
				"south": {"uv": [15, 14, 16.5, 15.5], "texture": "#3"},
				"west": {"uv": [3, 14, 4.5, 15.5], "texture": "#3"},
				"up": {"uv": [14, 3, 15.5, 4.5], "texture": "#3"},
				"down": {"uv": [15, 12, 16.5, 13.5], "texture": "#3"}
			}
		},
		{
			"from": [7.4, 1.1, 1.5],
			"to": [7.65, 1.35, 1.75],
			"rotation": {"angle": 0, "axis": "y", "origin": [8.0125, 0.70179, 2.75]},
			"faces": {
				"north": {"uv": [1, 14, 2.5, 15.5], "texture": "#3"},
				"east": {"uv": [12, 14, 13.5, 15.5], "texture": "#3"},
				"south": {"uv": [15, 14, 16.5, 15.5], "texture": "#3"},
				"west": {"uv": [3, 14, 4.5, 15.5], "texture": "#3"},
				"up": {"uv": [14, 3, 15.5, 4.5], "texture": "#3"},
				"down": {"uv": [15, 12, 16.5, 13.5], "texture": "#3"}
			}
		},
		{
			"from": [8.9, 0.85, 1.5],
			"to": [9.15, 1.1, 1.75],
			"rotation": {"angle": 0, "axis": "y", "origin": [7.5125, 1.20179, 2.75]},
			"faces": {
				"north": {"uv": [1, 14, 1, 15.5], "texture": "#3"},
				"east": {"uv": [12, 14, 13.5, 15.5], "texture": "#3"},
				"south": {"uv": [15, 14, 15, 15.5], "texture": "#3"},
				"west": {"uv": [3, 14, 4.5, 15.5], "texture": "#3"},
				"up": {"uv": [15, 3, 15, 4.5], "texture": "#3"},
				"down": {"uv": [15, 12, 15, 13.5], "texture": "#3"}
			}
		},
		{
			"from": [8.9, 1.6, 1.5],
			"to": [9.15, 1.85, 1.75],
			"rotation": {"angle": 0, "axis": "y", "origin": [7.5125, 1.20179, 2.75]},
			"faces": {
				"north": {"uv": [1, 14, 1, 15.5], "texture": "#3"},
				"east": {"uv": [12, 14, 13.5, 15.5], "texture": "#3"},
				"south": {"uv": [15, 14, 15, 15.5], "texture": "#3"},
				"west": {"uv": [3, 14, 4.5, 15.5], "texture": "#3"},
				"up": {"uv": [15, 3, 15, 4.5], "texture": "#3"},
				"down": {"uv": [15, 12, 15, 13.5], "texture": "#3"}
			}
		},
		{
			"from": [6.9, 0.85, 1.5],
			"to": [7.15, 1.1, 1.75],
			"rotation": {"angle": 0, "axis": "y", "origin": [7.5125, 1.20179, 2.75]},
			"faces": {
				"north": {"uv": [1, 14, 2.5, 15.5], "texture": "#3"},
				"east": {"uv": [12, 14, 13.5, 15.5], "texture": "#3"},
				"south": {"uv": [15, 14, 16.5, 15.5], "texture": "#3"},
				"west": {"uv": [3, 14, 4.5, 15.5], "texture": "#3"},
				"up": {"uv": [14, 3, 15.5, 4.5], "texture": "#3"},
				"down": {"uv": [15, 12, 16.5, 13.5], "texture": "#3"}
			}
		},
		{
			"from": [6.9, 1.6, 1.5],
			"to": [7.15, 1.85, 1.75],
			"rotation": {"angle": 0, "axis": "y", "origin": [7.5125, 1.20179, 2.75]},
			"faces": {
				"north": {"uv": [1, 14, 2.5, 15.5], "texture": "#3"},
				"east": {"uv": [12, 14, 13.5, 15.5], "texture": "#3"},
				"south": {"uv": [15, 14, 16.5, 15.5], "texture": "#3"},
				"west": {"uv": [3, 14, 4.5, 15.5], "texture": "#3"},
				"up": {"uv": [14, 3, 15.5, 4.5], "texture": "#3"},
				"down": {"uv": [15, 12, 16.5, 13.5], "texture": "#3"}
			}
		},
		{
			"from": [7.9, 2.09634, -0.25209],
			"to": [8.15, 2.34634, -0.00209],
			"rotation": {"angle": 22.5, "axis": "x", "origin": [8.5125, 1.69812, 0.99791]},
			"faces": {
				"north": {"uv": [1, 14, 1.7, 15.5], "texture": "#3"},
				"east": {"uv": [12, 14, 12.49582, 15.5], "texture": "#3"},
				"south": {"uv": [15, 14, 15.7, 15.5], "texture": "#3"},
				"west": {"uv": [3, 14, 3.49582, 15.5], "texture": "#3"},
				"up": {"uv": [15, 3, 15.7, 3.49582], "texture": "#3"},
				"down": {"uv": [15, 12, 15.7, 12.49582], "texture": "#3"}
			}
		}
	],
	"display": {
		"thirdperson_righthand": {
			"rotation": [32, 46.5, -7],
			"translation": [0, 2.5, 1.25],
			"scale": [0.48, 0.48, 0.48]
		},
		"thirdperson_lefthand": {
			"rotation": [32, 46.5, -7],
			"translation": [0, 2.5, 1.25],
			"scale": [0.48, 0.48, 0.48]
		},
		"firstperson_righthand": {
			"rotation": [32, 63, -9],
			"translation": [3.25, 3.25, 1.25],
			"scale": [0.48, 0.48, 0.48]
		},
		"firstperson_lefthand": {
			"rotation": [32, 63, -9],
			"translation": [3.25, 3.25, 1.25],
			"scale": [0.48, 0.48, 0.48]
		},
		"ground": {
			"rotation": [32, 0, 0],
			"translation": [0, 5.5, 2],
			"scale": [0.48, 0.48, 0.48]
		},
		"gui": {
			"rotation": [54.5, -37, 14],
			"translation": [-4, 5.75, 2],
			"scale": [1.6, 1.6, 1.6]
		},
		"head": {
			"rotation": [-14, 0, 0],
			"translation": [0, -2.75, -8.25],
			"scale": [0.48, 0.48, 0.48]
		},
		"fixed": {
			"rotation": [90, 0, -180],
			"translation": [0, -2.75, -8.25]
		}
	},
	"groups": [
		{
			"name": "straps",
			"origin": [0, 0, 0],
			"children": [0, 1, 2]
		},
		{
			"name": "box_out",
			"origin": [0, 0, 0],
			"children": [3, 4, 5, 6]
		},
		{
			"name": "box_in",
			"origin": [0, 0, 0],
			"children": [7, 8, 9, 10, 11]
		},
		{
			"name": "matches",
			"origin": [8, 8, 8],
			"children": [
				{
					"name": "sticks",
					"origin": [8.0125, 5.70179, 2.75],
					"children": [12, 13, 14, 15, 16, 17, 18, 19, 20, 21, 22, 23, 24]
				},
				{
					"name": "heads",
					"origin": [8.0125, 5.70179, 2.75],
					"children": [25, 26, 27, 28, 29, 30, 31, 32, 33, 34, 35, 36, 37]
				}
			]
		}
	]
}