{
	"credit": "Made with Blockbench",
	"textures": {
		"0": "minecraft:block/gold_block",
		"1": "minecraft:block/stripped_birch_log",
		"2": "minecraft:block/iron_block",
		"3": "optifine/cit/icons/misc/noragami_runes",
		"4": "minecraft:block/emerald_block",
		"particle": "minecraft:block/iron_block"
	},
	"elements": [
		{
			"from": [7.725, 8.7, 7.575],
			"to": [7.75, 13.45, 8.4],
			"rotation": {"angle": 0, "axis": "y", "origin": [7.725, 15.275, 7.9875]},
			"faces": {
				"north": {"uv": [0, 0, 16, 0], "rotation": 90, "texture": "#3"},
				"east": {"uv": [0, 0, 16, 0], "rotation": 90, "texture": "#3"},
				"south": {"uv": [0, 0, 16, 0], "rotation": 90, "texture": "#3"},
				"west": {"uv": [0, 0, 16, 16], "rotation": 90, "texture": "#3"},
				"up": {"uv": [0, 0, 16, 0], "rotation": 90, "texture": "#3"},
				"down": {"uv": [0, 0, 16, 0], "rotation": 90, "texture": "#3"}
			}
		},
		{
			"from": [7.725, 13.375, 7.475],
			"to": [7.75, 26.375, 8.4],
			"rotation": {"angle": 0, "axis": "y", "origin": [7.725, 19.275, 7.9875]},
			"faces": {
				"north": {"uv": [0, 0, 16, 0], "rotation": 90, "texture": "#3"},
				"east": {"uv": [0, 0, 16, 0], "rotation": 90, "texture": "#3"},
				"south": {"uv": [0, 0, 16, 0], "rotation": 90, "texture": "#3"},
				"west": {"uv": [0, 0, 16, 16], "rotation": 90, "texture": "#3"},
				"up": {"uv": [0, 0, 16, 0], "rotation": 90, "texture": "#3"},
				"down": {"uv": [0, 0, 16, 0], "rotation": 90, "texture": "#3"}
			}
		},
		{
			"from": [8.225, 13.375, 7.475],
			"to": [8.25, 26.375, 8.4],
			"rotation": {"angle": 0, "axis": "x", "origin": [8.02098, 5.20198, 7.99827]},
			"faces": {
				"north": {"uv": [0, 0, 16, 0], "rotation": 270, "texture": "#3"},
				"east": {"uv": [0, 0, 16, 16], "rotation": 270, "texture": "#3"},
				"south": {"uv": [0, 0, 16, 0], "rotation": 270, "texture": "#3"},
				"west": {"uv": [0, 0, 16, 0], "rotation": 270, "texture": "#3"},
				"up": {"uv": [0, 0, 16, 0], "rotation": 270, "texture": "#3"},
				"down": {"uv": [0, 0, 16, 0], "rotation": 270, "texture": "#3"}
			}
		},
		{
			"from": [8.225, 8.7, 7.575],
			"to": [8.25, 13.45, 8.4],
			"rotation": {"angle": 0, "axis": "x", "origin": [8.02098, 1.20198, 7.99827]},
			"faces": {
				"north": {"uv": [0, 0, 16, 0], "rotation": 270, "texture": "#3"},
				"east": {"uv": [0, 0, 16, 16], "rotation": 270, "texture": "#3"},
				"south": {"uv": [0, 0, 16, 0], "rotation": 270, "texture": "#3"},
				"west": {"uv": [0, 0, 16, 0], "rotation": 270, "texture": "#3"},
				"up": {"uv": [0, 0, 16, 0], "rotation": 270, "texture": "#3"},
				"down": {"uv": [0, 0, 16, 0], "rotation": 270, "texture": "#3"}
			}
		},
		{
			"from": [7.85, 13.375, 7.425],
			"to": [8.125, 26.375, 8.475],
			"rotation": {"angle": 0, "axis": "x", "origin": [7.99598, 5.20198, 7.99827]},
			"faces": {
				"north": {"uv": [7.875, 0, 8.15, 13], "texture": "#2"},
				"east": {"uv": [3, 0, 16, 1.05], "rotation": 90, "texture": "#2"},
				"south": {"uv": [7.85, 0, 8.125, 13], "texture": "#2"},
				"west": {"uv": [3, 0, 16, 1.05], "rotation": 90, "texture": "#2"},
				"up": {"uv": [7.85, 7.425, 8.125, 8.475], "texture": "#2"},
				"down": {"uv": [7.85, 7.525, 8.125, 8.575], "texture": "#2"}
			}
		},
		{
			"from": [7.85, 8.5, 7.525],
			"to": [8.125, 26.3, 8.475],
			"rotation": {"angle": 0, "axis": "x", "origin": [7.99598, 5.12698, 7.99827]},
			"faces": {
				"north": {"uv": [7.875, 0, 8.15, 7.5], "texture": "#2"},
				"east": {"uv": [7.525, 0, 8.475, 7.5], "rotation": 90, "texture": "#2"},
				"south": {"uv": [7.85, 0, 8.125, 7.5], "texture": "#2"},
				"west": {"uv": [7.525, 0, 8.475, 7.5], "rotation": 90, "texture": "#2"},
				"up": {"uv": [7.85, 7.525, 8.125, 8.475], "texture": "#2"},
				"down": {"uv": [7.85, 7.525, 8.125, 8.475], "texture": "#2"}
			}
		},
		{
			"from": [7.85, 26.125, 7.975],
			"to": [8.125, 27, 8.475],
			"rotation": {"angle": 0, "axis": "x", "origin": [7.9875, 26.6, 8.275]},
			"faces": {
				"north": {"uv": [7.875, 0, 8.15, 0.875], "rotation": 180, "texture": "#2"},
				"east": {"uv": [3, 0, 3.5, 0.875], "rotation": 180, "texture": "#2"},
				"south": {"uv": [7.85, 0, 8.125, 0.875], "texture": "#2"},
				"west": {"uv": [3, 0, 3.5, 0.875], "texture": "#2"},
				"up": {"uv": [7.85, 7.975, 8.125, 8.475], "texture": "#2"},
				"down": {"uv": [7.85, 7.525, 8.125, 8.025], "rotation": 180, "texture": "#2"}
			}
		},
		{
			"from": [7.85, 26.7, 8.225],
			"to": [8.125, 27.225, 8.475],
			"rotation": {"angle": 0, "axis": "x", "origin": [7.9875, 26.6, 8.275]},
			"faces": {
				"north": {"uv": [7.875, 0, 8.15, 0.525], "rotation": 180, "texture": "#2"},
				"east": {"uv": [3, 0, 3.25, 0.525], "rotation": 180, "texture": "#2"},
				"south": {"uv": [7.85, 0, 8.125, 0.525], "texture": "#2"},
				"west": {"uv": [3, 0, 3.25, 0.525], "texture": "#2"},
				"up": {"uv": [7.85, 8.225, 8.125, 8.475], "texture": "#2"},
				"down": {"uv": [7.85, 7.525, 8.125, 7.775], "rotation": 180, "texture": "#2"}
			}
		},
		{
			"from": [7.85, 26.23358, 7.65533],
			"to": [8.125, 26.90858, 8.48033],
			"rotation": {"angle": -45, "axis": "x", "origin": [8.35, 26.38358, 8.13033]},
			"faces": {
				"north": {"uv": [7.875, 0, 8.15, 0.675], "texture": "#2"},
				"east": {"uv": [3, 0, 3.675, 0.825], "rotation": 90, "texture": "#2"},
				"south": {"uv": [7.85, 0, 8.125, 0.675], "texture": "#2"},
				"west": {"uv": [3, 0, 3.675, 0.825], "rotation": 90, "texture": "#2"},
				"up": {"uv": [7.85, 7.65533, 8.125, 8.48033], "texture": "#2"},
				"down": {"uv": [7.85, 7.51967, 8.125, 8.34467], "texture": "#2"}
			}
		},
		{
			"from": [7.85, 26.73358, 7.65533],
			"to": [8.125, 26.93358, 8.85533],
			"rotation": {"angle": -45, "axis": "x", "origin": [8.35, 26.38358, 8.13033]},
			"faces": {
				"north": {"uv": [7.875, 0, 8.15, 0.2], "texture": "#2"},
				"east": {"uv": [3, 0, 3.2, 1.2], "rotation": 90, "texture": "#2"},
				"south": {"uv": [7.85, 0, 8.125, 0.2], "texture": "#2"},
				"west": {"uv": [3, 0, 3.2, 1.2], "rotation": 90, "texture": "#2"},
				"up": {"uv": [7.85, 7.65533, 8.125, 8.85533], "texture": "#2"},
				"down": {"uv": [7.85, 7.14467, 8.125, 8.34467], "texture": "#2"}
			}
		},
		{
			"from": [7.85, 26.73358, 8.83033],
			"to": [8.125, 26.93358, 8.98033],
			"rotation": {"angle": -45, "axis": "x", "origin": [8.35, 26.38358, 8.13033]},
			"faces": {
				"north": {"uv": [7.875, 0, 8.15, 0.2], "texture": "#2"},
				"east": {"uv": [3, 0, 3.2, 0.15], "rotation": 90, "texture": "#2"},
				"south": {"uv": [7.85, 0, 8.125, 0.2], "texture": "#2"},
				"west": {"uv": [3, 0, 3.2, 0.15], "rotation": 90, "texture": "#2"},
				"up": {"uv": [7.85, 8.83033, 8.125, 8.98033], "texture": "#2"},
				"down": {"uv": [7.85, 7.01967, 8.125, 7.16967], "texture": "#2"}
			}
		},
		{
			"from": [8.125, 13.375, 7.475],
			"to": [8.225, 26.375, 8.4],
			"rotation": {"angle": 0, "axis": "x", "origin": [7.99598, 5.20198, 7.99827]},
			"faces": {
				"north": {"uv": [7.775, 0, 7.875, 13], "texture": "#2"},
				"east": {"uv": [3, 0, 16, 0.925], "rotation": 90, "texture": "#2"},
				"south": {"uv": [8.125, 0, 8.225, 13], "texture": "#2"},
				"west": {"uv": [3, 0, 16, 0.925], "rotation": 90, "texture": "#2"},
				"up": {"uv": [8.125, 7.475, 8.225, 8.4], "texture": "#2"},
				"down": {"uv": [8.125, 7.6, 8.225, 8.525], "texture": "#2"}
			}
		},
		{
			"from": [8.125, 8.5, 7.575],
			"to": [8.225, 26.3, 8.4],
			"rotation": {"angle": 0, "axis": "x", "origin": [7.99598, 5.12698, 7.99827]},
			"faces": {
				"north": {"uv": [7.775, 0, 7.875, 7.5], "texture": "#2"},
				"east": {"uv": [7.6, 0, 8.425, 7.5], "rotation": 90, "texture": "#2"},
				"south": {"uv": [8.125, 0, 8.225, 7.5], "texture": "#2"},
				"west": {"uv": [7.575, 0, 8.4, 7.5], "rotation": 90, "texture": "#2"},
				"up": {"uv": [8.125, 7.575, 8.225, 8.4], "texture": "#2"},
				"down": {"uv": [8.125, 7.6, 8.225, 8.425], "texture": "#2"}
			}
		},
		{
			"from": [8.125, 26.18488, 7.14959],
			"to": [8.225, 26.78488, 7.87459],
			"rotation": {"angle": -45, "axis": "x", "origin": [7.9875, 26.95988, 7.83709]},
			"faces": {
				"north": {"uv": [7.775, 0, 7.875, 0.6], "texture": "#2"},
				"east": {"uv": [3, 0, 3.6, 0.725], "rotation": 90, "texture": "#2"},
				"south": {"uv": [8.125, 0, 8.225, 0.6], "texture": "#2"},
				"west": {"uv": [3, 0, 3.6, 0.725], "rotation": 90, "texture": "#2"},
				"up": {"uv": [8.125, 7.14959, 8.225, 7.87459], "texture": "#2"},
				"down": {"uv": [8.125, 8.12541, 8.225, 8.85041], "texture": "#2"}
			}
		},
		{
			"from": [7.75, 13.375, 7.475],
			"to": [7.85, 26.375, 8.4],
			"rotation": {"angle": 0, "axis": "x", "origin": [7.99598, 5.20198, 7.99827]},
			"faces": {
				"north": {"uv": [8.15, 0, 8.25, 13], "texture": "#2"},
				"east": {"uv": [3, 0, 16, 0.925], "rotation": 90, "texture": "#2"},
				"south": {"uv": [7.75, 0, 7.85, 13], "texture": "#2"},
				"west": {"uv": [3, 0, 16, 0.925], "rotation": 90, "texture": "#2"},
				"up": {"uv": [7.75, 7.475, 7.85, 8.4], "texture": "#2"},
				"down": {"uv": [7.75, 7.6, 7.85, 8.525], "texture": "#2"}
			}
		},
		{
			"from": [7.75, 8.5, 7.575],
			"to": [7.85, 26.3, 8.4],
			"rotation": {"angle": 0, "axis": "x", "origin": [7.99598, 5.12698, 7.99827]},
			"faces": {
				"north": {"uv": [8.15, 0, 8.25, 7.5], "texture": "#2"},
				"east": {"uv": [7.6, 0, 8.425, 7.5], "rotation": 270, "texture": "#2"},
				"south": {"uv": [7.75, 0, 7.85, 7.5], "texture": "#2"},
				"west": {"uv": [7.575, 0, 8.4, 7.5], "rotation": 90, "texture": "#2"},
				"up": {"uv": [7.75, 7.575, 7.85, 8.4], "texture": "#2"},
				"down": {"uv": [7.75, 7.6, 7.85, 8.425], "texture": "#2"}
			}
		},
		{
			"from": [7.75, 26.18488, 7.14959],
			"to": [7.85, 26.78488, 7.87459],
			"rotation": {"angle": -45, "axis": "x", "origin": [7.9875, 26.95988, 7.83709]},
			"faces": {
				"north": {"uv": [8.15, 0, 8.25, 0.6], "texture": "#2"},
				"east": {"uv": [3, 0, 3.6, 0.725], "rotation": 90, "texture": "#2"},
				"south": {"uv": [7.75, 0, 7.85, 0.6], "texture": "#2"},
				"west": {"uv": [3, 0, 3.6, 0.725], "rotation": 90, "texture": "#2"},
				"up": {"uv": [7.75, 7.14959, 7.85, 7.87459], "texture": "#2"},
				"down": {"uv": [7.75, 8.12541, 7.85, 8.85041], "texture": "#2"}
			}
		},
		{
			"from": [7.9, 13.375, 7.325],
			"to": [8.075, 26.375, 7.425],
			"rotation": {"angle": 0, "axis": "y", "origin": [7.99598, 5.20198, 7.82327]},
			"faces": {
				"north": {"uv": [7.925, 0, 8.1, 13], "texture": "#2"},
				"east": {"uv": [3, 0, 16, 0.1], "rotation": 90, "texture": "#2"},
				"south": {"uv": [7.9, 0, 8.075, 13], "texture": "#2"},
				"west": {"uv": [3, 0, 16, 0.1], "rotation": 90, "texture": "#2"},
				"up": {"uv": [7.9, 7.325, 8.075, 7.425], "texture": "#2"},
				"down": {"uv": [7.9, 8.575, 8.075, 8.675], "texture": "#2"}
			}
		},
		{
			"from": [7.9, 8.5, 7.425],
			"to": [8.075, 26.3, 7.525],
			"rotation": {"angle": 0, "axis": "y", "origin": [7.99598, 5.12698, 7.92327]},
			"faces": {
				"north": {"uv": [7.925, 0, 8.1, 7.5], "texture": "#2"},
				"east": {"uv": [8.475, 0, 8.575, 7.5], "rotation": 90, "texture": "#2"},
				"south": {"uv": [7.9, 0, 8.075, 7.5], "texture": "#2"},
				"west": {"uv": [7.425, 0, 7.525, 7.5], "rotation": 90, "texture": "#2"},
				"up": {"uv": [7.9, 7.425, 8.075, 7.525], "texture": "#2"},
				"down": {"uv": [7.9, 8.475, 8.075, 8.575], "texture": "#2"}
			}
		},
		{
			"from": [7.9, 13.31788, 7.39604],
			"to": [8.075, 13.61788, 7.49604],
			"rotation": {"angle": -22.5, "axis": "x", "origin": [7.9875, 13.31788, 7.97104]},
			"faces": {
				"north": {"uv": [7.925, 2.38212, 8.1, 2.68212], "texture": "#2"},
				"east": {"uv": [8.50396, 2.38212, 8.60396, 2.68212], "rotation": 90, "texture": "#2"},
				"south": {"uv": [7.9, 2.38212, 8.075, 2.68212], "texture": "#2"},
				"west": {"uv": [7.39604, 2.38212, 7.49604, 2.68212], "rotation": 90, "texture": "#2"},
				"up": {"uv": [7.9, 7.39604, 8.075, 7.49604], "texture": "#2"},
				"down": {"uv": [7.9, 8.50396, 8.075, 8.60396], "texture": "#2"}
			}
		},
		{
			"from": [7.9, 8.51788, 7.39604],
			"to": [8.075, 8.84288, 7.49604],
			"rotation": {"angle": 22.5, "axis": "x", "origin": [7.9875, 8.84288, 7.97104]},
			"faces": {
				"north": {"uv": [7.925, 7.15712, 8.1, 7.48212], "texture": "#2"},
				"east": {"uv": [3, 0, 3.325, 0.1], "rotation": 90, "texture": "#2"},
				"south": {"uv": [7.9, 7.15712, 8.075, 7.48212], "texture": "#2"},
				"west": {"uv": [3, 0, 3.325, 0.1], "rotation": 90, "texture": "#2"},
				"up": {"uv": [7.9, 7.39604, 8.075, 7.49604], "texture": "#2"},
				"down": {"uv": [7.9, 8.50396, 8.075, 8.60396], "texture": "#2"}
			}
		},
		{
			"from": [7.9, 25.98388, 8.17959],
			"to": [8.075, 27.35888, 8.32959],
			"rotation": {"angle": 45, "axis": "x", "origin": [7.9875, 27.23388, 8.27959]},
			"faces": {
				"north": {"uv": [7.925, 0, 8.1, 1.375], "texture": "#2"},
				"east": {"uv": [3, 0, 4.375, 0.15], "rotation": 90, "texture": "#2"},
				"south": {"uv": [7.9, 0, 8.075, 1.375], "texture": "#2"},
				"west": {"uv": [3, 0, 4.375, 0.15], "rotation": 90, "texture": "#2"},
				"up": {"uv": [7.9, 8.17959, 8.075, 8.32959], "texture": "#2"},
				"down": {"uv": [7.9, 7.67041, 8.075, 7.82041], "texture": "#2"}
			}
		},
		{
			"from": [8.6, 8.375, 7.875],
			"to": [8.7, 8.625, 8.125],
			"rotation": {"angle": 45, "axis": "x", "origin": [8, 8.5, 8]},
			"faces": {
				"north": {"uv": [7.3, 7.375, 7.55, 7.475], "rotation": 90, "texture": "#4"},
				"east": {"uv": [7.875, 7.375, 8.125, 7.625], "rotation": 90, "texture": "#4"},
				"south": {"uv": [8.6, 7.375, 8.85, 7.475], "rotation": 90, "texture": "#4"},
				"west": {"uv": [7.875, 7.375, 8.125, 7.625], "rotation": 90, "texture": "#4"},
				"up": {"uv": [8.6, 7.875, 8.85, 7.975], "rotation": 90, "texture": "#4"},
				"down": {"uv": [8.6, 7.875, 8.85, 7.975], "rotation": 90, "texture": "#4"}
			}
		},
		{
			"from": [7.3, 8.375, 7.875],
			"to": [7.4, 8.625, 8.125],
			"rotation": {"angle": 45, "axis": "x", "origin": [8, 8.5, 8]},
			"faces": {
				"north": {"uv": [8.6, 7.375, 8.85, 7.475], "rotation": 90, "texture": "#4"},
				"east": {"uv": [7.875, 7.375, 8.125, 7.625], "rotation": 90, "texture": "#4"},
				"south": {"uv": [7.3, 7.375, 7.55, 7.475], "rotation": 90, "texture": "#4"},
				"west": {"uv": [7.875, 7.375, 8.125, 7.625], "rotation": 90, "texture": "#4"},
				"up": {"uv": [7.3, 7.875, 7.55, 7.975], "rotation": 90, "texture": "#4"},
				"down": {"uv": [7.3, 7.875, 7.55, 7.975], "rotation": 90, "texture": "#4"}
			}
		},
		{
			"from": [7.4, 8.25, 7.6],
			"to": [7.8, 8.75, 8.4],
			"rotation": {"angle": 0, "axis": "x", "origin": [8.14598, 5.12698, 7.99827]},
			"faces": {
				"north": {"uv": [8.2, 7.25, 8.6, 7.75], "texture": "#0"},
				"east": {"uv": [7.6, 7.25, 8.4, 7.75], "texture": "#0"},
				"south": {"uv": [7.4, 7.25, 7.8, 7.75], "texture": "#0"},
				"west": {"uv": [7.6, 7.25, 8.4, 7.75], "texture": "#0"},
				"up": {"uv": [7.4, 7.6, 7.8, 8.4], "texture": "#0"},
				"down": {"uv": [7.4, 7.6, 7.8, 8.4], "texture": "#0"}
			}
		},
		{
			"from": [8.225, 8.25, 7.6],
			"to": [8.6, 8.75, 8.4],
			"rotation": {"angle": 0, "axis": "x", "origin": [7.87098, 5.12698, 7.99827]},
			"faces": {
				"north": {"uv": [7.4, 7.25, 7.775, 7.75], "texture": "#0"},
				"east": {"uv": [7.6, 7.25, 8.4, 7.75], "texture": "#0"},
				"south": {"uv": [8.225, 7.25, 8.6, 7.75], "texture": "#0"},
				"west": {"uv": [7.6, 7.25, 8.4, 7.75], "texture": "#0"},
				"up": {"uv": [8.225, 7.6, 8.6, 8.4], "texture": "#0"},
				"down": {"uv": [8.225, 7.6, 8.6, 8.4], "texture": "#0"}
			}
		},
		{
			"from": [7.6, 8.25, 7.35],
			"to": [8.4, 8.75, 7.65],
			"rotation": {"angle": 0, "axis": "y", "origin": [7.99598, 5.12698, 7.99827]},
			"faces": {
				"north": {"uv": [7.6, 7.25, 8.1, 8.05], "rotation": 270, "texture": "#0"},
				"east": {"uv": [8.35, 7.25, 8.85, 7.55], "rotation": 270, "texture": "#0"},
				"south": {"uv": [7.6, 7.25, 8.1, 8.05], "rotation": 270, "texture": "#0"},
				"west": {"uv": [7.35, 7.25, 7.85, 7.55], "rotation": 270, "texture": "#0"},
				"up": {"uv": [7.6, 7.35, 7.9, 8.15], "rotation": 270, "texture": "#0"},
				"down": {"uv": [7.6, 8.35, 7.9, 9.15], "rotation": 270, "texture": "#0"}
			}
		},
		{
			"from": [7.6, 7.9099, 6.62773],
			"to": [8.4, 8.2849, 7.80273],
			"rotation": {"angle": -22.5, "axis": "x", "origin": [8, 7.48147, 6.46151]},
			"faces": {
				"north": {"uv": [7.6, 7.7151, 7.975, 8.5151], "rotation": 90, "texture": "#0"},
				"east": {"uv": [8.19727, 7.7151, 9.37227, 8.0901], "texture": "#0"},
				"south": {"uv": [7.6, 7.7151, 7.975, 8.5151], "rotation": 270, "texture": "#0"},
				"west": {"uv": [6.62773, 7.7151, 7.80273, 8.0901], "rotation": 180, "texture": "#0"},
				"up": {"uv": [7.6, 6.62773, 8.775, 7.42773], "rotation": 270, "texture": "#0"},
				"down": {"uv": [7.6, 8.19727, 8.775, 8.99727], "rotation": 90, "texture": "#0"}
			}
		},
		{
			"from": [7.8, 7.17464, 5.92137],
			"to": [8.2, 8.27464, 6.22137],
			"rotation": {"angle": 22.5, "axis": "x", "origin": [8, 7.25559, 6.16549]},
			"faces": {
				"north": {"uv": [7.8, 7.72536, 8.9, 8.12536], "rotation": 90, "texture": "#0"},
				"east": {"uv": [9.77863, 7.72536, 10.87863, 8.02536], "rotation": 90, "texture": "#0"},
				"south": {"uv": [7.8, 7.72536, 8.9, 8.12536], "rotation": 90, "texture": "#0"},
				"west": {"uv": [5.92137, 7.72536, 7.02137, 8.02536], "rotation": 90, "texture": "#0"},
				"up": {"uv": [7.8, 5.92137, 8.1, 6.32137], "rotation": 270, "texture": "#0"},
				"down": {"uv": [7.8, 9.77863, 8.1, 10.17863], "rotation": 270, "texture": "#0"}
			}
		},
		{
			"from": [7.8, 6.21739, 5.96467],
			"to": [8.2, 7.34239, 6.18967],
			"rotation": {"angle": 0, "axis": "x", "origin": [8, 7.25559, 6.16549]},
			"faces": {
				"north": {"uv": [7.8, 8.65761, 8.925, 9.05761], "rotation": 270, "texture": "#0"},
				"east": {"uv": [9.81033, 8.65761, 10.93533, 8.88261], "rotation": 270, "texture": "#0"},
				"south": {"uv": [7.8, 8.65761, 8.925, 9.05761], "rotation": 270, "texture": "#0"},
				"west": {"uv": [5.96467, 8.65761, 7.08967, 8.88261], "rotation": 270, "texture": "#0"},
				"up": {"uv": [7.8, 5.96467, 8.025, 6.36467], "rotation": 270, "texture": "#0"},
				"down": {"uv": [7.8, 9.81033, 8.025, 10.21033], "rotation": 270, "texture": "#0"}
			}
		},
		{
			"from": [8.2, 7.20393, 5.95066],
			"to": [8.3, 8.20393, 6.15066],
			"rotation": {"angle": 22.5, "axis": "x", "origin": [8, 7.25559, 6.16549]},
			"faces": {
				"north": {"uv": [7.7, 7.79607, 8.7, 7.89607], "rotation": 90, "texture": "#0"},
				"east": {"uv": [9.84934, 7.79607, 10.84934, 7.99607], "rotation": 90, "texture": "#0"},
				"south": {"uv": [8.2, 7.79607, 9.2, 7.89607], "rotation": 90, "texture": "#0"},
				"west": {"uv": [5.95066, 7.79607, 6.95066, 7.99607], "rotation": 90, "texture": "#0"},
				"up": {"uv": [8.2, 5.95066, 8.4, 6.05066], "rotation": 270, "texture": "#0"},
				"down": {"uv": [8.2, 9.84934, 8.4, 9.94934], "rotation": 270, "texture": "#0"}
			}
		},
		{
			"from": [8.2, 6.2881, 6.03538],
			"to": [8.3, 7.3131, 6.16038],
			"rotation": {"angle": 0, "axis": "x", "origin": [8, 7.25559, 6.16549]},
			"faces": {
				"north": {"uv": [7.7, 8.6869, 8.725, 8.7869], "rotation": 270, "texture": "#0"},
				"east": {"uv": [9.83962, 8.6869, 10.86462, 8.8119], "rotation": 270, "texture": "#0"},
				"south": {"uv": [8.2, 8.6869, 9.225, 8.7869], "rotation": 270, "texture": "#0"},
				"west": {"uv": [6.03538, 8.6869, 7.06038, 8.8119], "rotation": 270, "texture": "#0"},
				"up": {"uv": [8.2, 6.03538, 8.325, 6.13538], "rotation": 270, "texture": "#0"},
				"down": {"uv": [8.2, 9.83962, 8.325, 9.93962], "rotation": 270, "texture": "#0"}
			}
		},
		{
			"from": [7.7, 7.20393, 5.95066],
			"to": [7.8, 8.20393, 6.15066],
			"rotation": {"angle": 22.5, "axis": "x", "origin": [8, 7.25559, 6.16549]},
			"faces": {
				"north": {"uv": [8.2, 7.79607, 9.2, 7.89607], "rotation": 90, "texture": "#0"},
				"east": {"uv": [9.84934, 7.79607, 10.84934, 7.99607], "rotation": 90, "texture": "#0"},
				"south": {"uv": [7.7, 7.79607, 8.7, 7.89607], "rotation": 90, "texture": "#0"},
				"west": {"uv": [5.95066, 7.79607, 6.95066, 7.99607], "rotation": 90, "texture": "#0"},
				"up": {"uv": [7.7, 5.95066, 7.9, 6.05066], "rotation": 270, "texture": "#0"},
				"down": {"uv": [7.7, 9.84934, 7.9, 9.94934], "rotation": 270, "texture": "#0"}
			}
		},
		{
			"from": [7.7, 6.2881, 6.03538],
			"to": [7.8, 7.3131, 6.16038],
			"rotation": {"angle": 0, "axis": "x", "origin": [8, 7.25559, 6.16549]},
			"faces": {
				"north": {"uv": [8.2, 8.6869, 9.225, 8.7869], "rotation": 270, "texture": "#0"},
				"east": {"uv": [9.83962, 8.6869, 10.86462, 8.8119], "rotation": 270, "texture": "#0"},
				"south": {"uv": [7.7, 8.6869, 8.725, 8.7869], "rotation": 270, "texture": "#0"},
				"west": {"uv": [6.03538, 8.6869, 7.06038, 8.8119], "rotation": 270, "texture": "#0"},
				"up": {"uv": [7.7, 6.03538, 7.825, 6.13538], "rotation": 270, "texture": "#0"},
				"down": {"uv": [7.7, 9.83962, 7.825, 9.93962], "rotation": 270, "texture": "#0"}
			}
		},
		{
			"from": [7.6, 8.25, 8.35],
			"to": [8.4, 8.75, 8.65],
			"rotation": {"angle": 0, "axis": "y", "origin": [7.99598, 5.12698, 7.99827]},
			"faces": {
				"north": {"uv": [7.6, 7.25, 8.1, 8.05], "rotation": 270, "texture": "#0"},
				"east": {"uv": [7.35, 7.25, 7.85, 7.55], "rotation": 270, "texture": "#0"},
				"south": {"uv": [7.6, 7.25, 8.1, 8.05], "rotation": 270, "texture": "#0"},
				"west": {"uv": [8.35, 7.25, 8.85, 7.55], "rotation": 270, "texture": "#0"},
				"up": {"uv": [7.6, 8.35, 7.9, 9.15], "rotation": 270, "texture": "#0"},
				"down": {"uv": [7.6, 7.35, 7.9, 8.15], "rotation": 270, "texture": "#0"}
			}
		},
		{
			"from": [7.6, 7.84981, 9.78686],
			"to": [8.4, 8.22481, 10.73686],
			"rotation": {"angle": -22.5, "axis": "x", "origin": [7.99598, 5.12698, 7.99827]},
			"faces": {
				"north": {"uv": [7.6, 7.77519, 7.975, 8.57519], "rotation": 90, "texture": "#0"},
				"east": {"uv": [5.26314, 7.77519, 6.21314, 8.15019], "rotation": 180, "texture": "#0"},
				"south": {"uv": [7.6, 7.77519, 7.975, 8.57519], "rotation": 270, "texture": "#0"},
				"west": {"uv": [9.78686, 7.77519, 10.73686, 8.15019], "texture": "#0"},
				"up": {"uv": [7.6, 9.78686, 8.55, 10.58686], "rotation": 90, "texture": "#0"},
				"down": {"uv": [7.6, 5.26314, 8.55, 6.06314], "rotation": 270, "texture": "#0"}
			}
		},
		{
			"from": [7.8, 8.68151, 9.58045],
			"to": [8.2, 9.78151, 9.88045],
			"rotation": {"angle": 22.5, "axis": "x", "origin": [8, 9.73788, 9.62046]},
			"faces": {
				"north": {"uv": [7.8, 6.21849, 8.9, 6.61849], "rotation": 270, "texture": "#0"},
				"east": {"uv": [6.11955, 6.21849, 7.21955, 6.51849], "rotation": 270, "texture": "#0"},
				"south": {"uv": [7.8, 6.21849, 8.9, 6.61849], "rotation": 270, "texture": "#0"},
				"west": {"uv": [9.58045, 6.21849, 10.68045, 6.51849], "rotation": 270, "texture": "#0"},
				"up": {"uv": [7.8, 9.58045, 8.1, 9.98045], "rotation": 270, "texture": "#0"},
				"down": {"uv": [7.8, 6.11955, 8.1, 6.51955], "rotation": 270, "texture": "#0"}
			}
		},
		{
			"from": [7.8, 9.65762, 9.6089],
			"to": [8.2, 10.80762, 9.8589],
			"rotation": {"angle": 0, "axis": "x", "origin": [8, 9.73788, 9.62046]},
			"faces": {
				"north": {"uv": [7.8, 5.19238, 8.95, 5.59238], "rotation": 270, "texture": "#0"},
				"east": {"uv": [6.1411, 5.19238, 7.2911, 5.44238], "rotation": 270, "texture": "#0"},
				"south": {"uv": [7.8, 5.19238, 8.95, 5.59238], "rotation": 270, "texture": "#0"},
				"west": {"uv": [9.6089, 5.19238, 10.7589, 5.44238], "rotation": 270, "texture": "#0"},
				"up": {"uv": [7.8, 9.6089, 8.05, 10.0089], "rotation": 270, "texture": "#0"},
				"down": {"uv": [7.8, 6.1411, 8.05, 6.5411], "rotation": 270, "texture": "#0"}
			}
		},
		{
			"from": [8.2, 8.75222, 9.60974],
			"to": [8.3, 9.75222, 9.80974],
			"rotation": {"angle": 22.5, "axis": "x", "origin": [8, 9.73788, 9.62046]},
			"faces": {
				"north": {"uv": [7.7, 6.24778, 8.7, 6.34778], "rotation": 270, "texture": "#0"},
				"east": {"uv": [6.19026, 6.24778, 7.19026, 6.44778], "rotation": 270, "texture": "#0"},
				"south": {"uv": [8.2, 6.24778, 9.2, 6.34778], "rotation": 270, "texture": "#0"},
				"west": {"uv": [9.60974, 6.24778, 10.60974, 6.44778], "rotation": 270, "texture": "#0"},
				"up": {"uv": [8.2, 9.60974, 8.4, 9.70974], "rotation": 270, "texture": "#0"},
				"down": {"uv": [8.2, 6.19026, 8.4, 6.29026], "rotation": 270, "texture": "#0"}
			}
		},
		{
			"from": [8.2, 9.67833, 9.63819],
			"to": [8.3, 10.77833, 9.78819],
			"rotation": {"angle": 0, "axis": "x", "origin": [8, 9.73788, 9.62046]},
			"faces": {
				"north": {"uv": [7.7, 5.22167, 8.8, 5.32167], "rotation": 270, "texture": "#0"},
				"east": {"uv": [6.21181, 5.22167, 7.31181, 5.37167], "rotation": 270, "texture": "#0"},
				"south": {"uv": [8.2, 5.22167, 9.3, 5.32167], "rotation": 270, "texture": "#0"},
				"west": {"uv": [9.63819, 5.22167, 10.73819, 5.37167], "rotation": 270, "texture": "#0"},
				"up": {"uv": [8.2, 9.63819, 8.35, 9.73819], "rotation": 270, "texture": "#0"},
				"down": {"uv": [8.2, 6.21181, 8.35, 6.31181], "rotation": 270, "texture": "#0"}
			}
		},
		{
			"from": [7.7, 8.75222, 9.60974],
			"to": [7.8, 9.75222, 9.80974],
			"rotation": {"angle": 22.5, "axis": "x", "origin": [8, 9.73788, 9.62046]},
			"faces": {
				"north": {"uv": [8.2, 6.24778, 9.2, 6.34778], "rotation": 270, "texture": "#0"},
				"east": {"uv": [6.19026, 6.24778, 7.19026, 6.44778], "rotation": 270, "texture": "#0"},
				"south": {"uv": [7.7, 6.24778, 8.7, 6.34778], "rotation": 270, "texture": "#0"},
				"west": {"uv": [9.60974, 6.24778, 10.60974, 6.44778], "rotation": 270, "texture": "#0"},
				"up": {"uv": [7.7, 9.60974, 7.9, 9.70974], "rotation": 270, "texture": "#0"},
				"down": {"uv": [7.7, 6.19026, 7.9, 6.29026], "rotation": 270, "texture": "#0"}
			}
		},
		{
			"from": [7.7, 9.67833, 9.63819],
			"to": [7.8, 10.77833, 9.78819],
			"rotation": {"angle": 0, "axis": "x", "origin": [8, 9.73788, 9.62046]},
			"faces": {
				"north": {"uv": [8.2, 5.22167, 9.3, 5.32167], "rotation": 270, "texture": "#0"},
				"east": {"uv": [6.21181, 5.22167, 7.31181, 5.37167], "rotation": 270, "texture": "#0"},
				"south": {"uv": [7.7, 5.22167, 8.8, 5.32167], "rotation": 270, "texture": "#0"},
				"west": {"uv": [9.63819, 5.22167, 10.73819, 5.37167], "rotation": 270, "texture": "#0"},
				"up": {"uv": [7.7, 9.63819, 7.85, 9.73819], "rotation": 270, "texture": "#0"},
				"down": {"uv": [7.7, 6.21181, 7.85, 6.31181], "rotation": 270, "texture": "#0"}
			}
		},
		{
			"from": [7.7, 8.375, 7.25],
			"to": [8.3, 8.625, 7.35],
			"rotation": {"angle": 0, "axis": "y", "origin": [7.99598, 5.12698, 7.99827]},
			"faces": {
				"north": {"uv": [7.7, 7.375, 8.3, 7.625], "texture": "#0"},
				"east": {"uv": [8.65, 7.375, 8.75, 7.625], "texture": "#0"},
				"south": {"uv": [7.7, 7.375, 8.3, 7.625], "texture": "#0"},
				"west": {"uv": [7.25, 7.375, 7.35, 7.625], "texture": "#0"},
				"up": {"uv": [7.7, 7.25, 8.3, 7.35], "texture": "#0"},
				"down": {"uv": [7.7, 8.65, 8.3, 8.75], "texture": "#0"}
			}
		},
		{
			"from": [7.7, 8.375, 8.65],
			"to": [8.3, 8.625, 8.75],
			"rotation": {"angle": 0, "axis": "y", "origin": [7.99598, 5.12698, 7.99827]},
			"faces": {
				"north": {"uv": [7.7, 7.375, 8.3, 7.625], "texture": "#0"},
				"east": {"uv": [7.25, 7.375, 7.35, 7.625], "texture": "#0"},
				"south": {"uv": [7.7, 7.375, 8.3, 7.625], "texture": "#0"},
				"west": {"uv": [8.65, 7.375, 8.75, 7.625], "texture": "#0"},
				"up": {"uv": [7.7, 8.65, 8.3, 8.75], "texture": "#0"},
				"down": {"uv": [7.7, 7.25, 8.3, 7.35], "texture": "#0"}
			}
		},
		{
			"from": [7.5, 8.275, 8.4],
			"to": [7.6, 8.725, 8.5],
			"rotation": {"angle": 0, "axis": "y", "origin": [7.99598, 5.12698, 7.99827]},
			"faces": {
				"north": {"uv": [8.4, 7.275, 8.5, 7.725], "texture": "#0"},
				"east": {"uv": [7.5, 7.275, 7.6, 7.725], "texture": "#0"},
				"south": {"uv": [7.5, 7.275, 7.6, 7.725], "texture": "#0"},
				"west": {"uv": [8.4, 7.275, 8.5, 7.725], "texture": "#0"},
				"up": {"uv": [7.5, 8.4, 7.6, 8.5], "texture": "#0"},
				"down": {"uv": [7.5, 7.5, 7.6, 7.6], "texture": "#0"}
			}
		},
		{
			"from": [7.5, 8.325, 8.5],
			"to": [7.6, 8.675, 8.6],
			"rotation": {"angle": 0, "axis": "y", "origin": [7.99598, 5.12698, 7.99827]},
			"faces": {
				"north": {"uv": [8.4, 7.325, 8.5, 7.675], "texture": "#0"},
				"east": {"uv": [7.4, 7.325, 7.5, 7.675], "texture": "#0"},
				"south": {"uv": [7.5, 7.325, 7.6, 7.675], "texture": "#0"},
				"west": {"uv": [8.5, 7.325, 8.6, 7.675], "texture": "#0"},
				"up": {"uv": [7.5, 8.5, 7.6, 8.6], "texture": "#0"},
				"down": {"uv": [7.5, 7.4, 7.6, 7.5], "texture": "#0"}
			}
		},
		{
			"from": [7.4, 8.325, 8.4],
			"to": [7.5, 8.675, 8.5],
			"rotation": {"angle": 0, "axis": "y", "origin": [7.99598, 5.12698, 7.99827]},
			"faces": {
				"north": {"uv": [8.5, 7.325, 8.6, 7.675], "texture": "#0"},
				"east": {"uv": [7.5, 7.325, 7.6, 7.675], "texture": "#0"},
				"south": {"uv": [7.4, 7.325, 7.5, 7.675], "texture": "#0"},
				"west": {"uv": [8.4, 7.325, 8.5, 7.675], "texture": "#0"},
				"up": {"uv": [7.4, 8.4, 7.5, 8.5], "texture": "#0"},
				"down": {"uv": [7.4, 7.5, 7.5, 7.6], "texture": "#0"}
			}
		},
		{
			"from": [8.4, 8.325, 8.5],
			"to": [8.5, 8.675, 8.6],
			"rotation": {"angle": 0, "axis": "y", "origin": [7.99598, 5.12698, 7.99827]},
			"faces": {
				"north": {"uv": [7.5, 7.325, 7.85, 7.425], "rotation": 270, "texture": "#0"},
				"east": {"uv": [7.4, 7.325, 7.75, 7.425], "rotation": 270, "texture": "#0"},
				"south": {"uv": [8.4, 7.325, 8.75, 7.425], "rotation": 270, "texture": "#0"},
				"west": {"uv": [8.5, 7.325, 8.85, 7.425], "rotation": 270, "texture": "#0"},
				"up": {"uv": [8.4, 8.5, 8.5, 8.6], "rotation": 270, "texture": "#0"},
				"down": {"uv": [8.4, 7.4, 8.5, 7.5], "rotation": 270, "texture": "#0"}
			}
		},
		{
			"from": [8.4, 8.275, 8.4],
			"to": [8.5, 8.725, 8.5],
			"rotation": {"angle": 0, "axis": "y", "origin": [7.99598, 5.12698, 7.99827]},
			"faces": {
				"north": {"uv": [7.5, 7.275, 7.95, 7.375], "rotation": 270, "texture": "#0"},
				"east": {"uv": [7.5, 7.275, 7.95, 7.375], "rotation": 270, "texture": "#0"},
				"south": {"uv": [8.4, 7.275, 8.85, 7.375], "rotation": 270, "texture": "#0"},
				"west": {"uv": [8.4, 7.275, 8.85, 7.375], "rotation": 270, "texture": "#0"},
				"up": {"uv": [8.4, 8.4, 8.5, 8.5], "rotation": 270, "texture": "#0"},
				"down": {"uv": [8.4, 7.5, 8.5, 7.6], "rotation": 270, "texture": "#0"}
			}
		},
		{
			"from": [8.5, 8.325, 8.4],
			"to": [8.6, 8.675, 8.5],
			"rotation": {"angle": 0, "axis": "y", "origin": [7.99598, 5.12698, 7.99827]},
			"faces": {
				"north": {"uv": [7.4, 7.325, 7.75, 7.425], "rotation": 270, "texture": "#0"},
				"east": {"uv": [7.5, 7.325, 7.85, 7.425], "rotation": 270, "texture": "#0"},
				"south": {"uv": [8.5, 7.325, 8.85, 7.425], "rotation": 270, "texture": "#0"},
				"west": {"uv": [8.4, 7.325, 8.75, 7.425], "rotation": 270, "texture": "#0"},
				"up": {"uv": [8.5, 8.4, 8.6, 8.5], "rotation": 270, "texture": "#0"},
				"down": {"uv": [8.5, 7.5, 8.6, 7.6], "rotation": 270, "texture": "#0"}
			}
		},
		{
			"from": [8.4, 8.275, 7.5],
			"to": [8.5, 8.725, 7.6],
			"rotation": {"angle": 0, "axis": "y", "origin": [7.99598, 5.12698, 7.99827]},
			"faces": {
				"north": {"uv": [7.5, 7.275, 7.95, 7.375], "rotation": 270, "texture": "#0"},
				"east": {"uv": [8.4, 7.275, 8.85, 7.375], "rotation": 270, "texture": "#0"},
				"south": {"uv": [8.4, 7.275, 8.85, 7.375], "rotation": 270, "texture": "#0"},
				"west": {"uv": [7.5, 7.275, 7.95, 7.375], "rotation": 270, "texture": "#0"},
				"up": {"uv": [8.4, 7.5, 8.5, 7.6], "rotation": 270, "texture": "#0"},
				"down": {"uv": [8.4, 8.4, 8.5, 8.5], "rotation": 270, "texture": "#0"}
			}
		},
		{
			"from": [8.4, 8.325, 7.4],
			"to": [8.5, 8.675, 7.5],
			"rotation": {"angle": 0, "axis": "y", "origin": [7.99598, 5.12698, 7.99827]},
			"faces": {
				"north": {"uv": [7.5, 7.325, 7.85, 7.425], "rotation": 270, "texture": "#0"},
				"east": {"uv": [8.5, 7.325, 8.85, 7.425], "rotation": 270, "texture": "#0"},
				"south": {"uv": [8.4, 7.325, 8.75, 7.425], "rotation": 270, "texture": "#0"},
				"west": {"uv": [7.4, 7.325, 7.75, 7.425], "rotation": 270, "texture": "#0"},
				"up": {"uv": [8.4, 7.4, 8.5, 7.5], "rotation": 270, "texture": "#0"},
				"down": {"uv": [8.4, 8.5, 8.5, 8.6], "rotation": 270, "texture": "#0"}
			}
		},
		{
			"from": [8.5, 8.325, 7.5],
			"to": [8.6, 8.675, 7.6],
			"rotation": {"angle": 0, "axis": "y", "origin": [7.99598, 5.12698, 7.99827]},
			"faces": {
				"north": {"uv": [7.4, 7.325, 7.75, 7.425], "rotation": 270, "texture": "#0"},
				"east": {"uv": [8.4, 7.325, 8.75, 7.425], "rotation": 270, "texture": "#0"},
				"south": {"uv": [8.5, 7.325, 8.85, 7.425], "rotation": 270, "texture": "#0"},
				"west": {"uv": [7.5, 7.325, 7.85, 7.425], "rotation": 270, "texture": "#0"},
				"up": {"uv": [8.5, 7.5, 8.6, 7.6], "rotation": 270, "texture": "#0"},
				"down": {"uv": [8.5, 8.4, 8.6, 8.5], "rotation": 270, "texture": "#0"}
			}
		},
		{
			"from": [7.4, 8.325, 7.5],
			"to": [7.5, 8.675, 7.6],
			"rotation": {"angle": 0, "axis": "y", "origin": [7.99598, 5.12698, 7.99827]},
			"faces": {
				"north": {"uv": [8.5, 7.325, 8.6, 7.675], "texture": "#0"},
				"east": {"uv": [8.4, 7.325, 8.5, 7.675], "texture": "#0"},
				"south": {"uv": [7.4, 7.325, 7.5, 7.675], "texture": "#0"},
				"west": {"uv": [7.5, 7.325, 7.6, 7.675], "texture": "#0"},
				"up": {"uv": [7.4, 7.5, 7.5, 7.6], "texture": "#0"},
				"down": {"uv": [7.4, 8.4, 7.5, 8.5], "texture": "#0"}
			}
		},
		{
			"from": [7.5, 8.325, 7.4],
			"to": [7.6, 8.675, 7.5],
			"rotation": {"angle": 0, "axis": "y", "origin": [7.99598, 5.12698, 7.99827]},
			"faces": {
				"north": {"uv": [8.4, 7.325, 8.5, 7.675], "texture": "#0"},
				"east": {"uv": [8.5, 7.325, 8.6, 7.675], "texture": "#0"},
				"south": {"uv": [7.5, 7.325, 7.6, 7.675], "texture": "#0"},
				"west": {"uv": [7.4, 7.325, 7.5, 7.675], "texture": "#0"},
				"up": {"uv": [7.5, 7.4, 7.6, 7.5], "texture": "#0"},
				"down": {"uv": [7.5, 8.5, 7.6, 8.6], "texture": "#0"}
			}
		},
		{
			"from": [7.5, 8.275, 7.5],
			"to": [7.6, 8.725, 7.6],
			"rotation": {"angle": 0, "axis": "y", "origin": [7.99598, 5.12698, 7.99827]},
			"faces": {
				"north": {"uv": [8.4, 7.275, 8.5, 7.725], "texture": "#0"},
				"east": {"uv": [8.4, 7.275, 8.5, 7.725], "texture": "#0"},
				"south": {"uv": [7.5, 7.275, 7.6, 7.725], "texture": "#0"},
				"west": {"uv": [7.5, 7.275, 7.6, 7.725], "texture": "#0"},
				"up": {"uv": [7.5, 7.5, 7.6, 7.6], "texture": "#0"},
				"down": {"uv": [7.5, 8.4, 7.6, 8.5], "texture": "#0"}
			}
		},
		{
			"from": [7.8, 0.625, 8.3],
			"to": [8.2, 8.425, 8.375],
			"rotation": {"angle": 0, "axis": "y", "origin": [8, 8.7, 8]},
			"faces": {
				"north": {"uv": [7.8, 7.575, 8.2, 15.375], "texture": "#1"},
				"east": {"uv": [7.625, 7.575, 7.7, 15.375], "texture": "#1"},
				"south": {"uv": [7.8, 7.575, 8.2, 15.375], "texture": "#1"},
				"west": {"uv": [8.3, 7.575, 8.375, 15.375], "texture": "#1"},
				"up": {"uv": [7.8, 8.3, 8.2, 8.375], "texture": "#1"},
				"down": {"uv": [7.8, 7.625, 8.2, 7.7], "texture": "#1"}
			}
		},
		{
			"from": [8.3, 0.625, 7.8],
			"to": [8.375, 8.425, 8.2],
			"rotation": {"angle": 0, "axis": "y", "origin": [8, 8.7, 8]},
			"faces": {
				"north": {"uv": [7.625, 7.575, 7.7, 15.375], "texture": "#1"},
				"east": {"uv": [7.8, 7.575, 8.2, 15.375], "texture": "#1"},
				"south": {"uv": [8.3, 7.575, 8.375, 15.375], "texture": "#1"},
				"west": {"uv": [7.8, 7.575, 8.2, 15.375], "texture": "#1"},
				"up": {"uv": [8.3, 7.8, 8.375, 8.2], "rotation": 270, "texture": "#1"},
				"down": {"uv": [8.3, 7.8, 8.375, 8.2], "rotation": 90, "texture": "#1"}
			}
		},
		{
			"from": [7.8, 0.625, 7.625],
			"to": [8.2, 8.425, 7.7],
			"rotation": {"angle": 0, "axis": "y", "origin": [8, 8.7, 8]},
			"faces": {
				"north": {"uv": [7.8, 7.575, 8.2, 15.375], "texture": "#1"},
				"east": {"uv": [8.3, 7.575, 8.375, 15.375], "texture": "#1"},
				"south": {"uv": [7.8, 7.575, 8.2, 15.375], "texture": "#1"},
				"west": {"uv": [7.625, 7.575, 7.7, 15.375], "texture": "#1"},
				"up": {"uv": [7.8, 7.625, 8.2, 7.7], "texture": "#1"},
				"down": {"uv": [7.8, 8.3, 8.2, 8.375], "texture": "#1"}
			}
		},
		{
			"from": [7.625, 0.625, 7.8],
			"to": [7.7, 8.425, 8.2],
			"rotation": {"angle": 0, "axis": "y", "origin": [8, 8.7, 8]},
			"faces": {
				"north": {"uv": [8.3, 7.575, 8.375, 15.375], "texture": "#1"},
				"east": {"uv": [7.8, 7.575, 8.2, 15.375], "texture": "#1"},
				"south": {"uv": [7.625, 7.575, 7.7, 15.375], "texture": "#1"},
				"west": {"uv": [7.8, 7.575, 8.2, 15.375], "texture": "#1"},
				"up": {"uv": [7.625, 7.8, 7.7, 8.2], "rotation": 270, "texture": "#1"},
				"down": {"uv": [7.625, 7.8, 7.7, 8.2], "rotation": 90, "texture": "#1"}
			}
		},
		{
			"from": [7.7, 0.625, 7.7],
			"to": [8.3, 8.425, 8.3],
			"rotation": {"angle": 0, "axis": "x", "origin": [7.99598, 8.60198, 7.99827]},
			"faces": {
				"north": {"uv": [7.7, 7.575, 8.3, 15.375], "texture": "#1"},
				"east": {"uv": [7.7, 7.575, 8.3, 15.375], "texture": "#1"},
				"south": {"uv": [7.7, 7.575, 8.3, 15.375], "texture": "#1"},
				"west": {"uv": [7.7, 7.575, 8.3, 15.375], "texture": "#1"},
				"up": {"uv": [7.7, 7.7, 8.3, 8.3], "texture": "#1"},
				"down": {"uv": [7.7, 7.7, 8.3, 8.3], "texture": "#1"}
			}
		},
		{
			"from": [8.27476, 0.31926, 7.89729],
			"to": [8.42476, 0.61926, 8.09729],
			"rotation": {"angle": 0, "axis": "x", "origin": [8.00314, -0.24279, 8.00037]},
			"faces": {
				"north": {"uv": [8, 11, 8.15, 11.3], "rotation": 180, "texture": "#0"},
				"east": {"uv": [8, 13, 8.3, 13.2], "rotation": 90, "texture": "#0"},
				"south": {"uv": [9, 10, 9.15, 10.3], "texture": "#0"},
				"west": {"uv": [9, 10, 9.3, 10.2], "rotation": 270, "texture": "#0"},
				"up": {"uv": [8.27476, 7.89729, 8.42476, 8.09729], "texture": "#0"},
				"down": {"uv": [8.27476, 7.90271, 8.42476, 8.10271], "rotation": 180, "texture": "#0"}
			}
		},
		{
			"from": [8.27476, -0.19502, 7.19826],
			"to": [8.42476, 0.00498, 7.49826],
			"rotation": {"angle": 45, "axis": "x", "origin": [8.00314, -0.24279, 8.00037]},
			"faces": {
				"north": {"uv": [8, 11, 8.15, 11.2], "rotation": 180, "texture": "#0"},
				"east": {"uv": [8, 13, 8.3, 13.2], "rotation": 180, "texture": "#0"},
				"south": {"uv": [9, 10, 9.15, 10.2], "rotation": 180, "texture": "#0"},
				"west": {"uv": [9, 10, 9.3, 10.2], "rotation": 180, "texture": "#0"},
				"up": {"uv": [8.27476, 7.19826, 8.42476, 7.49826], "texture": "#0"},
				"down": {"uv": [8.27476, 8.50174, 8.42476, 8.80174], "texture": "#0"}
			}
		},
		{
			"from": [8.27476, -0.13074, 8.34729],
			"to": [8.42476, 0.06926, 8.64729],
			"rotation": {"angle": 0, "axis": "x", "origin": [8.00314, -0.24279, 8.00037]},
			"faces": {
				"north": {"uv": [8, 11, 8.15, 11.2], "texture": "#0"},
				"east": {"uv": [8, 13, 8.3, 13.2], "texture": "#0"},
				"south": {"uv": [9, 10, 9.15, 10.2], "texture": "#0"},
				"west": {"uv": [9, 10, 9.3, 10.2], "texture": "#0"},
				"up": {"uv": [8.27476, 8.34729, 8.42476, 8.64729], "texture": "#0"},
				"down": {"uv": [8.27476, 7.35271, 8.42476, 7.65271], "texture": "#0"}
			}
		},
		{
			"from": [8.27476, 0.25498, 7.74826],
			"to": [8.42476, 0.55498, 7.94826],
			"rotation": {"angle": 45, "axis": "x", "origin": [8.00314, -0.24279, 8.00037]},
			"faces": {
				"north": {"uv": [8, 11, 8.15, 11.3], "rotation": 180, "texture": "#0"},
				"east": {"uv": [8, 13, 8.3, 13.2], "rotation": 90, "texture": "#0"},
				"south": {"uv": [9, 10, 9.15, 10.3], "texture": "#0"},
				"west": {"uv": [9, 10, 9.3, 10.2], "rotation": 270, "texture": "#0"},
				"up": {"uv": [8.27476, 7.74826, 8.42476, 7.94826], "texture": "#0"},
				"down": {"uv": [8.27476, 8.05174, 8.42476, 8.25174], "rotation": 180, "texture": "#0"}
			}
		},
		{
			"from": [8.27476, -1.68074, 7.89729],
			"to": [8.42476, -0.38074, 8.09729],
			"rotation": {"angle": 0, "axis": "x", "origin": [8.00314, -0.24279, 8.00037]},
			"faces": {
				"north": {"uv": [8, 11, 8.15, 12.3], "rotation": 180, "texture": "#0"},
				"east": {"uv": [8, 13, 9.3, 13.2], "rotation": 270, "texture": "#0"},
				"south": {"uv": [9, 10, 9.15, 11.3], "texture": "#0"},
				"west": {"uv": [9, 10, 10.3, 10.2], "rotation": 90, "texture": "#0"},
				"up": {"uv": [8.27476, 7.89729, 8.42476, 8.09729], "rotation": 180, "texture": "#0"},
				"down": {"uv": [8.27476, 7.90271, 8.42476, 8.10271], "texture": "#0"}
			}
		},
		{
			"from": [8.27476, -0.19502, 8.19826],
			"to": [8.42476, 0.00498, 8.49826],
			"rotation": {"angle": 45, "axis": "x", "origin": [8.00314, -0.24279, 8.00037]},
			"faces": {
				"north": {"uv": [8, 11, 8.15, 11.2], "texture": "#0"},
				"east": {"uv": [8, 13, 8.3, 13.2], "texture": "#0"},
				"south": {"uv": [9, 10, 9.15, 10.2], "texture": "#0"},
				"west": {"uv": [9, 10, 9.3, 10.2], "texture": "#0"},
				"up": {"uv": [8.27476, 8.19826, 8.42476, 8.49826], "texture": "#0"},
				"down": {"uv": [8.27476, 7.50174, 8.42476, 7.80174], "texture": "#0"}
			}
		},
		{
			"from": [8.27476, -0.13074, 7.34729],
			"to": [8.42476, 0.06926, 7.64729],
			"rotation": {"angle": 0, "axis": "x", "origin": [8.00314, -0.24279, 8.00037]},
			"faces": {
				"north": {"uv": [8, 11, 8.15, 11.2], "rotation": 180, "texture": "#0"},
				"east": {"uv": [8, 13, 8.3, 13.2], "rotation": 180, "texture": "#0"},
				"south": {"uv": [9, 10, 9.15, 10.2], "rotation": 180, "texture": "#0"},
				"west": {"uv": [9, 10, 9.3, 10.2], "rotation": 180, "texture": "#0"},
				"up": {"uv": [8.27476, 7.34729, 8.42476, 7.64729], "texture": "#0"},
				"down": {"uv": [8.27476, 8.35271, 8.42476, 8.65271], "texture": "#0"}
			}
		},
		{
			"from": [8.27476, -0.74502, 7.74826],
			"to": [8.42476, -0.44502, 7.94826],
			"rotation": {"angle": 45, "axis": "x", "origin": [8.00314, -0.24279, 8.00037]},
			"faces": {
				"north": {"uv": [8, 11, 8.15, 11.3], "rotation": 180, "texture": "#0"},
				"east": {"uv": [8, 13, 8.3, 13.2], "rotation": 270, "texture": "#0"},
				"south": {"uv": [9, 10, 9.15, 10.3], "texture": "#0"},
				"west": {"uv": [9, 10, 9.3, 10.2], "rotation": 90, "texture": "#0"},
				"up": {"uv": [8.27476, 7.74826, 8.42476, 7.94826], "rotation": 180, "texture": "#0"},
				"down": {"uv": [8.27476, 8.05174, 8.42476, 8.25174], "texture": "#0"}
			}
		},
		{
			"from": [7.57476, 0.31926, 7.89729],
			"to": [7.72476, 0.61926, 8.09729],
			"rotation": {"angle": 0, "axis": "x", "origin": [8.00314, -0.24279, 8.00037]},
			"faces": {
				"north": {"uv": [8, 11, 8.15, 11.3], "rotation": 180, "texture": "#0"},
				"east": {"uv": [8, 13, 8.3, 13.2], "rotation": 90, "texture": "#0"},
				"south": {"uv": [9, 10, 9.15, 10.3], "texture": "#0"},
				"west": {"uv": [9, 10, 9.3, 10.2], "rotation": 270, "texture": "#0"},
				"up": {"uv": [7.57476, 7.89729, 7.72476, 8.09729], "texture": "#0"},
				"down": {"uv": [7.57476, 7.90271, 7.72476, 8.10271], "rotation": 180, "texture": "#0"}
			}
		},
		{
			"from": [7.57476, -0.19502, 7.19826],
			"to": [7.72476, 0.00498, 7.49826],
			"rotation": {"angle": 45, "axis": "x", "origin": [8.00314, -0.24279, 8.00037]},
			"faces": {
				"north": {"uv": [8, 11, 8.15, 11.2], "rotation": 180, "texture": "#0"},
				"east": {"uv": [8, 13, 8.3, 13.2], "rotation": 180, "texture": "#0"},
				"south": {"uv": [9, 10, 9.15, 10.2], "rotation": 180, "texture": "#0"},
				"west": {"uv": [9, 10, 9.3, 10.2], "rotation": 180, "texture": "#0"},
				"up": {"uv": [7.57476, 7.19826, 7.72476, 7.49826], "texture": "#0"},
				"down": {"uv": [7.57476, 8.50174, 7.72476, 8.80174], "texture": "#0"}
			}
		},
		{
			"from": [7.57476, -0.13074, 8.34729],
			"to": [7.72476, 0.06926, 8.64729],
			"rotation": {"angle": 0, "axis": "x", "origin": [8.00314, -0.24279, 8.00037]},
			"faces": {
				"north": {"uv": [8, 11, 8.15, 11.2], "texture": "#0"},
				"east": {"uv": [8, 13, 8.3, 13.2], "texture": "#0"},
				"south": {"uv": [9, 10, 9.15, 10.2], "texture": "#0"},
				"west": {"uv": [9, 10, 9.3, 10.2], "texture": "#0"},
				"up": {"uv": [7.57476, 8.34729, 7.72476, 8.64729], "texture": "#0"},
				"down": {"uv": [7.57476, 7.35271, 7.72476, 7.65271], "texture": "#0"}
			}
		},
		{
			"from": [7.57476, 0.25498, 7.74826],
			"to": [7.72476, 0.55498, 7.94826],
			"rotation": {"angle": 45, "axis": "x", "origin": [8.00314, -0.24279, 8.00037]},
			"faces": {
				"north": {"uv": [8, 11, 8.15, 11.3], "rotation": 180, "texture": "#0"},
				"east": {"uv": [8, 13, 8.3, 13.2], "rotation": 90, "texture": "#0"},
				"south": {"uv": [9, 10, 9.15, 10.3], "texture": "#0"},
				"west": {"uv": [9, 10, 9.3, 10.2], "rotation": 270, "texture": "#0"},
				"up": {"uv": [7.57476, 7.74826, 7.72476, 7.94826], "texture": "#0"},
				"down": {"uv": [7.57476, 8.05174, 7.72476, 8.25174], "rotation": 180, "texture": "#0"}
			}
		},
		{
			"from": [7.57476, -1.68074, 7.89729],
			"to": [7.72476, -0.38074, 8.09729],
			"rotation": {"angle": 0, "axis": "x", "origin": [8.00314, -0.24279, 8.00037]},
			"faces": {
				"north": {"uv": [8, 11, 8.15, 12.3], "rotation": 180, "texture": "#0"},
				"east": {"uv": [8, 13, 9.3, 13.2], "rotation": 270, "texture": "#0"},
				"south": {"uv": [9, 10, 9.15, 11.3], "texture": "#0"},
				"west": {"uv": [9, 10, 10.3, 10.2], "rotation": 90, "texture": "#0"},
				"up": {"uv": [7.57476, 7.89729, 7.72476, 8.09729], "rotation": 180, "texture": "#0"},
				"down": {"uv": [7.57476, 7.90271, 7.72476, 8.10271], "texture": "#0"}
			}
		},
		{
			"from": [7.57476, -0.19502, 8.19826],
			"to": [7.72476, 0.00498, 8.49826],
			"rotation": {"angle": 45, "axis": "x", "origin": [8.00314, -0.24279, 8.00037]},
			"faces": {
				"north": {"uv": [8, 11, 8.15, 11.2], "texture": "#0"},
				"east": {"uv": [8, 13, 8.3, 13.2], "texture": "#0"},
				"south": {"uv": [9, 10, 9.15, 10.2], "texture": "#0"},
				"west": {"uv": [9, 10, 9.3, 10.2], "texture": "#0"},
				"up": {"uv": [7.57476, 8.19826, 7.72476, 8.49826], "texture": "#0"},
				"down": {"uv": [7.57476, 7.50174, 7.72476, 7.80174], "texture": "#0"}
			}
		},
		{
			"from": [7.57476, -0.13074, 7.34729],
			"to": [7.72476, 0.06926, 7.64729],
			"rotation": {"angle": 0, "axis": "x", "origin": [8.00314, -0.24279, 8.00037]},
			"faces": {
				"north": {"uv": [8, 11, 8.15, 11.2], "rotation": 180, "texture": "#0"},
				"east": {"uv": [8, 13, 8.3, 13.2], "rotation": 180, "texture": "#0"},
				"south": {"uv": [9, 10, 9.15, 10.2], "rotation": 180, "texture": "#0"},
				"west": {"uv": [9, 10, 9.3, 10.2], "rotation": 180, "texture": "#0"},
				"up": {"uv": [7.57476, 7.34729, 7.72476, 7.64729], "texture": "#0"},
				"down": {"uv": [7.57476, 8.35271, 7.72476, 8.65271], "texture": "#0"}
			}
		},
		{
			"from": [7.57476, -0.74502, 7.74826],
			"to": [7.72476, -0.44502, 7.94826],
			"rotation": {"angle": 45, "axis": "x", "origin": [8.00314, -0.24279, 8.00037]},
			"faces": {
				"north": {"uv": [8, 11, 8.15, 11.3], "rotation": 180, "texture": "#0"},
				"east": {"uv": [8, 13, 8.3, 13.2], "rotation": 270, "texture": "#0"},
				"south": {"uv": [9, 10, 9.15, 10.3], "texture": "#0"},
				"west": {"uv": [9, 10, 9.3, 10.2], "rotation": 90, "texture": "#0"},
				"up": {"uv": [7.57476, 7.74826, 7.72476, 7.94826], "rotation": 180, "texture": "#0"},
				"down": {"uv": [7.57476, 8.05174, 7.72476, 8.25174], "texture": "#0"}
			}
		},
		{
			"from": [7.62476, 0.50669, 7.75684],
			"to": [8.39976, 0.73169, 8.40684],
			"rotation": {"angle": -22.5, "axis": "x", "origin": [8.00314, -0.24279, 8.00037]},
			"faces": {
				"north": {"uv": [8, 11, 8.775, 11.225], "texture": "#0"},
				"east": {"uv": [8, 13, 8.65, 13.225], "texture": "#0"},
				"south": {"uv": [9, 10, 9.775, 10.225], "texture": "#0"},
				"west": {"uv": [9, 10, 9.65, 10.225], "texture": "#0"},
				"up": {"uv": [7.62476, 7.75684, 8.39976, 8.40684], "texture": "#0"},
				"down": {"uv": [7.62476, 7.59316, 8.39976, 8.24316], "texture": "#0"}
			}
		},
		{
			"from": [7.62476, -0.37593, 7.13911],
			"to": [8.39976, 0.27407, 7.36411],
			"rotation": {"angle": 22.5, "axis": "x", "origin": [8.00314, -0.24279, 8.00037]},
			"faces": {
				"north": {"uv": [8, 11, 8.775, 11.65], "rotation": 180, "texture": "#0"},
				"east": {"uv": [8, 13, 8.65, 13.225], "rotation": 90, "texture": "#0"},
				"south": {"uv": [9, 10, 9.775, 10.65], "texture": "#0"},
				"west": {"uv": [9, 10, 9.65, 10.225], "rotation": 270, "texture": "#0"},
				"up": {"uv": [7.62476, 7.13911, 8.39976, 7.36411], "texture": "#0"},
				"down": {"uv": [7.62476, 8.63589, 8.39976, 8.86089], "rotation": 180, "texture": "#0"}
			}
		},
		{
			"from": [7.62476, -0.37793, 7.29722],
			"to": [8.39976, 0.27207, 7.52222],
			"rotation": {"angle": -22.5, "axis": "x", "origin": [8.00314, -0.24279, 8.00037]},
			"faces": {
				"north": {"uv": [8, 11, 8.775, 11.65], "rotation": 180, "texture": "#0"},
				"east": {"uv": [8, 13, 8.65, 13.225], "rotation": 90, "texture": "#0"},
				"south": {"uv": [9, 10, 9.775, 10.65], "texture": "#0"},
				"west": {"uv": [9, 10, 9.65, 10.225], "rotation": 270, "texture": "#0"},
				"up": {"uv": [7.62476, 7.29722, 8.39976, 7.52222], "texture": "#0"},
				"down": {"uv": [7.62476, 8.47778, 8.39976, 8.70278], "rotation": 180, "texture": "#0"}
			}
		},
		{
			"from": [7.62476, -1.02793, 7.29722],
			"to": [8.39976, -0.37793, 7.52222],
			"rotation": {"angle": -22.5, "axis": "x", "origin": [8.00314, -0.24279, 8.00037]},
			"faces": {
				"north": {"uv": [8, 11, 8.775, 11.65], "rotation": 180, "texture": "#0"},
				"east": {"uv": [8, 13, 8.65, 13.225], "rotation": 90, "texture": "#0"},
				"south": {"uv": [9, 10, 9.775, 10.65], "texture": "#0"},
				"west": {"uv": [9, 10, 9.65, 10.225], "rotation": 270, "texture": "#0"},
				"up": {"uv": [7.62476, 7.29722, 8.39976, 7.52222], "texture": "#0"},
				"down": {"uv": [7.62476, 8.47778, 8.39976, 8.70278], "rotation": 180, "texture": "#0"}
			}
		},
		{
			"from": [7.62476, -1.67793, 7.29722],
			"to": [8.39976, -1.02793, 7.52222],
			"rotation": {"angle": -22.5, "axis": "x", "origin": [8.00314, -0.24279, 8.00037]},
			"faces": {
				"north": {"uv": [8, 11, 8.775, 11.65], "rotation": 180, "texture": "#0"},
				"east": {"uv": [8, 13, 8.65, 13.225], "rotation": 90, "texture": "#0"},
				"south": {"uv": [9, 10, 9.775, 10.65], "texture": "#0"},
				"west": {"uv": [9, 10, 9.65, 10.225], "rotation": 270, "texture": "#0"},
				"up": {"uv": [7.62476, 7.29722, 8.39976, 7.52222], "texture": "#0"},
				"down": {"uv": [7.62476, 8.47778, 8.39976, 8.70278], "rotation": 180, "texture": "#0"}
			}
		},
		{
			"from": [7.69976, -0.37793, 7.24722],
			"to": [8.29976, 0.27207, 7.29722],
			"rotation": {"angle": -22.5, "axis": "x", "origin": [8.00314, -0.24279, 8.00037]},
			"faces": {
				"north": {"uv": [8, 11, 8.6, 11.65], "rotation": 180, "texture": "#0"},
				"east": {"uv": [8, 13, 8.65, 13.05], "rotation": 90, "texture": "#0"},
				"south": {"uv": [9, 10, 9.6, 10.65], "texture": "#0"},
				"west": {"uv": [9, 10, 9.65, 10.05], "rotation": 270, "texture": "#0"},
				"up": {"uv": [7.69976, 7.24722, 8.29976, 7.29722], "texture": "#0"},
				"down": {"uv": [7.69976, 8.70278, 8.29976, 8.75278], "rotation": 180, "texture": "#0"}
			}
		},
		{
			"from": [7.69976, -1.02793, 7.24722],
			"to": [8.29976, -0.37793, 7.29722],
			"rotation": {"angle": -22.5, "axis": "x", "origin": [8.00314, -0.24279, 8.00037]},
			"faces": {
				"north": {"uv": [8, 11, 8.6, 11.65], "rotation": 180, "texture": "#0"},
				"east": {"uv": [8, 13, 8.65, 13.05], "rotation": 90, "texture": "#0"},
				"south": {"uv": [9, 10, 9.6, 10.65], "texture": "#0"},
				"west": {"uv": [9, 10, 9.65, 10.05], "rotation": 270, "texture": "#0"},
				"up": {"uv": [7.69976, 7.24722, 8.29976, 7.29722], "texture": "#0"},
				"down": {"uv": [7.69976, 8.70278, 8.29976, 8.75278], "rotation": 180, "texture": "#0"}
			}
		},
		{
			"from": [7.69976, -1.67793, 7.24722],
			"to": [8.29976, -1.02793, 7.29722],
			"rotation": {"angle": -22.5, "axis": "x", "origin": [8.00314, -0.24279, 8.00037]},
			"faces": {
				"north": {"uv": [8, 11, 8.6, 11.65], "rotation": 180, "texture": "#0"},
				"east": {"uv": [8, 13, 8.65, 13.05], "rotation": 90, "texture": "#0"},
				"south": {"uv": [9, 10, 9.6, 10.65], "texture": "#0"},
				"west": {"uv": [9, 10, 9.65, 10.05], "rotation": 270, "texture": "#0"},
				"up": {"uv": [7.69976, 7.24722, 8.29976, 7.29722], "texture": "#0"},
				"down": {"uv": [7.69976, 8.70278, 8.29976, 8.75278], "rotation": 180, "texture": "#0"}
			}
		},
		{
			"from": [7.69976, -0.37593, 8.70834],
			"to": [8.29976, 0.27407, 8.75834],
			"rotation": {"angle": 22.5, "axis": "x", "origin": [8.00314, -0.24279, 8.00037]},
			"faces": {
				"north": {"uv": [8, 11, 8.6, 11.65], "rotation": 180, "texture": "#0"},
				"east": {"uv": [8, 13, 8.65, 13.05], "rotation": 270, "texture": "#0"},
				"south": {"uv": [9, 10, 9.6, 10.65], "texture": "#0"},
				"west": {"uv": [9, 10, 9.65, 10.05], "rotation": 90, "texture": "#0"},
				"up": {"uv": [7.69976, 8.70834, 8.29976, 8.75834], "rotation": 180, "texture": "#0"},
				"down": {"uv": [7.69976, 7.24166, 8.29976, 7.29166], "texture": "#0"}
			}
		},
		{
			"from": [7.69976, -1.02593, 8.70834],
			"to": [8.29976, -0.37593, 8.75834],
			"rotation": {"angle": 22.5, "axis": "x", "origin": [8.00314, -0.24279, 8.00037]},
			"faces": {
				"north": {"uv": [8, 11, 8.6, 11.65], "rotation": 180, "texture": "#0"},
				"east": {"uv": [8, 13, 8.65, 13.05], "rotation": 270, "texture": "#0"},
				"south": {"uv": [9, 10, 9.6, 10.65], "texture": "#0"},
				"west": {"uv": [9, 10, 9.65, 10.05], "rotation": 90, "texture": "#0"},
				"up": {"uv": [7.69976, 8.70834, 8.29976, 8.75834], "rotation": 180, "texture": "#0"},
				"down": {"uv": [7.69976, 7.24166, 8.29976, 7.29166], "texture": "#0"}
			}
		},
		{
			"from": [7.69976, -1.67593, 8.70834],
			"to": [8.29976, -1.02593, 8.75834],
			"rotation": {"angle": 22.5, "axis": "x", "origin": [8.00314, -0.24279, 8.00037]},
			"faces": {
				"north": {"uv": [8, 11, 8.6, 11.65], "rotation": 180, "texture": "#0"},
				"east": {"uv": [8, 13, 8.65, 13.05], "rotation": 270, "texture": "#0"},
				"south": {"uv": [9, 10, 9.6, 10.65], "texture": "#0"},
				"west": {"uv": [9, 10, 9.65, 10.05], "rotation": 90, "texture": "#0"},
				"up": {"uv": [7.69976, 8.70834, 8.29976, 8.75834], "rotation": 180, "texture": "#0"},
				"down": {"uv": [7.69976, 7.24166, 8.29976, 7.29166], "texture": "#0"}
			}
		},
		{
			"from": [7.69976, -0.37793, 8.86646],
			"to": [8.29976, 0.27207, 8.91646],
			"rotation": {"angle": -22.5, "axis": "x", "origin": [8.00314, -0.24279, 8.00037]},
			"faces": {
				"north": {"uv": [8, 11, 8.6, 11.65], "rotation": 180, "texture": "#0"},
				"east": {"uv": [8, 13, 8.65, 13.05], "rotation": 270, "texture": "#0"},
				"south": {"uv": [9, 10, 9.6, 10.65], "texture": "#0"},
				"west": {"uv": [9, 10, 9.65, 10.05], "rotation": 90, "texture": "#0"},
				"up": {"uv": [7.69976, 8.86646, 8.29976, 8.91646], "rotation": 180, "texture": "#0"},
				"down": {"uv": [7.69976, 7.08354, 8.29976, 7.13354], "texture": "#0"}
			}
		},
		{
			"from": [7.69976, 0.73369, 7.59873],
			"to": [8.29976, 0.78369, 8.24873],
			"rotation": {"angle": 22.5, "axis": "x", "origin": [8.00314, -0.24279, 8.00037]},
			"faces": {
				"north": {"uv": [8, 11, 8.6, 11.05], "texture": "#0"},
				"east": {"uv": [8, 13, 8.65, 13.05], "texture": "#0"},
				"south": {"uv": [9, 10, 9.6, 10.05], "texture": "#0"},
				"west": {"uv": [9, 10, 9.65, 10.05], "texture": "#0"},
				"up": {"uv": [7.69976, 7.59873, 8.29976, 8.24873], "texture": "#0"},
				"down": {"uv": [7.69976, 7.75127, 8.29976, 8.40127], "texture": "#0"}
			}
		},
		{
			"from": [7.69976, 0.73169, 7.75684],
			"to": [8.29976, 0.78169, 8.40684],
			"rotation": {"angle": -22.5, "axis": "x", "origin": [8.00314, -0.24279, 8.00037]},
			"faces": {
				"north": {"uv": [8, 11, 8.6, 11.05], "texture": "#0"},
				"east": {"uv": [8, 13, 8.65, 13.05], "texture": "#0"},
				"south": {"uv": [9, 10, 9.6, 10.05], "texture": "#0"},
				"west": {"uv": [9, 10, 9.65, 10.05], "texture": "#0"},
				"up": {"uv": [7.69976, 7.75684, 8.29976, 8.40684], "texture": "#0"},
				"down": {"uv": [7.69976, 7.59316, 8.29976, 8.24316], "texture": "#0"}
			}
		},
		{
			"from": [7.69976, -0.37593, 7.08911],
			"to": [8.29976, 0.27407, 7.13911],
			"rotation": {"angle": 22.5, "axis": "x", "origin": [8.00314, -0.24279, 8.00037]},
			"faces": {
				"north": {"uv": [8, 11, 8.6, 11.65], "rotation": 180, "texture": "#0"},
				"east": {"uv": [8, 13, 8.65, 13.05], "rotation": 90, "texture": "#0"},
				"south": {"uv": [9, 10, 9.6, 10.65], "texture": "#0"},
				"west": {"uv": [9, 10, 9.65, 10.05], "rotation": 270, "texture": "#0"},
				"up": {"uv": [7.69976, 7.08911, 8.29976, 7.13911], "texture": "#0"},
				"down": {"uv": [7.69976, 8.86089, 8.29976, 8.91089], "rotation": 180, "texture": "#0"}
			}
		},
		{
			"from": [7.62476, -0.37594, 8.48335],
			"to": [8.39976, 0.27406, 8.70835],
			"rotation": {"angle": 22.5, "axis": "x", "origin": [8.00314, -0.24279, 8.00037]},
			"faces": {
				"north": {"uv": [8, 11, 8.775, 11.65], "rotation": 180, "texture": "#0"},
				"east": {"uv": [8, 13, 8.65, 13.225], "rotation": 270, "texture": "#0"},
				"south": {"uv": [9, 10, 9.775, 10.65], "texture": "#0"},
				"west": {"uv": [9, 10, 9.65, 10.225], "rotation": 90, "texture": "#0"},
				"up": {"uv": [7.62476, 8.48335, 8.39976, 8.70835], "rotation": 180, "texture": "#0"},
				"down": {"uv": [7.62476, 7.29165, 8.39976, 7.51665], "texture": "#0"}
			}
		},
		{
			"from": [7.62476, -1.02594, 8.48335],
			"to": [8.39976, -0.37594, 8.70835],
			"rotation": {"angle": 22.5, "axis": "x", "origin": [8.00314, -0.24279, 8.00037]},
			"faces": {
				"north": {"uv": [8, 11, 8.775, 11.65], "rotation": 180, "texture": "#0"},
				"east": {"uv": [8, 13, 8.65, 13.225], "rotation": 270, "texture": "#0"},
				"south": {"uv": [9, 10, 9.775, 10.65], "texture": "#0"},
				"west": {"uv": [9, 10, 9.65, 10.225], "rotation": 90, "texture": "#0"},
				"up": {"uv": [7.62476, 8.48335, 8.39976, 8.70835], "rotation": 180, "texture": "#0"},
				"down": {"uv": [7.62476, 7.29165, 8.39976, 7.51665], "texture": "#0"}
			}
		},
		{
			"from": [7.62476, -1.67594, 8.48335],
			"to": [8.39976, -1.02594, 8.70835],
			"rotation": {"angle": 22.5, "axis": "x", "origin": [8.00314, -0.24279, 8.00037]},
			"faces": {
				"north": {"uv": [8, 11, 8.775, 11.65], "rotation": 180, "texture": "#0"},
				"east": {"uv": [8, 13, 8.65, 13.225], "rotation": 270, "texture": "#0"},
				"south": {"uv": [9, 10, 9.775, 10.65], "texture": "#0"},
				"west": {"uv": [9, 10, 9.65, 10.225], "rotation": 90, "texture": "#0"},
				"up": {"uv": [7.62476, 8.48335, 8.39976, 8.70835], "rotation": 180, "texture": "#0"},
				"down": {"uv": [7.62476, 7.29165, 8.39976, 7.51665], "texture": "#0"}
			}
		},
		{
			"from": [7.62476, -0.37793, 8.64146],
			"to": [8.39976, 0.27207, 8.86646],
			"rotation": {"angle": -22.5, "axis": "x", "origin": [8.00314, -0.24279, 8.00037]},
			"faces": {
				"north": {"uv": [8, 11, 8.775, 11.65], "rotation": 180, "texture": "#0"},
				"east": {"uv": [8, 13, 8.65, 13.225], "rotation": 270, "texture": "#0"},
				"south": {"uv": [9, 10, 9.775, 10.65], "texture": "#0"},
				"west": {"uv": [9, 10, 9.65, 10.225], "rotation": 90, "texture": "#0"},
				"up": {"uv": [7.62476, 8.64146, 8.39976, 8.86646], "rotation": 180, "texture": "#0"},
				"down": {"uv": [7.62476, 7.13354, 8.39976, 7.35854], "texture": "#0"}
			}
		},
		{
			"from": [7.62476, 0.50869, 7.59873],
			"to": [8.39976, 0.73369, 8.24873],
			"rotation": {"angle": 22.5, "axis": "x", "origin": [8.00314, -0.24279, 8.00037]},
			"faces": {
				"north": {"uv": [8, 11, 8.775, 11.225], "texture": "#0"},
				"east": {"uv": [8, 13, 8.65, 13.225], "texture": "#0"},
				"south": {"uv": [9, 10, 9.775, 10.225], "texture": "#0"},
				"west": {"uv": [9, 10, 9.65, 10.225], "texture": "#0"},
				"up": {"uv": [7.62476, 7.59873, 8.39976, 8.24873], "texture": "#0"},
				"down": {"uv": [7.62476, 7.75127, 8.39976, 8.40127], "texture": "#0"}
			}
		},
		{
			"from": [7.54976, -0.38074, 7.64729],
			"to": [8.44976, 0.31926, 8.34729],
			"rotation": {"angle": 0, "axis": "x", "origin": [7.99976, -0.03074, 7.99729]},
			"faces": {
				"north": {"uv": [7.55024, 15.68074, 8.45024, 16.38074], "texture": "#4"},
				"east": {"uv": [7.65271, 15.68074, 8.35271, 16.38074], "texture": "#4"},
				"south": {"uv": [7.54976, 15.68074, 8.44976, 16.38074], "texture": "#4"},
				"west": {"uv": [7.64729, 15.68074, 8.34729, 16.38074], "texture": "#4"},
				"up": {"uv": [7.54976, 7.64729, 8.44976, 8.34729], "texture": "#4"},
				"down": {"uv": [7.54976, 7.65271, 8.44976, 8.35271], "texture": "#4"}
			}
		}
	],
	"display": {
		"thirdperson_righthand": {
			"translation": [0, 0, 1.25],
			"scale": [1.5, 1.5, 1.5]
		},
		"thirdperson_lefthand": {
			"rotation": [-180, -180, 0],
			"translation": [0, -4.25, 1.25],
			"scale": [1.5, 1.5, 1.5]
		},
		"firstperson_righthand": {
			"rotation": [10.75, -1.25, -8.25],
			"translation": [2.25, -0.75, -3],
			"scale": [2, 2, 2]
		},
		"firstperson_lefthand": {
			"rotation": [10.75, -1.25, -8.25],
			"translation": [4.75, -2.75, -5.75],
			"scale": [2, 2, 2]
		},
		"ground": {
			"rotation": [74.75, 58, 15],
			"translation": [0, 0, -7.5],
			"scale": [1.5, 1.5, 1.5]
		},
		"gui": {
			"rotation": [106.5, 45, -101.5],
			"translation": [-2.75, -2.5, 0],
			"scale": [0.75, 0.75, 0.75]
		},
		"head": {
			"rotation": [-90, -58, 90],
			"translation": [7.25, -6.5, 4.25],
			"scale": [2, 2, 2]
		},
		"fixed": {
			"rotation": [90, -45, 90],
			"translation": [6.25, -6, -1.75],
			"scale": [2.75, 2.75, 2.75]
		}
	},
	"groups": [
		{
			"name": "runes",
			"origin": [7.99598, 1.20198, 7.99827],
			"children": [0, 1, 2, 3]
		},
		{
			"name": "blade",
			"origin": [8, 5.25, 8],
			"children": [4, 5, 6, 7, 8, 9, 10, 11, 12, 13, 14, 15, 16, 17, 18, 19, 20, 21]
		},
		{
			"name": "hilt",
			"origin": [7.55, 8.5, 7.55],
			"children": [22, 23, 24, 25, 26, 27, 28, 29, 30, 31, 32, 33, 34, 35, 36, 37, 38, 39, 40, 41, 42, 43, 44, 45, 46, 47, 48, 49, 50, 51, 52, 53, 54, 55]
		},
		{
			"name": "grip up",
			"origin": [7.99598, 8.60198, 7.99827],
			"children": [56, 57, 58, 59, 60]
		},
		{
			"name": "handle part down",
			"origin": [8.01176, 1.64118, 7.99559],
			"children": [61, 62, 63, 64, 65, 66, 67, 68, 69, 70, 71, 72, 73, 74, 75, 76, 77, 78, 79, 80, 81, 82, 83, 84, 85, 86, 87, 88, 89, 90, 91, 92, 93, 94, 95, 96, 97]
		}
	]
}