{
	"credit": "Made with Blockbench",
	"texture_size": [32, 32],
	"textures": {
		"0": "minecraft:block/stripped_birch_log_top",
		"1": "minecraft:block/stripped_birch_log",
		"2": "minecraft:block/iron_bars",
		"3": "minecraft:block/iron_block",
		"4": "optifine/cit/icons/misc/noragami_runes",
		"particle": "minecraft:block/stripped_birch_log_top"
	},
	"elements": [
		{
			"from": [7.6, 0, 7.6],
			"to": [8.4, 8, 8.4],
			"rotation": {"angle": 0, "axis": "y", "origin": [8, 0.5, 8]},
			"faces": {
				"north": {"uv": [11.8, 12, 12.2, 16], "texture": "#1"},
				"east": {"uv": [11.8, 12, 12.2, 16], "texture": "#1"},
				"south": {"uv": [3.8, 12, 4.2, 16], "texture": "#1"},
				"west": {"uv": [3.8, 12, 4.2, 16], "texture": "#1"},
				"up": {"uv": [3.8, 3.8, 4.2, 4.2], "texture": "#1"},
				"down": {"uv": [3.8, 11.8, 4.2, 12.2], "texture": "#0"}
			}
		},
		{
			"from": [7.75, 0, 8.4],
			"to": [8.25, 8, 8.55],
			"rotation": {"angle": 0, "axis": "y", "origin": [8, 0.5, 8.15]},
			"faces": {
				"north": {"uv": [11.875, 12, 12.125, 16], "texture": "#1"},
				"east": {"uv": [11.725, 12, 11.8, 16], "texture": "#1"},
				"south": {"uv": [3.875, 12, 4.125, 16], "texture": "#1"},
				"west": {"uv": [4.2, 12, 4.275, 16], "texture": "#1"},
				"up": {"uv": [3.875, 4.2, 4.125, 4.275], "texture": "#1"},
				"down": {"uv": [3.875, 11.725, 4.125, 11.8], "texture": "#1"}
			}
		},
		{
			"from": [7.75, 0, 7.45],
			"to": [8.25, 8, 7.6],
			"rotation": {"angle": 0, "axis": "y", "origin": [8, 0.5, 7.1]},
			"faces": {
				"north": {"uv": [11.875, 12, 12.125, 16], "texture": "#1"},
				"east": {"uv": [12.2, 12, 12.275, 16], "texture": "#1"},
				"south": {"uv": [3.875, 12, 4.125, 16], "texture": "#1"},
				"west": {"uv": [3.725, 12, 3.8, 16], "texture": "#1"},
				"up": {"uv": [3.875, 3.725, 4.125, 3.8], "texture": "#1"},
				"down": {"uv": [3.875, 12.2, 4.125, 12.275], "texture": "#1"}
			}
		},
		{
			"from": [8.425, 3.75, 7.7],
			"to": [8.425, 5.7, 8.25],
			"rotation": {"angle": 0, "axis": "y", "origin": [8.425, 4.5, 8.1]},
			"faces": {
				"north": {"uv": [11.7875, 13.15, 11.7875, 14.125], "rotation": 270, "texture": "#4"},
				"east": {"uv": [11.875, 13.15, 12.15, 14.125], "rotation": 270, "texture": "#4"},
				"south": {"uv": [4.2125, 13.15, 4.2125, 14.125], "rotation": 270, "texture": "#4"},
				"west": {"uv": [3.85, 13.15, 4.125, 14.125], "rotation": 270, "texture": "#4"},
				"up": {"uv": [4.2125, 3.85, 4.2125, 4.125], "rotation": 270, "texture": "#4"},
				"down": {"uv": [4.2125, 11.875, 4.2125, 12.15], "rotation": 270, "texture": "#4"}
			}
		},
		{
			"from": [7.35, 8, 7.35],
			"to": [8.65, 8.25, 8.65],
			"rotation": {"angle": 0, "axis": "y", "origin": [8, 8.5, 8]},
			"faces": {
				"north": {"uv": [11.675, 11.875, 12.325, 12], "texture": "#3"},
				"east": {"uv": [11.675, 11.875, 12.325, 12], "texture": "#3"},
				"south": {"uv": [3.675, 11.875, 4.325, 12], "texture": "#3"},
				"west": {"uv": [3.675, 11.875, 4.325, 12], "texture": "#3"},
				"up": {"uv": [3.675, 3.675, 4.325, 4.325], "texture": "#3"},
				"down": {"uv": [3.675, 11.675, 4.325, 12.325], "texture": "#3"}
			}
		},
		{
			"from": [7.6, 8, 7.1],
			"to": [8.4, 8.25, 7.35],
			"rotation": {"angle": 0, "axis": "y", "origin": [8, 8.5, 6.6]},
			"faces": {
				"north": {"uv": [11.8, 11.875, 12.2, 12], "texture": "#3"},
				"east": {"uv": [12.325, 11.875, 12.45, 12], "texture": "#3"},
				"south": {"uv": [3.8, 11.875, 4.2, 12], "texture": "#3"},
				"west": {"uv": [3.55, 11.875, 3.675, 12], "texture": "#3"},
				"up": {"uv": [3.8, 3.55, 4.2, 3.675], "texture": "#3"},
				"down": {"uv": [3.8, 12.325, 4.2, 12.45], "texture": "#3"}
			}
		},
		{
			"from": [7.55, 8, 8.65],
			"to": [8.45, 8.25, 8.9],
			"rotation": {"angle": 0, "axis": "y", "origin": [8, 8.5, 8.15]},
			"faces": {
				"north": {"uv": [11.775, 11.875, 12.225, 12], "texture": "#3"},
				"east": {"uv": [11.55, 11.875, 11.675, 12], "texture": "#3"},
				"south": {"uv": [3.775, 11.875, 4.225, 12], "texture": "#3"},
				"west": {"uv": [4.325, 11.875, 4.45, 12], "texture": "#3"},
				"up": {"uv": [3.775, 4.325, 4.225, 4.45], "texture": "#3"},
				"down": {"uv": [3.775, 11.55, 4.225, 11.675], "texture": "#3"}
			}
		},
		{
			"from": [7.1, 8, 7.55],
			"to": [7.35, 8.25, 8.45],
			"rotation": {"angle": 0, "axis": "y", "origin": [6.6, 8.5, 8]},
			"faces": {
				"north": {"uv": [12.325, 11.875, 12.45, 12], "texture": "#3"},
				"east": {"uv": [11.775, 11.875, 12.225, 12], "texture": "#3"},
				"south": {"uv": [3.55, 11.875, 3.675, 12], "texture": "#3"},
				"west": {"uv": [3.775, 11.875, 4.225, 12], "texture": "#3"},
				"up": {"uv": [3.55, 3.775, 3.675, 4.225], "texture": "#3"},
				"down": {"uv": [3.55, 11.775, 3.675, 12.225], "texture": "#3"}
			}
		},
		{
			"from": [8.65, 8, 7.55],
			"to": [8.9, 8.25, 8.45],
			"rotation": {"angle": 0, "axis": "y", "origin": [8.15, 8.5, 8]},
			"faces": {
				"north": {"uv": [11.55, 11.875, 11.675, 12], "texture": "#3"},
				"east": {"uv": [11.775, 11.875, 12.225, 12], "texture": "#3"},
				"south": {"uv": [4.325, 11.875, 4.45, 12], "texture": "#3"},
				"west": {"uv": [3.775, 11.875, 4.225, 12], "texture": "#3"},
				"up": {"uv": [4.325, 3.775, 4.45, 4.225], "texture": "#3"},
				"down": {"uv": [4.325, 11.775, 4.45, 12.225], "texture": "#3"}
			}
		},
		{
			"from": [7.85, 8.25, 7.75],
			"to": [8.15, 21.25, 8.5],
			"rotation": {"angle": 0, "axis": "y", "origin": [8, 8.75, 8]},
			"faces": {
				"north": {"uv": [3, 0, 4, 16], "texture": "#2"},
				"east": {"uv": [3, 0, 4, 16], "texture": "#2"},
				"south": {"uv": [3, 0, 4, 16], "texture": "#2"},
				"west": {"uv": [3, 0, 4, 16], "texture": "#2"},
				"up": {"uv": [3, 0, 4, 16], "texture": "#2"},
				"down": {"uv": [3, 0, 4, 16], "texture": "#2"}
			}
		},
		{
			"from": [7.85, 21.25, 8.425],
			"to": [8.15, 21.9, 8.5],
			"rotation": {"angle": 0, "axis": "y", "origin": [8, 9.15, 8]},
			"faces": {
				"north": {"uv": [3, 0, 4, 1], "texture": "#2"},
				"east": {"uv": [3, 0, 4, 1], "texture": "#2"},
				"south": {"uv": [3, 0, 4, 1], "texture": "#2"},
				"west": {"uv": [3, 0, 4, 1], "texture": "#2"},
				"up": {"uv": [3, 0, 4, 1], "texture": "#2"},
				"down": {"uv": [3, 0, 4, 1], "texture": "#2"}
			}
		},
		{
			"from": [7.85, 21.57275, 8.17082],
			"to": [8.15, 21.97275, 8.24582],
			"rotation": {"angle": 45, "axis": "x", "origin": [8, 21.64775, 8.20832]},
			"faces": {
				"north": {"uv": [3, 0, 4, 1], "texture": "#2"},
				"east": {"uv": [3, 0, 4, 1], "texture": "#2"},
				"south": {"uv": [3, 0, 4, 1], "texture": "#2"},
				"west": {"uv": [3, 0, 4, 1], "texture": "#2"},
				"up": {"uv": [3, 0, 4, 1], "texture": "#2"},
				"down": {"uv": [3, 0, 4, 1], "texture": "#2"}
			}
		},
		{
			"from": [7.85, 21.90403, 8.2135],
			"to": [8.15, 22.02903, 8.2635],
			"rotation": {"angle": 45, "axis": "x", "origin": [8, 21.67903, 8.226]},
			"faces": {
				"north": {"uv": [3, 0, 4, 1], "texture": "#2"},
				"east": {"uv": [3, 0, 4, 1], "texture": "#2"},
				"south": {"uv": [3, 0, 4, 1], "texture": "#2"},
				"west": {"uv": [3, 0, 4, 1], "texture": "#2"},
				"up": {"uv": [3, 0, 4, 1], "texture": "#2"},
				"down": {"uv": [3, 0, 4, 1], "texture": "#2"}
			}
		},
		{
			"from": [7.85, 21.04937, 7.81564],
			"to": [8.15, 21.57437, 8.36564],
			"rotation": {"angle": -45, "axis": "x", "origin": [8, 21.31187, 8.19064]},
			"faces": {
				"north": {"uv": [3, 0, 4, 1], "texture": "#2"},
				"east": {"uv": [3, 0, 4, 1], "texture": "#2"},
				"south": {"uv": [3, 0, 4, 1], "texture": "#2"},
				"west": {"uv": [3, 0, 4, 1], "texture": "#2"},
				"up": {"uv": [3, 0, 4, 1], "texture": "#2"},
				"down": {"uv": [3, 0, 4, 1], "texture": "#2"}
			}
		},
		{
			"from": [7.85, 21.29937, 8.16564],
			"to": [8.15, 21.62437, 8.46564],
			"rotation": {"angle": 0, "axis": "x", "origin": [8, 21.43687, 8.29064]},
			"faces": {
				"north": {"uv": [3, 0, 4, 1], "texture": "#2"},
				"east": {"uv": [3, 0, 4, 1], "texture": "#2"},
				"south": {"uv": [3, 0, 4, 1], "texture": "#2"},
				"west": {"uv": [3, 0, 4, 1], "texture": "#2"},
				"up": {"uv": [3, 0, 4, 1], "texture": "#2"},
				"down": {"uv": [3, 0, 4, 1], "texture": "#2"}
			}
		},
		{
			"from": [7.85, 21.59937, 8.24064],
			"to": [8.15, 21.72437, 8.44064],
			"rotation": {"angle": 0, "axis": "x", "origin": [8, 21.53687, 8.26564]},
			"faces": {
				"north": {"uv": [3, 0, 4, 1], "texture": "#2"},
				"east": {"uv": [3, 0, 4, 1], "texture": "#2"},
				"south": {"uv": [3, 0, 4, 1], "texture": "#2"},
				"west": {"uv": [3, 0, 4, 1], "texture": "#2"},
				"up": {"uv": [3, 0, 4, 1], "texture": "#2"},
				"down": {"uv": [3, 0, 4, 1], "texture": "#2"}
			}
		},
		{
			"from": [7.85, 21.69937, 8.34064],
			"to": [8.15, 21.82437, 8.44064],
			"rotation": {"angle": 0, "axis": "x", "origin": [8, 21.63687, 8.26564]},
			"faces": {
				"north": {"uv": [3, 0, 4, 1], "texture": "#2"},
				"east": {"uv": [3, 0, 4, 1], "texture": "#2"},
				"south": {"uv": [3, 0, 4, 1], "texture": "#2"},
				"west": {"uv": [3, 0, 4, 1], "texture": "#2"},
				"up": {"uv": [3, 0, 4, 1], "texture": "#2"},
				"down": {"uv": [3, 0, 4, 1], "texture": "#2"}
			}
		},
		{
			"from": [7.95, 8.25, 7.5],
			"to": [8.05, 21.25, 7.75],
			"rotation": {"angle": 0, "axis": "y", "origin": [7.9, 8.75, 7.25]},
			"faces": {
				"north": {"uv": [2, 0, 3, 16], "texture": "#2"},
				"east": {"uv": [2, 0, 3, 16], "texture": "#2"},
				"south": {"uv": [2, 0, 3, 16], "texture": "#2"},
				"west": {"uv": [2, 0, 3, 16], "texture": "#2"},
				"up": {"uv": [2, 0, 3, 1], "texture": "#2"},
				"down": {"uv": [2, 0, 3, 16], "texture": "#2"}
			}
		},
		{
			"from": [7.95, 21.08839, 7.64017],
			"to": [8.05, 22.23839, 7.89017],
			"rotation": {"angle": 45, "axis": "x", "origin": [8, 21.33839, 7.76517]},
			"faces": {
				"north": {"uv": [2, 0, 3, 1], "texture": "#2"},
				"east": {"uv": [2, 0, 3, 1], "texture": "#2"},
				"south": {"uv": [2, 0, 3, 16], "texture": "#2"},
				"west": {"uv": [2, 0, 3, 1], "texture": "#2"},
				"up": {"uv": [2, 0, 3, 1], "texture": "#2"},
				"down": {"uv": [2, 0, 3, 16], "texture": "#2"}
			}
		},
		{
			"from": [7.95, 21.88839, 8.44017],
			"to": [8.05, 22.18839, 8.49017],
			"rotation": {"angle": 0, "axis": "x", "origin": [8, 22.03839, 8.36517]},
			"faces": {
				"north": {"uv": [2, 0, 3, 1], "texture": "#2"},
				"east": {"uv": [2, 0, 3, 1], "texture": "#2"},
				"south": {"uv": [2, 0, 3, 16], "texture": "#2"},
				"west": {"uv": [2, 0, 3, 1], "texture": "#2"},
				"up": {"uv": [2, 0, 3, 1], "texture": "#2"},
				"down": {"uv": [2, 0, 3, 16], "texture": "#2"}
			}
		},
		{
			"from": [7.95, 21.91339, 8.41517],
			"to": [8.05, 22.16339, 8.46517],
			"rotation": {"angle": 0, "axis": "x", "origin": [8, 22.03839, 8.34017]},
			"faces": {
				"north": {"uv": [2, 0, 3, 1], "texture": "#2"},
				"east": {"uv": [2, 0, 3, 1], "texture": "#2"},
				"south": {"uv": [2, 0, 3, 16], "texture": "#2"},
				"west": {"uv": [2, 0, 3, 1], "texture": "#2"},
				"up": {"uv": [2, 0, 3, 1], "texture": "#2"},
				"down": {"uv": [2, 0, 3, 16], "texture": "#2"}
			}
		},
		{
			"from": [7.95, 21.93839, 8.39017],
			"to": [8.05, 22.13839, 8.41517],
			"rotation": {"angle": 0, "axis": "x", "origin": [8, 22.03839, 8.29017]},
			"faces": {
				"north": {"uv": [2, 0, 3, 1], "texture": "#2"},
				"east": {"uv": [2, 0, 3, 1], "texture": "#2"},
				"south": {"uv": [2, 0, 3, 16], "texture": "#2"},
				"west": {"uv": [2, 0, 3, 1], "texture": "#2"},
				"up": {"uv": [2, 0, 3, 1], "texture": "#2"},
				"down": {"uv": [2, 0, 3, 16], "texture": "#2"}
			}
		},
		{
			"from": [7.95, 21.96339, 8.36517],
			"to": [8.05, 22.11339, 8.39017],
			"rotation": {"angle": 0, "axis": "x", "origin": [8, 22.03839, 8.26517]},
			"faces": {
				"north": {"uv": [2, 0, 3, 1], "texture": "#2"},
				"east": {"uv": [2, 0, 3, 1], "texture": "#2"},
				"south": {"uv": [2, 0, 3, 16], "texture": "#2"},
				"west": {"uv": [2, 0, 3, 1], "texture": "#2"},
				"up": {"uv": [2, 0, 3, 1], "texture": "#2"},
				"down": {"uv": [2, 0, 3, 16], "texture": "#2"}
			}
		},
		{
			"from": [7.95, 21.98839, 8.34017],
			"to": [8.05, 22.08839, 8.36517],
			"rotation": {"angle": 0, "axis": "x", "origin": [8, 22.03839, 8.24017]},
			"faces": {
				"north": {"uv": [2, 0, 3, 1], "texture": "#2"},
				"east": {"uv": [2, 0, 3, 1], "texture": "#2"},
				"south": {"uv": [2, 0, 3, 16], "texture": "#2"},
				"west": {"uv": [2, 0, 3, 1], "texture": "#2"},
				"up": {"uv": [2, 0, 3, 1], "texture": "#2"},
				"down": {"uv": [2, 0, 3, 16], "texture": "#2"}
			}
		},
		{
			"from": [7.95, 22.01339, 8.31517],
			"to": [8.05, 22.06339, 8.34017],
			"rotation": {"angle": 0, "axis": "x", "origin": [8, 22.03839, 8.21517]},
			"faces": {
				"north": {"uv": [2, 0, 3, 1], "texture": "#2"},
				"east": {"uv": [2, 0, 3, 1], "texture": "#2"},
				"south": {"uv": [2, 0, 3, 16], "texture": "#2"},
				"west": {"uv": [2, 0, 3, 1], "texture": "#2"},
				"up": {"uv": [2, 0, 3, 1], "texture": "#2"},
				"down": {"uv": [2, 0, 3, 16], "texture": "#2"}
			}
		},
		{
			"from": [7.95, 21.93839, 8.39017],
			"to": [8.05, 22.13839, 8.41517],
			"rotation": {"angle": 0, "axis": "x", "origin": [8, 22.03839, 8.29017]},
			"faces": {
				"north": {"uv": [2, 0, 3, 1], "texture": "#2"},
				"east": {"uv": [2, 0, 3, 1], "texture": "#2"},
				"south": {"uv": [2, 0, 3, 16], "texture": "#2"},
				"west": {"uv": [2, 0, 3, 1], "texture": "#2"},
				"up": {"uv": [2, 0, 3, 1], "texture": "#2"},
				"down": {"uv": [2, 0, 3, 16], "texture": "#2"}
			}
		},
		{
			"from": [7.95, 21.9, 8.475],
			"to": [8.05, 22.225, 8.5],
			"rotation": {"angle": 0, "axis": "x", "origin": [8, 22.0125, 8.4375]},
			"faces": {
				"north": {"uv": [2, 0, 3, 1], "rotation": 180, "texture": "#2"},
				"east": {"uv": [2, 0, 3, 1], "rotation": 180, "texture": "#2"},
				"south": {"uv": [2, 0, 3, 1], "rotation": 180, "texture": "#2"},
				"west": {"uv": [2, 0, 3, 1], "rotation": 180, "texture": "#2"},
				"up": {"uv": [2, 0, 3, 1], "rotation": 180, "texture": "#2"},
				"down": {"uv": [2, 0, 3, 1], "rotation": 180, "texture": "#2"}
			}
		},
		{
			"from": [7.95, 22.05674, 8.40371],
			"to": [8.05, 22.28174, 8.42871],
			"rotation": {"angle": 45, "axis": "x", "origin": [8, 22.16924, 8.36621]},
			"faces": {
				"north": {"uv": [2, 0, 3, 1], "rotation": 180, "texture": "#2"},
				"east": {"uv": [2, 0, 3, 1], "rotation": 180, "texture": "#2"},
				"south": {"uv": [2, 0, 3, 1], "rotation": 180, "texture": "#2"},
				"west": {"uv": [2, 0, 3, 1], "rotation": 180, "texture": "#2"},
				"up": {"uv": [2, 0, 3, 1], "rotation": 180, "texture": "#2"},
				"down": {"uv": [2, 0, 3, 1], "rotation": 180, "texture": "#2"}
			}
		}
	],
	"display": {
		"thirdperson_righthand": {
			"translation": [0, 0.75, 1]
		},
		"thirdperson_lefthand": {
			"rotation": [-180, -180, 0],
			"translation": [0, -5, 1]
		},
		"firstperson_righthand": {
			"rotation": [4, 23, -18],
			"translation": [0, 2.5, 1]
		},
		"firstperson_lefthand": {
			"rotation": [9, 0, -9],
			"translation": [0.5, 1.5, 0]
		},
		"ground": {
			"rotation": [0, 0, 62],
			"translation": [0, 1.25, 0]
		},
		"gui": {
			"rotation": [-114.5, 47.75, -87.5],
			"translation": [-2, 1.75, 0]
		},
		"head": {
			"rotation": [70, 81.25, 110],
			"translation": [7, -7.25, 4],
			"scale": [1.5, 1.5, 1.5]
		},
		"fixed": {
			"rotation": [-90, 45, 90],
			"translation": [3.25, -3.5, -1.25],
			"scale": [2, 2, 2]
		}
	},
	"groups": [
		{
			"name": "group",
			"origin": [8, 8, 8],
			"children": [0, 1, 2, 3]
		},
		{
			"name": "group",
			"origin": [8, 8, 8],
			"children": [4, 5, 6, 7, 8]
		},
		{
			"name": "group",
			"origin": [8, 8, 8],
			"children": [9, 10, 11, 12, 13, 14, 15, 16, 17, 18, 19, 20, 21, 22, 23, 24, 25, 26, 27]
		}
	]
}