{
	"credit": "Made with Blockbench",
	"texture_size": [32, 32],
	"textures": {
		"0": "minecraft:optifine/cit/icons/katanas/white_katana",
		"particle": "minecraft:optifine/cit/icons/katanas/white_katana"
	},
	"elements": [
		{
			"name": "handle",
			"from": [7.5, 0, 7.5],
			"to": [8.5, 6, 8.5],
			"rotation": {"angle": -45, "axis": "y", "origin": [8, 2, 8]},
			"faces": {
				"north": {"uv": [15, 10, 16, 16], "texture": "#0"},
				"east": {"uv": [16, 10, 15, 16], "texture": "#0"},
				"south": {"uv": [16, 10, 15, 16], "texture": "#0"},
				"west": {"uv": [15, 10, 16, 16], "texture": "#0"},
				"up": {"uv": [15, 9, 16, 10], "texture": "#0"},
				"down": {"uv": [15, 15, 16, 16], "texture": "#0"}
			}
		},
		{
			"from": [6.75, 6, 6.75],
			"to": [9.25, 6.5, 9.25],
			"rotation": {"angle": -45, "axis": "y", "origin": [8, 2, 8]},
			"faces": {
				"north": {"uv": [13.5, 0, 16, 0.5], "texture": "#0"},
				"east": {"uv": [15.5, 0, 16, 2.5], "rotation": 90, "texture": "#0"},
				"south": {"uv": [13.5, 2, 16, 2.5], "texture": "#0"},
				"west": {"uv": [13.5, 0, 14, 2.5], "rotation": 90, "texture": "#0"},
				"up": {"uv": [13.5, 0, 16, 2.5], "texture": "#0"},
				"down": {"uv": [13.5, 0, 16, 2.5], "texture": "#0"}
			}
		},
		{
			"name": "blade",
			"from": [7.25, 6.5, 7.75],
			"to": [8.25, 25.5, 8.25],
			"rotation": {"angle": 0, "axis": "y", "origin": [8, 2, 8]},
			"faces": {
				"north": {"uv": [1, 0.5, 0, 16], "texture": "#0"},
				"east": {"uv": [1, 0.5, 0.5, 16], "texture": "#0"},
				"south": {"uv": [0, 0.5, 1, 16], "texture": "#0"},
				"west": {"uv": [0.5, 0.5, 0, 16], "texture": "#0"},
				"up": {"uv": [0, 0, 1, 0.5], "texture": "#0"},
				"down": {"uv": [1, 15.5, 0, 16], "texture": "#0"}
			}
		},
		{
			"name": "blade",
			"from": [7.63505, 25.19142, 7.75],
			"to": [8.01005, 25.99142, 8.25],
			"rotation": {"angle": 45, "axis": "z", "origin": [7.76005, 25.64142, 8]},
			"faces": {
				"north": {"uv": [1, 0, 0.5, 0.5], "texture": "#0"},
				"east": {"uv": [1, 0, 0.5, 0.5], "texture": "#0"},
				"south": {"uv": [1, 0, 0.5, 0.5], "texture": "#0"},
				"west": {"uv": [1, 0, 0.5, 0.5], "texture": "#0"},
				"up": {"uv": [1, 0, 0.5, 0.5], "texture": "#0"},
				"down": {"uv": [1, 0, 0.5, 0.5], "texture": "#0"}
			}
		},
		{
			"name": "blade",
			"from": [7.25, 25.5, 7.75],
			"to": [7.7, 26.075, 8.25],
			"rotation": {"angle": 0, "axis": "y", "origin": [6.9375, 25.675, 8]},
			"faces": {
				"north": {"uv": [1, 0, 0.5, 0.5], "rotation": 90, "texture": "#0"},
				"east": {"uv": [1, 0, 0.5, 0.5], "rotation": 90, "texture": "#0"},
				"south": {"uv": [1, 0, 0.5, 0.5], "rotation": 90, "texture": "#0"},
				"west": {"uv": [1, 0, 0.5, 0.5], "rotation": 90, "texture": "#0"},
				"up": {"uv": [1, 0, 0.5, 0.5], "rotation": 90, "texture": "#0"},
				"down": {"uv": [1, 0, 0.5, 0.5], "rotation": 90, "texture": "#0"}
			}
		},
		{
			"name": "blade",
			"from": [8.25, 6.5, 7.75],
			"to": [8.75, 25.5, 8.25],
			"rotation": {"angle": 0, "axis": "y", "origin": [8, 2, 8]},
			"faces": {
				"north": {"uv": [1, 0.5, 1.5, 16], "texture": "#0"},
				"east": {"uv": [1, 0.5, 1.5, 16], "texture": "#0"},
				"south": {"uv": [1, 0.5, 1.5, 16], "texture": "#0"},
				"west": {"uv": [1, 0.5, 1.5, 16], "texture": "#0"},
				"up": {"uv": [1, 0, 1.5, 0.5], "texture": "#0"},
				"down": {"uv": [1, 15.5, 1.5, 16], "texture": "#0"}
			}
		},
		{
			"name": "blade",
			"from": [7.76612, 25.03033, 7.75],
			"to": [8.11612, 26.33033, 8.25],
			"rotation": {"angle": 45, "axis": "z", "origin": [7.86612, 26.03033, 8]},
			"faces": {
				"north": {"uv": [1, 0.5, 1.5, 1], "texture": "#0"},
				"east": {"uv": [1, 0.5, 1.5, 1], "texture": "#0"},
				"south": {"uv": [1, 0.5, 1.5, 1], "texture": "#0"},
				"west": {"uv": [1, 0.5, 1.5, 1], "texture": "#0"},
				"up": {"uv": [1, 0.5, 1.5, 1], "texture": "#0"},
				"down": {"uv": [1, 0.5, 1.5, 1], "texture": "#0"}
			}
		},
		{
			"name": "blade",
			"from": [7.25576, 26.06924, 7.75],
			"to": [7.83076, 26.41924, 8.25],
			"rotation": {"angle": 0, "axis": "y", "origin": [7.54326, 26.16924, 8]},
			"faces": {
				"north": {"uv": [1, 0.5, 1.5, 1], "rotation": 90, "texture": "#0"},
				"east": {"uv": [1, 0.5, 1.5, 1], "rotation": 90, "texture": "#0"},
				"south": {"uv": [1, 0.5, 1.5, 1], "rotation": 90, "texture": "#0"},
				"west": {"uv": [1, 0.5, 1.5, 1], "rotation": 90, "texture": "#0"},
				"up": {"uv": [1, 0.5, 1.5, 1], "rotation": 90, "texture": "#0"},
				"down": {"uv": [1, 0.5, 1.5, 1], "rotation": 90, "texture": "#0"}
			}
		}
	],
	"display": {
		"thirdperson_righthand": {
			"rotation": [0, 90, 0],
			"translation": [0, 2.5, 1.25]
		},
		"thirdperson_lefthand": {
			"rotation": [0, -90, 0],
			"translation": [0, 2.5, 1.25]
		},
		"firstperson_righthand": {
			"rotation": [5.5, 110.5, 12.5],
			"translation": [3.25, -1, -5.25]
		},
		"firstperson_lefthand": {
			"rotation": [-22.25, -72.5, -28.25],
			"translation": [6, 0.25, -4.5]
		},
		"ground": {
			"rotation": [93, 144, 11]
		},
		"gui": {
			"rotation": [-0.5, -180, 43.75],
			"translation": [-2.75, -2.75, 0],
			"scale": [0.75, 0.75, 0.75]
		},
		"head": {
			"rotation": [50, -12, 64],
			"translation": [3.75, 12.5, -0.5]
		},
		"fixed": {
			"rotation": [0, 0, 90],
			"translation": [5, 0, -1.75],
			"scale": [2, 2, 2]
		}
	},
	"groups": [
		{
			"name": "katana",
			"origin": [8, 8, 8],
			"children": [0, 1,
				{
					"name": "blade",
					"origin": [8, 4, 8],
					"children": [2, 3, 4, 5, 6, 7]
				}
			]
		}
	]
}