{
	"credit": "Made with Blockbench",
	"texture_size": [32, 32],
	"textures": {
		"0": "optifine/cit/icons/totems/totem_of_xander",
		"1": "block/torch",
		"2": "entity/shield_base_nopattern",
		"particle": "block/torch"
	},
	"elements": [
		{
			"from": [6, 6, 7],
			"to": [10, 12, 9],
			"rotation": {"angle": 0, "axis": "y", "origin": [8, 6, 8]},
			"faces": {
				"north": {"uv": [5, 5, 7, 8], "texture": "#0"},
				"east": {"uv": [4, 5, 5, 8], "texture": "#0"},
				"south": {"uv": [8, 5, 10, 8], "texture": "#0"},
				"west": {"uv": [7, 5, 8, 8], "texture": "#0"},
				"up": {"uv": [7, 5, 5, 4], "rotation": 180, "texture": "#0"},
				"down": {"uv": [9, 4, 7, 5], "texture": "#0"}
			}
		},
		{
			"from": [5.75, 5.75, 6.75],
			"to": [10.25, 12.25, 9.25],
			"rotation": {"angle": 0, "axis": "y", "origin": [8, 6, 8]},
			"faces": {
				"north": {"uv": [5, 9, 7, 12], "texture": "#0"},
				"east": {"uv": [4, 9, 5, 12], "texture": "#0"},
				"south": {"uv": [8, 9, 10, 12], "texture": "#0"},
				"west": {"uv": [7, 9, 8, 12], "texture": "#0"},
				"up": {"uv": [7, 9, 5, 8], "rotation": 180, "texture": "#0"},
				"down": {"uv": [9, 8, 7, 9], "texture": "#0"}
			}
		},
		{
			"from": [6, 12, 6],
			"to": [10, 16, 10],
			"rotation": {"angle": 0, "axis": "y", "origin": [8, 12, 8]},
			"faces": {
				"north": {"uv": [2, 2, 4, 4], "texture": "#0"},
				"east": {"uv": [0, 2, 2, 4], "texture": "#0"},
				"south": {"uv": [6, 2, 8, 4], "texture": "#0"},
				"west": {"uv": [4, 2, 6, 4], "texture": "#0"},
				"up": {"uv": [4, 2, 2, 0], "rotation": 180, "texture": "#0"},
				"down": {"uv": [6, 0, 4, 2], "texture": "#0"}
			}
		},
		{
			"from": [5.75, 11.75, 5.75],
			"to": [10.25, 16.25, 10.25],
			"rotation": {"angle": 0, "axis": "y", "origin": [8, 12, 8]},
			"faces": {
				"north": {"uv": [10, 2, 12, 4], "texture": "#0"},
				"east": {"uv": [8, 2, 10, 4], "texture": "#0"},
				"south": {"uv": [14, 2, 16, 4], "texture": "#0"},
				"west": {"uv": [12, 2, 14, 4], "texture": "#0"},
				"up": {"uv": [12, 2, 10, 0], "texture": "#0"},
				"down": {"uv": [14, 0, 12, 2], "texture": "#0"}
			}
		},
		{
			"from": [10, 9.98697, 2.93518],
			"to": [12, 11.98697, 8.93518],
			"rotation": {"angle": 22.5, "axis": "x", "origin": [11, 11.15642, 7.93483]},
			"faces": {
				"north": {"uv": [13, 4, 12, 5], "texture": "#0"},
				"east": {"uv": [10, 5, 11, 8], "rotation": 270, "texture": "#0"},
				"south": {"uv": [12, 5, 11, 4], "rotation": 180, "texture": "#0"},
				"west": {"uv": [12, 5, 13, 8], "rotation": 90, "texture": "#0"},
				"up": {"uv": [11, 5, 12, 8], "rotation": 180, "texture": "#0"},
				"down": {"uv": [13, 5, 14, 8], "texture": "#0"}
			}
		},
		{
			"from": [9.75, 9.73697, 2.68518],
			"to": [12.25, 12.23697, 9.18518],
			"rotation": {"angle": 22.5, "axis": "x", "origin": [11, 11.15642, 7.93483]},
			"faces": {
				"north": {"uv": [13, 8, 12, 9], "rotation": 180, "texture": "#0"},
				"east": {"uv": [10, 9, 11, 12], "rotation": 270, "texture": "#0"},
				"south": {"uv": [12, 9, 11, 8], "rotation": 180, "texture": "#0"},
				"west": {"uv": [12, 9, 13, 12], "rotation": 90, "texture": "#0"},
				"up": {"uv": [11, 9, 12, 12], "rotation": 180, "texture": "#0"},
				"down": {"uv": [13, 9, 14, 12], "texture": "#0"}
			}
		},
		{
			"from": [10.5, 13.5, 3.5],
			"to": [11.5, 17.5, 4.5],
			"rotation": {"angle": 0, "axis": "x", "origin": [11, 11.15642, 7.93483]},
			"faces": {
				"north": {"uv": [7, 6, 9, 16], "texture": "#1"},
				"east": {"uv": [7, 6, 9, 16], "texture": "#1"},
				"south": {"uv": [7, 6, 9, 16], "texture": "#1"},
				"west": {"uv": [7, 6, 9, 16], "texture": "#1"},
				"up": {"uv": [7, 6, 9, 8], "texture": "#1"},
				"down": {"uv": [7, 14, 9, 16], "texture": "#1"}
			}
		},
		{
			"from": [4, 6.01695, 7.01955],
			"to": [6, 12.01695, 9.01955],
			"rotation": {"angle": 22.5, "axis": "x", "origin": [4.875, 10.95933, 8.05238]},
			"faces": {
				"north": {"uv": [9, 13, 10, 16], "texture": "#0"},
				"east": {"uv": [8, 13, 9, 16], "texture": "#0"},
				"south": {"uv": [11, 13, 12, 16], "texture": "#0"},
				"west": {"uv": [10, 13, 11, 16], "texture": "#0"},
				"up": {"uv": [10, 13, 9, 12], "rotation": 180, "texture": "#0"},
				"down": {"uv": [11, 12, 10, 13], "rotation": 180, "texture": "#0"}
			}
		},
		{
			"from": [3.75, 5.76695, 6.76955],
			"to": [6.25, 12.26695, 9.26955],
			"rotation": {"angle": 22.5, "axis": "x", "origin": [4.875, 10.95933, 8.05238]},
			"faces": {
				"north": {"uv": [13, 13, 14, 16], "texture": "#0"},
				"east": {"uv": [12, 13, 13, 16], "texture": "#0"},
				"south": {"uv": [15, 13, 16, 16], "texture": "#0"},
				"west": {"uv": [14, 13, 15, 16], "texture": "#0"},
				"up": {"uv": [14, 13, 13, 12], "rotation": 180, "texture": "#0"},
				"down": {"uv": [15, 12, 14, 13], "texture": "#0"}
			}
		},
		{
			"from": [3.75, 6.51695, 6.76955],
			"to": [6.25, 7.51695, 9.26955],
			"rotation": {"angle": 22.5, "axis": "x", "origin": [4.875, 10.95933, 8.05238]},
			"faces": {
				"north": {"uv": [8, 1.5, 8.5, 3], "rotation": 90, "texture": "#2"},
				"east": {"uv": [8, 0, 8.5, 1.5], "rotation": 90, "texture": "#2"},
				"south": {"uv": [8.5, 0, 9, 1.5], "rotation": 90, "texture": "#2"},
				"west": {"uv": [10, 1.5, 10.5, 3], "rotation": 90, "texture": "#2"},
				"up": {"uv": [6.5, 1.5, 8, 3], "texture": "#2"},
				"down": {"uv": [8.5, 1.5, 10, 3], "texture": "#2"}
			}
		},
		{
			"from": [3.25, 4.51695, 2.76955],
			"to": [3.75, 9.51695, 13.26955],
			"rotation": {"angle": 22.5, "axis": "x", "origin": [4.875, 10.95933, 8.05238]},
			"faces": {
				"north": {"uv": [0.25, 0, 3.25, 0.25], "rotation": 270, "texture": "#2"},
				"east": {"uv": [3.5, 0.25, 6.5, 5.75], "rotation": 270, "texture": "#2"},
				"south": {"uv": [3.25, 0, 6.25, 0.25], "rotation": 270, "texture": "#2"},
				"west": {"uv": [0.25, 0.25, 3.25, 5.75], "rotation": 270, "texture": "#2"},
				"up": {"uv": [0, 0.25, 0.25, 5.75], "rotation": 180, "texture": "#2"},
				"down": {"uv": [3.25, 0.25, 3.5, 5.75], "rotation": 180, "texture": "#2"}
			}
		},
		{
			"from": [8, 0, 7],
			"to": [10, 6, 9],
			"rotation": {"angle": 22.5, "axis": "x", "origin": [9, 6, 8]},
			"faces": {
				"north": {"uv": [1, 5, 2, 8], "texture": "#0"},
				"east": {"uv": [0, 5, 1, 8], "texture": "#0"},
				"south": {"uv": [3, 5, 4, 8], "texture": "#0"},
				"west": {"uv": [2, 5, 3, 8], "texture": "#0"},
				"up": {"uv": [2, 5, 1, 4], "rotation": 180, "texture": "#0"},
				"down": {"uv": [3, 4, 2, 5], "texture": "#0"}
			}
		},
		{
			"from": [7.75, -0.25, 6.75],
			"to": [10.25, 6.25, 9.25],
			"rotation": {"angle": 22.5, "axis": "x", "origin": [9, 6, 8]},
			"faces": {
				"north": {"uv": [1, 9, 2, 12], "texture": "#0"},
				"east": {"uv": [0, 9, 1, 12], "texture": "#0"},
				"south": {"uv": [3, 9, 4, 12], "texture": "#0"},
				"west": {"uv": [2, 9, 3, 12], "texture": "#0"},
				"up": {"uv": [2, 9, 1, 8], "rotation": 180, "texture": "#0"},
				"down": {"uv": [3, 8, 2, 9], "texture": "#0"}
			}
		},
		{
			"from": [6, 0, 7],
			"to": [8, 6, 9],
			"rotation": {"angle": -22.5, "axis": "x", "origin": [7, 6, 8]},
			"faces": {
				"north": {"uv": [5, 13, 6, 16], "texture": "#0"},
				"east": {"uv": [4, 13, 5, 16], "texture": "#0"},
				"south": {"uv": [7, 13, 8, 16], "texture": "#0"},
				"west": {"uv": [6, 13, 7, 16], "texture": "#0"},
				"up": {"uv": [6, 13, 5, 12], "rotation": 180, "texture": "#0"},
				"down": {"uv": [7, 12, 6, 13], "texture": "#0"}
			}
		},
		{
			"from": [5.75, -0.25, 6.75],
			"to": [8.25, 6.25, 9.25],
			"rotation": {"angle": -22.5, "axis": "x", "origin": [7, 6, 8]},
			"faces": {
				"north": {"uv": [1, 13, 2, 16], "texture": "#0"},
				"east": {"uv": [0, 13, 1, 16], "texture": "#0"},
				"south": {"uv": [3, 13, 4, 16], "texture": "#0"},
				"west": {"uv": [2, 13, 3, 16], "texture": "#0"},
				"up": {"uv": [2, 13, 1, 12], "rotation": 180, "texture": "#0"},
				"down": {"uv": [3, 12, 2, 13], "texture": "#0"}
			}
		}
	],
	"display": {
		"thirdperson_righthand": {
			"rotation": [0, 131, 3.25],
			"translation": [0, 1.75, 1.5],
			"scale": [0.5, 0.5, 0.5]
		},
		"thirdperson_lefthand": {
			"rotation": [0, 131, 3.25],
			"translation": [0, 1.75, 1.5],
			"scale": [0.5, 0.5, 0.5]
		},
		"firstperson_righthand": {
			"rotation": [-37.75, 104.25, 20],
			"translation": [0, 4, 1.5],
			"scale": [0.5, 0.5, 0.5]
		},
		"firstperson_lefthand": {
			"rotation": [-47, 113, 24.5],
			"translation": [1.5, 2.75, 1.5],
			"scale": [0.5, 0.5, 0.5]
		},
		"ground": {
			"rotation": [19.25, 0, -18],
			"translation": [0, 3.25, 0],
			"scale": [0.5, 0.5, 0.5]
		},
		"gui": {
			"rotation": [-5, 155, 37],
			"scale": [0.98438, 0.98438, 0.98438]
		},
		"head": {
			"translation": [0, 14.25, 0]
		},
		"fixed": {
			"rotation": [-90, 0, 0],
			"translation": [0, 0, -26],
			"scale": [4, 4, 4]
		}
	},
	"groups": [
		{
			"name": "base",
			"origin": [8, 8, 8],
			"children": [
				{
					"name": "body",
					"origin": [8, 8, 8],
					"children": [0, 1,
						{
							"name": "head",
							"origin": [8, 8, 8],
							"children": [2, 3]
						},
						{
							"name": "rightarm",
							"origin": [8, 8, 8],
							"children": [4, 5, 6]
						},
						{
							"name": "leftarm",
							"origin": [8, 8, 8],
							"children": [7, 8,
								{
									"name": "group",
									"origin": [0, -0.7919, 0.43685],
									"children": [9, 10]
								}
							]
						},
						{
							"name": "rightleg",
							"origin": [8, 8, 8],
							"children": [11, 12]
						},
						{
							"name": "leftleg",
							"origin": [8, 8, 8],
							"children": [13, 14]
						}
					]
				}
			]
		}
	]
}