{
	"credit": "Made with Blockbench",
	"texture_size": [64, 64],
	"textures": {
		"1": "optifine/cit/icons/totems/totem_of_k44du2_1",
		"2": "optifine/cit/icons/totems/totem_of_k44du2_2",
		"particle": "optifine/cit/icons/totems/totem_of_k44du2_1"
	},
	"elements": [
		{
			"from": [6, 6, 7],
			"to": [10, 12, 9],
			"rotation": {"angle": 0, "axis": "y", "origin": [8, 6, 8]},
			"faces": {
				"north": {"uv": [5, 5, 7, 8], "texture": "#1"},
				"east": {"uv": [4, 5, 5, 8], "texture": "#1"},
				"south": {"uv": [8, 5, 10, 8], "texture": "#1"},
				"west": {"uv": [7, 5, 8, 8], "texture": "#1"},
				"up": {"uv": [7, 5, 5, 4], "rotation": 180, "texture": "#1"},
				"down": {"uv": [9, 4, 7, 5], "texture": "#1"}
			}
		},
		{
			"from": [6, 8.75, 5.15],
			"to": [10, 10.25, 6.15],
			"rotation": {"angle": 22.5, "axis": "x", "origin": [8, 6, 8]},
			"faces": {
				"north": {"uv": [6.5, 0.5, 8.5, 1], "texture": "#2"},
				"east": {"uv": [6, 0.5, 6.5, 1], "texture": "#2"},
				"south": {"uv": [9, 0.5, 11, 1], "texture": "#2"},
				"west": {"uv": [8.5, 0.5, 9, 1], "texture": "#2"},
				"up": {"uv": [8.5, 0.5, 6.5, 0], "rotation": 180, "texture": "#2"},
				"down": {"uv": [10.5, 0, 8.5, 0.5], "texture": "#2"}
			}
		},
		{
			"from": [5.75, 5.75, 6.75],
			"to": [10.25, 12.25, 9.25],
			"rotation": {"angle": 0, "axis": "y", "origin": [8, 6, 8]},
			"faces": {
				"north": {"uv": [5, 9, 7, 12], "texture": "#1"},
				"east": {"uv": [4, 9, 5, 12], "texture": "#1"},
				"south": {"uv": [8, 9, 10, 12], "texture": "#1"},
				"west": {"uv": [7, 9, 8, 12], "texture": "#1"},
				"up": {"uv": [7, 9, 5, 8], "texture": "#1"},
				"down": {"uv": [9, 8, 7, 9], "texture": "#1"}
			}
		},
		{
			"from": [6, 12, 6],
			"to": [10, 16, 10],
			"rotation": {"angle": 22.5, "axis": "z", "origin": [8, 12, 8]},
			"faces": {
				"north": {"uv": [2, 2, 4, 4], "texture": "#1"},
				"east": {"uv": [0, 2, 2, 4], "texture": "#1"},
				"south": {"uv": [6, 2, 8, 4], "texture": "#1"},
				"west": {"uv": [4, 2, 6, 4], "texture": "#1"},
				"up": {"uv": [4, 2, 2, 0], "rotation": 180, "texture": "#1"},
				"down": {"uv": [6, 0, 4, 2], "texture": "#1"}
			}
		},
		{
			"from": [5.5, 10.75, 10],
			"to": [7, 15.75, 11.5],
			"rotation": {"angle": 22.5, "axis": "z", "origin": [8, 12, 8]},
			"faces": {
				"north": {"uv": [0.75, 0.75, 1.5, 3.25], "texture": "#2"},
				"east": {"uv": [0, 0.75, 0.75, 3.25], "texture": "#2"},
				"south": {"uv": [2.25, 0.75, 3, 3.25], "texture": "#2"},
				"west": {"uv": [1.5, 0.75, 2.25, 3.25], "texture": "#2"},
				"up": {"uv": [0.75, 0, 1.5, 0.75], "texture": "#2"},
				"down": {"uv": [1.5, 0, 2.25, 0.75], "texture": "#2"}
			}
		},
		{
			"from": [9, 10.75, 10],
			"to": [10.5, 15.75, 11.5],
			"rotation": {"angle": 22.5, "axis": "z", "origin": [8, 12, 8]},
			"faces": {
				"north": {"uv": [3.75, 0.75, 4.5, 3.25], "texture": "#2"},
				"east": {"uv": [3, 0.75, 3.75, 3.25], "texture": "#2"},
				"south": {"uv": [5.25, 0.75, 6, 3.25], "texture": "#2"},
				"west": {"uv": [4.5, 0.75, 5.25, 3.25], "texture": "#2"},
				"up": {"uv": [3.75, 0, 4.5, 0.75], "texture": "#2"},
				"down": {"uv": [4.5, 0, 5.25, 0.75], "texture": "#2"}
			}
		},
		{
			"from": [5.75, 11.75, 5.75],
			"to": [10.25, 16.25, 10.25],
			"rotation": {"angle": 22.5, "axis": "z", "origin": [8, 12, 8]},
			"faces": {
				"north": {"uv": [10, 2, 12, 4], "texture": "#1"},
				"east": {"uv": [8, 2, 10, 4], "texture": "#1"},
				"south": {"uv": [14, 2, 16, 4], "texture": "#1"},
				"west": {"uv": [12, 2, 14, 4], "texture": "#1"},
				"up": {"uv": [12, 2, 10, 0], "texture": "#1"},
				"down": {"uv": [14, 0, 12, 2], "texture": "#1"}
			}
		},
		{
			"from": [10, 10, 7],
			"to": [11.5, 16, 9],
			"rotation": {"angle": -22.5, "axis": "z", "origin": [10, 11, 8]},
			"faces": {
				"north": {"uv": [12.5, 5, 13, 8], "rotation": 180, "texture": "#1"},
				"east": {"uv": [10, 5, 11, 8], "rotation": 180, "texture": "#1"},
				"south": {"uv": [11, 5, 11.5, 8], "rotation": 180, "texture": "#1"},
				"west": {"uv": [11.5, 5, 12.5, 8], "rotation": 180, "texture": "#1"},
				"up": {"uv": [12.5, 4, 11.75, 5], "texture": "#1"},
				"down": {"uv": [11.75, 5, 11, 4], "texture": "#1"}
			}
		},
		{
			"from": [9.75, 9.75, 6.75],
			"to": [11.75, 16.25, 9.25],
			"rotation": {"angle": -22.5, "axis": "z", "origin": [10, 11, 8]},
			"faces": {
				"north": {"uv": [13, 9, 14, 12], "rotation": 180, "texture": "#1"},
				"east": {"uv": [10, 9, 11, 12], "rotation": 180, "texture": "#1"},
				"south": {"uv": [11, 9, 12, 12], "rotation": 180, "texture": "#1"},
				"west": {"uv": [12, 9, 13, 12], "rotation": 180, "texture": "#1"},
				"up": {"uv": [13, 8, 12, 9], "texture": "#1"},
				"down": {"uv": [12, 9, 11, 8], "rotation": 180, "texture": "#1"}
			}
		},
		{
			"from": [4.5, 6, 7],
			"to": [6, 12, 9],
			"rotation": {"angle": -22.5, "axis": "z", "origin": [6, 11, 8]},
			"faces": {
				"north": {"uv": [9, 13, 9.5, 16], "texture": "#1"},
				"east": {"uv": [8, 13, 9, 16], "texture": "#1"},
				"south": {"uv": [10.5, 13, 11, 16], "texture": "#1"},
				"west": {"uv": [9.5, 13, 10.5, 16], "texture": "#1"},
				"up": {"uv": [9.75, 13, 9, 12], "texture": "#1"},
				"down": {"uv": [10.5, 12, 9.75, 13], "texture": "#1"}
			}
		},
		{
			"from": [4.25, 5.75, 6.75],
			"to": [6.25, 12.25, 9.25],
			"rotation": {"angle": -22.5, "axis": "z", "origin": [6, 11, 8]},
			"faces": {
				"north": {"uv": [13, 13, 14, 16], "texture": "#1"},
				"east": {"uv": [12, 13, 13, 16], "texture": "#1"},
				"south": {"uv": [15, 13, 16, 16], "texture": "#1"},
				"west": {"uv": [14, 13, 15, 16], "texture": "#1"},
				"up": {"uv": [14, 13, 13, 12], "rotation": 180, "texture": "#1"},
				"down": {"uv": [15, 12, 14, 13], "texture": "#1"}
			}
		},
		{
			"from": [8, 0, 7],
			"to": [10, 6, 9],
			"rotation": {"angle": -22.5, "axis": "x", "origin": [9, 6, 8]},
			"faces": {
				"north": {"uv": [1, 5, 2, 8], "texture": "#1"},
				"east": {"uv": [0, 5, 1, 8], "texture": "#1"},
				"south": {"uv": [3, 5, 4, 8], "texture": "#1"},
				"west": {"uv": [2, 5, 3, 8], "texture": "#1"},
				"up": {"uv": [1, 4, 2, 5], "rotation": 180, "texture": "#1"},
				"down": {"uv": [3, 4, 2, 5], "texture": "#1"}
			}
		},
		{
			"from": [7.75, -0.25, 6.75],
			"to": [10.25, 6.25, 9.25],
			"rotation": {"angle": -22.5, "axis": "x", "origin": [9, 6, 8]},
			"faces": {
				"north": {"uv": [1, 9, 2, 12], "texture": "#1"},
				"east": {"uv": [0, 9, 1, 12], "texture": "#1"},
				"south": {"uv": [3, 9, 4, 12], "texture": "#1"},
				"west": {"uv": [2, 9, 3, 12], "texture": "#1"},
				"up": {"uv": [2, 9, 1, 8], "rotation": 180, "texture": "#1"},
				"down": {"uv": [3, 8, 2, 9], "texture": "#1"}
			}
		},
		{
			"from": [6, 0, 7],
			"to": [8, 6, 9],
			"rotation": {"angle": 0, "axis": "x", "origin": [7, 6, 8]},
			"faces": {
				"north": {"uv": [5, 13, 6, 16], "texture": "#1"},
				"east": {"uv": [4, 13, 5, 16], "texture": "#1"},
				"south": {"uv": [7, 13, 8, 16], "texture": "#1"},
				"west": {"uv": [6, 13, 7, 16], "texture": "#1"},
				"up": {"uv": [5, 12, 6, 13], "rotation": 180, "texture": "#1"},
				"down": {"uv": [7, 12, 6, 13], "texture": "#1"}
			}
		},
		{
			"from": [5.75, -0.25, 6.75],
			"to": [8.25, 6.25, 9.25],
			"rotation": {"angle": 0, "axis": "x", "origin": [7, 6, 8]},
			"faces": {
				"north": {"uv": [1, 13, 2, 16], "texture": "#1"},
				"east": {"uv": [0, 13, 1, 16], "texture": "#1"},
				"south": {"uv": [3, 13, 4, 16], "texture": "#1"},
				"west": {"uv": [2, 13, 3, 16], "texture": "#1"},
				"up": {"uv": [2, 13, 1, 12], "rotation": 180, "texture": "#1"},
				"down": {"uv": [3, 12, 2, 13], "texture": "#1"}
			}
		}
	],
	"display": {
		"thirdperson_righthand": {
			"rotation": [0, 131, 3.25],
			"translation": [0, 1.75, 1.5],
			"scale": [0.5, 0.5, 0.5]
		},
		"thirdperson_lefthand": {
			"rotation": [0, 131, 3.25],
			"translation": [0, 1.75, 1.5],
			"scale": [0.5, 0.5, 0.5]
		},
		"firstperson_righthand": {
			"rotation": [-37.75, 104.25, 20],
			"translation": [0, 4, 1.5],
			"scale": [0.5, 0.5, 0.5]
		},
		"firstperson_lefthand": {
			"rotation": [-47, 113, 24.5],
			"translation": [1.5, 2.75, 1.5],
			"scale": [0.5, 0.5, 0.5]
		},
		"ground": {
			"rotation": [19.25, 0, -18],
			"translation": [0, 3.25, 0],
			"scale": [0.5, 0.5, 0.5]
		},
		"gui": {
			"rotation": [-5, 155, 37],
			"scale": [0.98438, 0.98438, 0.98438]
		},
		"head": {
			"translation": [0, 14.25, 0]
		},
		"fixed": {
			"rotation": [-90, 0, 0],
			"translation": [0, 0, -26],
			"scale": [4, 4, 4]
		}
	},
	"groups": [
		{
			"name": "base",
			"origin": [8, 8, 8],
			"children": [
				{
					"name": "body",
					"origin": [8, 8, 8],
					"children": [0, 1, 2,
						{
							"name": "head",
							"origin": [8, 8, 8],
							"children": [3, 4, 5, 6]
						},
						{
							"name": "rightarm",
							"origin": [8, 8, 8],
							"children": [7, 8]
						},
						{
							"name": "leftarm",
							"origin": [8, 8, 8],
							"children": [9, 10]
						},
						{
							"name": "rightleg",
							"origin": [8, 8, 8],
							"children": [11, 12]
						},
						{
							"name": "leftleg",
							"origin": [8, 8, 8],
							"children": [13, 14]
						}
					]
				}
			]
		}
	]
}