{
	"credit": "Made with Blockbench",
	"texture_size": [64, 32],
	"textures": {
		"0": "item/book",
		"particle": "item/book"
	},
	"elements": [
		{
			"from": [8.90162, 0, -0.41839],
			"to": [14.90162, 10, -0.41839],
			"rotation": {"angle": -22.5, "axis": "y", "origin": [7.90162, 5, 0.03861]},
			"faces": {
				"north": {"uv": [5.5, 0, 7, 5], "texture": "#0"},
				"east": {"uv": [0, 0, 0, 5], "texture": "#0"},
				"south": {"uv": [4, 0, 5.5, 5], "texture": "#0"},
				"west": {"uv": [1.5, 0, 1.5, 5], "texture": "#0"},
				"up": {"uv": [1.5, 0, 0, 0], "texture": "#0"},
				"down": {"uv": [3, 0, 1.5, 0], "texture": "#0"}
			}
		},
		{
			"from": [8.429, 1, -0.5],
			"to": [13.429, 9, 0.5],
			"rotation": {"angle": -22.5, "axis": "y", "origin": [6.92896, 5, -0.33367]},
			"faces": {
				"north": {"uv": [3.25, 5.5, 4.5, 9.5], "texture": "#0"},
				"east": {"uv": [3, 5.5, 3.25, 9.5], "texture": "#0"},
				"south": {"uv": [4.75, 5.5, 6, 9.5], "texture": "#0"},
				"west": {"uv": [4.5, 5.5, 4.75, 9.5], "texture": "#0"},
				"up": {"uv": [4.5, 5.5, 3.25, 5], "texture": "#0"},
				"down": {"uv": [5.75, 5, 4.5, 5.5], "texture": "#0"}
			}
		},
		{
			"from": [1.17489, 0, -0.03479],
			"to": [7.17489, 10, -0.03479],
			"rotation": {"angle": 22.5, "axis": "y", "origin": [7.17489, 5, 0.42221]},
			"faces": {
				"north": {"uv": [1.5, 0, 3, 5], "texture": "#0"},
				"east": {"uv": [4, 0, 4, 5], "texture": "#0"},
				"south": {"uv": [0, 0, 1.5, 5], "texture": "#0"},
				"west": {"uv": [5.5, 0, 5.5, 5], "texture": "#0"},
				"up": {"uv": [5.5, 0, 4, 0], "texture": "#0"},
				"down": {"uv": [7, 0, 5.5, 0], "texture": "#0"}
			}
		},
		{
			"from": [2.70165, 1, -0.04556],
			"to": [7.70165, 9, 0.95444],
			"rotation": {"angle": 22.5, "axis": "y", "origin": [7.98983, 6, 0.24316]},
			"faces": {
				"north": {"uv": [0.25, 5.5, 1.5, 9.5], "texture": "#0"},
				"east": {"uv": [0, 5.5, 0.25, 9.5], "texture": "#0"},
				"south": {"uv": [1.75, 5.5, 3, 9.5], "texture": "#0"},
				"west": {"uv": [1.5, 5.5, 1.75, 9.5], "texture": "#0"},
				"up": {"uv": [1.5, 5.5, 0.25, 5], "texture": "#0"},
				"down": {"uv": [2.75, 5, 1.5, 5.5], "texture": "#0"}
			}
		},
		{
			"from": [7, 0, 0],
			"to": [9, 10, 0],
			"rotation": {"angle": 0, "axis": "y", "origin": [8, 5, 0.457]},
			"faces": {
				"north": {"uv": [3, 0, 3.5, 5], "texture": "#0"},
				"east": {"uv": [3, 0, 3, 5], "texture": "#0"},
				"south": {"uv": [3.5, 0, 4, 5], "texture": "#0"},
				"west": {"uv": [3.5, 0, 3.5, 5], "texture": "#0"},
				"up": {"uv": [3.5, 0, 3, 0], "texture": "#0"},
				"down": {"uv": [4, 0, 3.5, 0], "texture": "#0"}
			}
		},
		{
			"from": [8.16847, 1, 0.59127],
			"to": [8.16847, 9, 5.59127],
			"rotation": {"angle": -45, "axis": "y", "origin": [7.57647, 5, 0.59127]},
			"faces": {
				"north": {"uv": [7.25, 5, 7.25, 9], "texture": "#0"},
				"east": {"uv": [6, 5, 7.25, 9], "texture": "#0"},
				"south": {"uv": [8.5, 5, 8.5, 9], "texture": "#0"},
				"west": {"uv": [7.25, 5, 8.5, 9], "texture": "#0"},
				"up": {"uv": [7.25, 5, 7.25, 2.5], "texture": "#0"},
				"down": {"uv": [7.25, 2.5, 7.25, 5], "texture": "#0"}
			}
		},
		{
			"from": [7.11429, 1, 0.88487],
			"to": [7.11429, 9, 5.88487],
			"rotation": {"angle": 45, "axis": "y", "origin": [7.70729, 5, -0.11513]},
			"faces": {
				"north": {"uv": [7.25, 5, 7.25, 9], "texture": "#0"},
				"east": {"uv": [6, 5, 7.25, 9], "texture": "#0"},
				"south": {"uv": [8.5, 5, 8.5, 9], "texture": "#0"},
				"west": {"uv": [7.25, 5, 8.5, 9], "texture": "#0"},
				"up": {"uv": [7.25, 5, 7.25, 2.5], "texture": "#0"},
				"down": {"uv": [7.25, 2.5, 7.25, 5], "texture": "#0"}
			}
		}
	],
	"display": {
		"thirdperson_righthand": {
			"rotation": [-24.5, 0, 0],
			"translation": [0, 8, 4]
		},
		"thirdperson_lefthand": {
			"rotation": [-24.5, 0, 0],
			"translation": [0, 8, 4]
		},
		"firstperson_righthand": {
			"rotation": [-62, -27, -36],
			"translation": [-1.5, 9.25, -1.25]
		},
		"firstperson_lefthand": {
			"rotation": [-62, -27, -36],
			"translation": [-1.5, 9.25, -1.25]
		},
		"ground": {
			"rotation": [-62, -27, -36],
			"translation": [-1.5, 10, -1.25]
		},
		"gui": {
			"rotation": [-29, 0, -16],
			"translation": [1, 5.5, -1.25]
		},
		"head": {
			"translation": [0, 4.5, 2],
			"scale": [1.5, 1.5, 1.5]
		},
		"fixed": {
			"rotation": [0, -180, 0],
			"translation": [0, 6, -16.25],
			"scale": [2, 2, 2]
		}
	}
}