{
	"credit": "Made with Blockbench",
	"textures": {
		"0": "block/oak_log",
		"1": "block/gold_block",
		"2": "block/anvil",
		"3": "block/coal_block",
		"particle": "block/oak_log"
	},
	"elements": [
		{
			"from": [7, 0, 13],
			"to": [9, 2, 15],
			"rotation": {"angle": 45, "axis": "x", "origin": [8, 1, 14]},
			"faces": {
				"north": {"uv": [0, 0, 2, 2], "texture": "#0"},
				"east": {"uv": [13, 8, 15, 10], "texture": "#0"},
				"south": {"uv": [11, 2, 13, 4], "texture": "#0"},
				"west": {"uv": [1, 1, 3, 3], "texture": "#0"},
				"up": {"uv": [1, 12, 3, 14], "texture": "#0"},
				"down": {"uv": [5, 6, 7, 8], "texture": "#0"}
			}
		},
		{
			"from": [7.25, 1.5, 13.25],
			"to": [8.75, 3, 15],
			"rotation": {"angle": -22.5, "axis": "x", "origin": [8, 0.75, 14.25]},
			"faces": {
				"north": {"uv": [0, 0, 2, 2], "texture": "#0"},
				"east": {"uv": [0, 0, 2.25, 2], "texture": "#0"},
				"south": {"uv": [0, 5, 2, 7], "texture": "#0"},
				"west": {"uv": [0, 0, 2.25, 2], "texture": "#0"},
				"up": {"uv": [0, 0, 2, 2.25], "texture": "#0"},
				"down": {"uv": [0, 0, 2, 2.25], "texture": "#0"}
			}
		},
		{
			"from": [7.75, 2.48116, 10.32597],
			"to": [8.25, 2.98116, 10.57597],
			"rotation": {"angle": 0, "axis": "x", "origin": [8, 2.17933, 11.55713]},
			"faces": {
				"north": {"uv": [0, 0, 1, 1], "rotation": 180, "texture": "#1"},
				"east": {"uv": [0, 0, 0.75, 1], "rotation": 180, "texture": "#1"},
				"south": {"uv": [0, 0, 1, 1], "rotation": 180, "texture": "#1"},
				"west": {"uv": [0, 0, 0.75, 1], "rotation": 180, "texture": "#1"},
				"up": {"uv": [0, 0, 1, 0.75], "texture": "#1"},
				"down": {"uv": [0, 0, 1, 0.75], "texture": "#1"}
			}
		},
		{
			"from": [7.25, 2.53731, 14.43543],
			"to": [8.75, 4.03731, 16.18543],
			"rotation": {"angle": -45, "axis": "x", "origin": [8, 0.28731, 14.43543]},
			"faces": {
				"north": {"uv": [0, 0, 2, 2], "texture": "#0"},
				"east": {"uv": [4, 1, 6.25, 3], "texture": "#0"},
				"south": {"uv": [0, 3, 2, 5], "texture": "#0"},
				"west": {"uv": [0, 0, 2.25, 2], "texture": "#0"},
				"up": {"uv": [0, 0, 2, 2.25], "texture": "#0"},
				"down": {"uv": [0, 0, 2, 2.25], "texture": "#0"}
			}
		},
		{
			"from": [7.75, 1.65151, 10.82892],
			"to": [8.25, 1.90151, 11.82892],
			"rotation": {"angle": 45, "axis": "x", "origin": [8, 2.67345, 11.57892]},
			"faces": {
				"north": {"uv": [0, 0, 1, 0.75], "rotation": 180, "texture": "#1"},
				"east": {"uv": [0, 0, 0.75, 1.5], "rotation": 270, "texture": "#1"},
				"south": {"uv": [0, 0, 1, 0.75], "texture": "#1"},
				"west": {"uv": [0, 0, 0.75, 1.5], "rotation": 90, "texture": "#1"},
				"up": {"uv": [0, 0, 1, 1.5], "rotation": 180, "texture": "#1"},
				"down": {"uv": [0, 0, 1, 1.5], "texture": "#1"}
			}
		},
		{
			"from": [7.75, 2.03294, 11.39621],
			"to": [8.25, 2.78294, 11.64621],
			"rotation": {"angle": 22.5, "axis": "x", "origin": [8, 2.40794, 12.02121]},
			"faces": {
				"north": {"uv": [0, 0, 1, 1.25], "texture": "#1"},
				"east": {"uv": [0, 0, 0.75, 1.25], "texture": "#1"},
				"south": {"uv": [0, 0, 1, 1.25], "texture": "#1"},
				"west": {"uv": [0, 0, 0.75, 1.25], "texture": "#1"},
				"up": {"uv": [0, 0, 1, 0.75], "texture": "#1"},
				"down": {"uv": [0, 0, 1, 0.75], "texture": "#1"}
			}
		},
		{
			"from": [7.25, 1.69857, 10.68024],
			"to": [8.75, 3.44857, 12.18024],
			"rotation": {"angle": 22.5, "axis": "x", "origin": [8, 1.69857, 14.43024]},
			"faces": {
				"north": {"uv": [0, 0, 2, 2.25], "texture": "#0"},
				"east": {"uv": [2, 1, 4, 3.25], "texture": "#0"},
				"south": {"uv": [0, 0, 2, 2.25], "texture": "#0"},
				"west": {"uv": [0, 0, 2, 2.25], "texture": "#0"},
				"up": {"uv": [0, 1, 2, 3], "texture": "#0"},
				"down": {"uv": [0, 0, 2, 2], "texture": "#0"}
			}
		},
		{
			"from": [7.75, 1.77406, 11.03308],
			"to": [8.25, 2.02406, 12.03308],
			"rotation": {"angle": 0, "axis": "x", "origin": [8, 3.00522, 11.10625]},
			"faces": {
				"north": {"uv": [0, 0, 1, 0.75], "rotation": 180, "texture": "#1"},
				"east": {"uv": [0, 0, 0.75, 1.5], "rotation": 270, "texture": "#1"},
				"south": {"uv": [0, 0, 1, 0.75], "texture": "#1"},
				"west": {"uv": [0, 0, 0.75, 1.5], "rotation": 90, "texture": "#1"},
				"up": {"uv": [0, 0, 1, 1.5], "rotation": 180, "texture": "#1"},
				"down": {"uv": [0, 0, 1, 1.5], "texture": "#1"}
			}
		},
		{
			"from": [7.75, 1.70834, 11.55637],
			"to": [8.25, 1.95834, 12.30637],
			"rotation": {"angle": -22.5, "axis": "x", "origin": [8, 2.9395, 11.62953]},
			"faces": {
				"north": {"uv": [0, 0, 1, 0.75], "rotation": 180, "texture": "#1"},
				"east": {"uv": [0, 0, 0.75, 1.25], "rotation": 270, "texture": "#1"},
				"south": {"uv": [0, 0, 1, 0.75], "texture": "#1"},
				"west": {"uv": [0, 0, 0.75, 1.25], "rotation": 90, "texture": "#1"},
				"up": {"uv": [0, 0, 1, 1.25], "rotation": 180, "texture": "#1"},
				"down": {"uv": [0, 0, 1, 1.25], "texture": "#1"}
			}
		},
		{
			"from": [7.25, 3.00043, 2.13539],
			"to": [8.75, 4.75043, 11.63539],
			"rotation": {"angle": 0, "axis": "x", "origin": [8, 3.00043, 13.88539]},
			"faces": {
				"north": {"uv": [0, 0, 2, 2.25], "texture": "#0"},
				"east": {"uv": [0, 0, 10, 2.25], "texture": "#0"},
				"south": {"uv": [0, 0, 2, 2.25], "texture": "#0"},
				"west": {"uv": [0, 0, 10, 2.25], "texture": "#0"},
				"up": {"uv": [0, 0, 2, 10], "texture": "#0"},
				"down": {"uv": [0, 0, 2, 10], "texture": "#0"}
			}
		},
		{
			"from": [7.5, 4.77543, 0.88539],
			"to": [8.5, 5.02543, 10.63539],
			"rotation": {"angle": 0, "axis": "x", "origin": [8, 3.00043, 13.88539]},
			"faces": {
				"north": {"uv": [0, 0, 1.5, 0.75], "rotation": 180, "texture": "#2"},
				"east": {"uv": [0, 0, 0.75, 10.25], "rotation": 90, "texture": "#2"},
				"south": {"uv": [0, 0, 1.5, 0.75], "texture": "#2"},
				"west": {"uv": [0, 0, 0.75, 10.25], "rotation": 270, "texture": "#2"},
				"up": {"uv": [0, 0, 1.5, 10.25], "texture": "#2"},
				"down": {"uv": [0, 0, 1.5, 10.25], "rotation": 180, "texture": "#2"}
			}
		},
		{
			"from": [7.75, 5.02543, 1.13539],
			"to": [8.25, 5.27543, 2.13539],
			"rotation": {"angle": 0, "axis": "x", "origin": [8, 3.00043, 13.88539]},
			"faces": {
				"north": {"uv": [0, 0, 1, 0.75], "rotation": 180, "texture": "#2"},
				"east": {"uv": [0, 0, 0.75, 1.5], "rotation": 90, "texture": "#2"},
				"south": {"uv": [0, 0, 1, 0.75], "texture": "#2"},
				"west": {"uv": [0, 0, 0.75, 1.5], "rotation": 270, "texture": "#2"},
				"up": {"uv": [0, 0, 1, 1.5], "texture": "#2"},
				"down": {"uv": [0, 0, 1, 1.5], "rotation": 180, "texture": "#2"}
			}
		},
		{
			"from": [8.775, 3.50043, 6.88539],
			"to": [9.025, 4.50043, 10.63539],
			"rotation": {"angle": 0, "axis": "z", "origin": [8, 3.00043, 13.88539]},
			"faces": {
				"north": {"uv": [0, 0, 1.5, 0.75], "rotation": 90, "texture": "#2"},
				"east": {"uv": [0, 0, 1.5, 4.25], "rotation": 90, "texture": "#2"},
				"south": {"uv": [0, 0, 1.5, 0.75], "rotation": 90, "texture": "#2"},
				"west": {"uv": [0, 0, 1.5, 4.25], "rotation": 270, "texture": "#2"},
				"up": {"uv": [0, 0, 0.75, 4.25], "texture": "#2"},
				"down": {"uv": [0, 0, 0.75, 4.25], "rotation": 180, "texture": "#2"}
			}
		},
		{
			"from": [7.25, 3.00043, 0.63539],
			"to": [8.75, 4.75043, 2.13539],
			"rotation": {"angle": 0, "axis": "x", "origin": [8, 3.00043, 13.88539]},
			"faces": {
				"north": {"uv": [0, 0, 2, 2.25], "texture": "#3"},
				"east": {"uv": [0, 0, 2, 2.25], "texture": "#1"},
				"south": {"uv": [0, 0, 2, 2.25], "texture": "#1"},
				"west": {"uv": [0, 0, 2, 2.25], "texture": "#1"},
				"up": {"uv": [0, 0, 2, 2], "texture": "#1"},
				"down": {"uv": [0, 0, 2, 2], "texture": "#1"}
			}
		},
		{
			"from": [7.75, 2.50043, 0.88539],
			"to": [8.25, 3.00043, 8.13539],
			"rotation": {"angle": 0, "axis": "x", "origin": [8, 3.00043, 13.88539]},
			"faces": {
				"north": {"uv": [0, 0, 1, 1], "texture": "#1"},
				"east": {"uv": [0, 0, 7.75, 1], "texture": "#1"},
				"south": {"uv": [0, 0, 1, 1], "texture": "#1"},
				"west": {"uv": [0, 0, 7.75, 1], "texture": "#1"},
				"up": {"uv": [0, 0, 1, 7.75], "texture": "#1"},
				"down": {"uv": [0, 0, 1, 7.75], "texture": "#1"}
			}
		},
		{
			"from": [9.025, 3.75931, 9.88907],
			"to": [9.275, 4.25931, 10.38907],
			"rotation": {"angle": 22.5, "axis": "x", "origin": [9.50625, 4.00931, 10.12651]},
			"faces": {
				"north": {"uv": [0, 0, 0.25, 0.5], "rotation": 180, "texture": "#2"},
				"east": {"uv": [0, 0, 0.5, 0.5], "rotation": 180, "texture": "#2"},
				"south": {"uv": [0, 0, 0.25, 0.5], "rotation": 180, "texture": "#2"},
				"west": {"uv": [0, 0, 0.5, 0.5], "rotation": 180, "texture": "#2"},
				"up": {"uv": [0, 0, 0.5, 0.25], "rotation": 90, "texture": "#2"},
				"down": {"uv": [0, 0, 0.5, 0.25], "rotation": 270, "texture": "#2"}
			}
		},
		{
			"from": [9.275, 3.75931, 7.88907],
			"to": [9.775, 4.25931, 10.38907],
			"rotation": {"angle": 22.5, "axis": "x", "origin": [9.50625, 4.00931, 10.12651]},
			"faces": {
				"north": {"uv": [0, 0, 0.5, 0.5], "rotation": 180, "texture": "#2"},
				"east": {"uv": [0, 0, 2.5, 0.5], "rotation": 180, "texture": "#2"},
				"south": {"uv": [0, 0, 0.5, 0.5], "rotation": 180, "texture": "#2"},
				"west": {"uv": [0, 0, 2.5, 0.5], "rotation": 180, "texture": "#2"},
				"up": {"uv": [0, 0, 2.5, 0.5], "rotation": 90, "texture": "#2"},
				"down": {"uv": [0, 0, 2.5, 0.5], "rotation": 270, "texture": "#2"}
			}
		},
		{
			"from": [9.275, 4.25931, 7.88907],
			"to": [9.775, 4.75931, 8.13907],
			"rotation": {"angle": 22.5, "axis": "x", "origin": [9.50625, 4.00931, 10.12651]},
			"faces": {
				"north": {"uv": [0, 0, 0.5, 0.5], "rotation": 180, "texture": "#2"},
				"east": {"uv": [0, 0, 0.5, 0.5], "rotation": 180, "texture": "#2"},
				"south": {"uv": [0, 0, 0.5, 0.5], "rotation": 180, "texture": "#2"},
				"west": {"uv": [0, 0, 0.5, 0.5], "rotation": 180, "texture": "#2"},
				"up": {"uv": [0, 0, 0.5, 0.5], "rotation": 90, "texture": "#2"},
				"down": {"uv": [0, 0, 0.5, 0.5], "rotation": 270, "texture": "#2"}
			}
		},
		{
			"from": [9.275, 3.25931, 8.13907],
			"to": [9.775, 3.75931, 8.38907],
			"rotation": {"angle": 22.5, "axis": "x", "origin": [9.50625, 4.00931, 10.12651]},
			"faces": {
				"north": {"uv": [0, 0, 0.5, 0.5], "rotation": 180, "texture": "#2"},
				"east": {"uv": [0, 0, 0.5, 0.5], "rotation": 180, "texture": "#2"},
				"south": {"uv": [0, 0, 0.5, 0.5], "rotation": 180, "texture": "#2"},
				"west": {"uv": [0, 0, 0.5, 0.5], "rotation": 180, "texture": "#2"},
				"up": {"uv": [0, 0, 0.5, 0.5], "rotation": 90, "texture": "#2"},
				"down": {"uv": [0, 0, 0.5, 0.5], "rotation": 270, "texture": "#2"}
			}
		}
	],
	"display": {
		"thirdperson_righthand": {
			"translation": [0, 4.5, -2.75]
		},
		"thirdperson_lefthand": {
			"translation": [0, 4.5, -2.75]
		},
		"firstperson_righthand": {
			"rotation": [10.5, 0, 0],
			"translation": [6.75, 8.5, -4.75],
			"scale": [1.86, 1.86, 1.86]
		},
		"firstperson_lefthand": {
			"rotation": [10.5, 0, 0],
			"translation": [6.75, 8.5, -4.75],
			"scale": [1.86, 1.86, 1.86]
		},
		"ground": {
			"rotation": [0, 37.75, 66.25],
			"translation": [-3.75, 2.75, 1]
		},
		"gui": {
			"rotation": [71.75, 45.5, -20.5],
			"translation": [1, 3.25, 0],
			"scale": [1.14, 1.14, 1.14]
		},
		"head": {
			"rotation": [13.5, -4.25, 0],
			"translation": [0.5, 14, -4.75]
		},
		"fixed": {
			"rotation": [90, 63, -90],
			"translation": [5, 8.5, -2.5],
			"scale": [1.86, 1.86, 1.86]
		}
	},
	"groups": [
		{
			"name": "pistol",
			"origin": [0, 0, 0],
			"children": [0, 1, 2, 3, 4, 5, 6, 7, 8, 9, 10, 11, 12, 13, 14]
		},
		{
			"name": "lever",
			"origin": [8, 8, 8],
			"children": [15, 16, 17, 18]
		}
	]
}