{
	"credit": "Made with Blockbench",
	"textures": {
		"1": "block/iron_block",
		"2": "block/anvil",
		"3": "block/bone_block_side",
		"4": "block/brown_terracotta",
		"particle": "block/iron_block"
	},
	"elements": [
		{
			"from": [7.25, 2.91538, 10.35],
			"to": [7.55, 3.21538, 10.5],
			"rotation": {"angle": 0, "axis": "z", "origin": [8, 4.75769, 10.375]},
			"faces": {
				"north": {"uv": [8.35, 12.68462, 8.85, 13.18462], "rotation": 270, "texture": "#3"},
				"east": {"uv": [5.4, 12.68462, 5.75, 13.18462], "texture": "#3"},
				"south": {"uv": [7.15, 12.68462, 7.65, 13.18462], "rotation": 90, "texture": "#3"},
				"west": {"uv": [10.25, 12.68462, 10.6, 13.18462], "rotation": 180, "texture": "#3"},
				"up": {"uv": [7.15, 10.25, 7.5, 10.75], "rotation": 90, "texture": "#3"},
				"down": {"uv": [7.15, 5.4, 7.5, 5.9], "rotation": 90, "texture": "#3"}
			}
		},
		{
			"from": [8.45, 2.91538, 10.35],
			"to": [8.75, 3.21538, 10.5],
			"rotation": {"angle": 0, "axis": "z", "origin": [8, 4.75769, 10.375]},
			"faces": {
				"north": {"uv": [7.15, 12.68462, 7.65, 13.18462], "rotation": 90, "texture": "#3"},
				"east": {"uv": [5.4, 12.68462, 5.75, 13.18462], "texture": "#3"},
				"south": {"uv": [8.35, 12.68462, 8.85, 13.18462], "rotation": 270, "texture": "#3"},
				"west": {"uv": [10.25, 12.68462, 10.6, 13.18462], "rotation": 180, "texture": "#3"},
				"up": {"uv": [8.35, 10.25, 8.7, 10.75], "rotation": 270, "texture": "#3"},
				"down": {"uv": [8.35, 5.4, 8.7, 5.9], "rotation": 270, "texture": "#3"}
			}
		},
		{
			"from": [8.75, 3.21538, 10.35],
			"to": [9.05, 3.51538, 10.5],
			"rotation": {"angle": 0, "axis": "z", "origin": [8, 4.75769, 10.375]},
			"faces": {
				"north": {"uv": [6.85, 12.38462, 7.35, 12.88462], "rotation": 180, "texture": "#3"},
				"east": {"uv": [5.4, 12.38462, 5.75, 12.88462], "rotation": 180, "texture": "#3"},
				"south": {"uv": [8.65, 12.38462, 9.15, 12.88462], "rotation": 180, "texture": "#3"},
				"west": {"uv": [10.25, 12.38462, 10.6, 12.88462], "rotation": 180, "texture": "#3"},
				"up": {"uv": [8.65, 10.25, 9, 10.75], "rotation": 270, "texture": "#3"},
				"down": {"uv": [8.65, 5.4, 9, 5.9], "rotation": 90, "texture": "#3"}
			}
		},
		{
			"from": [9.05, 3.51538, 10.35],
			"to": [9.35, 4.56538, 10.5],
			"rotation": {"angle": 0, "axis": "z", "origin": [8, 4.75769, 10.375]},
			"faces": {
				"north": {"uv": [6.55, 11.33462, 7.05, 12.58462], "rotation": 180, "texture": "#3"},
				"east": {"uv": [5.4, 11.33462, 5.75, 12.58462], "rotation": 180, "texture": "#3"},
				"south": {"uv": [8.95, 11.33462, 9.45, 12.58462], "rotation": 180, "texture": "#3"},
				"west": {"uv": [10.25, 11.33462, 10.6, 12.58462], "rotation": 180, "texture": "#3"},
				"up": {"uv": [8.95, 10.25, 9.3, 10.75], "rotation": 270, "texture": "#3"},
				"down": {"uv": [8.95, 5.4, 9.3, 5.9], "rotation": 90, "texture": "#3"}
			}
		},
		{
			"from": [8.75, 4.56538, 10.35],
			"to": [9.05, 5.11538, 10.5],
			"rotation": {"angle": 0, "axis": "z", "origin": [8, 4.75769, 10.375]},
			"faces": {
				"north": {"uv": [6.85, 10.78462, 7.35, 11.53462], "rotation": 180, "texture": "#3"},
				"east": {"uv": [5.4, 10.78462, 5.75, 11.53462], "rotation": 180, "texture": "#3"},
				"south": {"uv": [8.65, 10.78462, 9.15, 11.53462], "rotation": 180, "texture": "#3"},
				"west": {"uv": [10.25, 10.78462, 10.6, 11.53462], "rotation": 180, "texture": "#3"},
				"up": {"uv": [8.65, 10.25, 9, 10.75], "rotation": 270, "texture": "#3"},
				"down": {"uv": [8.65, 5.4, 9, 5.9], "rotation": 90, "texture": "#3"}
			}
		},
		{
			"from": [8.45, 5.11538, 10.35],
			"to": [8.75, 5.66538, 10.5],
			"rotation": {"angle": 0, "axis": "z", "origin": [8, 4.75769, 10.375]},
			"faces": {
				"north": {"uv": [7.15, 10.23462, 7.65, 10.98462], "rotation": 180, "texture": "#3"},
				"east": {"uv": [5.4, 10.23462, 5.75, 10.98462], "rotation": 180, "texture": "#3"},
				"south": {"uv": [8.35, 10.23462, 8.85, 10.98462], "rotation": 180, "texture": "#3"},
				"west": {"uv": [10.25, 10.23462, 10.6, 10.98462], "rotation": 180, "texture": "#3"},
				"up": {"uv": [8.35, 10.25, 8.7, 10.75], "rotation": 270, "texture": "#3"},
				"down": {"uv": [8.35, 5.4, 8.7, 5.9], "rotation": 90, "texture": "#3"}
			}
		},
		{
			"from": [8.15, 5.66538, 10.35],
			"to": [8.45, 6.21538, 10.5],
			"rotation": {"angle": 0, "axis": "z", "origin": [8, 4.75769, 10.375]},
			"faces": {
				"north": {"uv": [7.45, 9.68462, 7.95, 10.43462], "rotation": 180, "texture": "#3"},
				"east": {"uv": [5.4, 9.68462, 5.75, 10.43462], "rotation": 180, "texture": "#3"},
				"south": {"uv": [8.05, 9.68462, 8.55, 10.43462], "rotation": 180, "texture": "#3"},
				"west": {"uv": [10.25, 9.68462, 10.6, 10.43462], "rotation": 180, "texture": "#3"},
				"up": {"uv": [8.05, 10.25, 8.4, 10.75], "rotation": 270, "texture": "#3"},
				"down": {"uv": [8.05, 5.4, 8.4, 5.9], "rotation": 90, "texture": "#3"}
			}
		},
		{
			"from": [7.85, 6.21538, 10.35],
			"to": [8.15, 6.76538, 10.5],
			"rotation": {"angle": 0, "axis": "z", "origin": [8, 4.75769, 10.375]},
			"faces": {
				"north": {"uv": [7.75, 9.13462, 8.25, 9.88462], "rotation": 180, "texture": "#3"},
				"east": {"uv": [5.4, 9.13462, 5.75, 9.88462], "rotation": 180, "texture": "#3"},
				"south": {"uv": [7.75, 9.13462, 8.25, 9.88462], "rotation": 180, "texture": "#3"},
				"west": {"uv": [10.25, 9.13462, 10.6, 9.88462], "rotation": 180, "texture": "#3"},
				"up": {"uv": [7.75, 10.25, 8.1, 10.75], "rotation": 270, "texture": "#3"},
				"down": {"uv": [7.75, 5.4, 8.1, 5.9], "rotation": 90, "texture": "#3"}
			}
		},
		{
			"from": [6.95, 4.56538, 10.35],
			"to": [7.25, 5.11538, 10.5],
			"rotation": {"angle": 0, "axis": "z", "origin": [8, 4.75769, 10.375]},
			"faces": {
				"north": {"uv": [8.65, 10.78462, 9.15, 11.53462], "rotation": 180, "texture": "#3"},
				"east": {"uv": [5.4, 10.78462, 5.75, 11.53462], "rotation": 180, "texture": "#3"},
				"south": {"uv": [6.85, 10.78462, 7.35, 11.53462], "rotation": 180, "texture": "#3"},
				"west": {"uv": [10.25, 10.78462, 10.6, 11.53462], "rotation": 180, "texture": "#3"},
				"up": {"uv": [6.85, 10.25, 7.2, 10.75], "rotation": 270, "texture": "#3"},
				"down": {"uv": [6.85, 5.4, 7.2, 5.9], "rotation": 90, "texture": "#3"}
			}
		},
		{
			"from": [7.25, 5.11538, 10.35],
			"to": [7.55, 5.66538, 10.5],
			"rotation": {"angle": 0, "axis": "z", "origin": [8, 4.75769, 10.375]},
			"faces": {
				"north": {"uv": [8.35, 10.23462, 8.85, 10.98462], "rotation": 180, "texture": "#3"},
				"east": {"uv": [5.4, 10.23462, 5.75, 10.98462], "rotation": 180, "texture": "#3"},
				"south": {"uv": [7.15, 10.23462, 7.65, 10.98462], "rotation": 180, "texture": "#3"},
				"west": {"uv": [10.25, 10.23462, 10.6, 10.98462], "rotation": 180, "texture": "#3"},
				"up": {"uv": [7.15, 10.25, 7.5, 10.75], "rotation": 270, "texture": "#3"},
				"down": {"uv": [7.15, 5.4, 7.5, 5.9], "rotation": 90, "texture": "#3"}
			}
		},
		{
			"from": [7.55, 5.66538, 10.35],
			"to": [7.85, 6.21538, 10.5],
			"rotation": {"angle": 0, "axis": "z", "origin": [8, 4.75769, 10.375]},
			"faces": {
				"north": {"uv": [8.05, 9.68462, 8.55, 10.43462], "rotation": 180, "texture": "#3"},
				"east": {"uv": [5.4, 9.68462, 5.75, 10.43462], "rotation": 180, "texture": "#3"},
				"south": {"uv": [7.45, 9.68462, 7.95, 10.43462], "rotation": 180, "texture": "#3"},
				"west": {"uv": [10.25, 9.68462, 10.6, 10.43462], "rotation": 180, "texture": "#3"},
				"up": {"uv": [7.45, 10.25, 7.8, 10.75], "rotation": 270, "texture": "#3"},
				"down": {"uv": [7.45, 5.4, 7.8, 5.9], "rotation": 90, "texture": "#3"}
			}
		},
		{
			"from": [6.65, 3.51538, 10.35],
			"to": [6.95, 4.56538, 10.5],
			"rotation": {"angle": 0, "axis": "z", "origin": [8, 4.75769, 10.375]},
			"faces": {
				"north": {"uv": [8.95, 11.33462, 9.45, 12.58462], "rotation": 180, "texture": "#3"},
				"east": {"uv": [5.4, 11.33462, 5.75, 12.58462], "rotation": 180, "texture": "#3"},
				"south": {"uv": [6.55, 11.33462, 7.05, 12.58462], "rotation": 180, "texture": "#3"},
				"west": {"uv": [10.25, 11.33462, 10.6, 12.58462], "rotation": 180, "texture": "#3"},
				"up": {"uv": [6.55, 10.25, 6.9, 10.75], "rotation": 270, "texture": "#3"},
				"down": {"uv": [6.55, 5.4, 6.9, 5.9], "rotation": 90, "texture": "#3"}
			}
		},
		{
			"from": [6.95, 3.21538, 10.35],
			"to": [7.25, 3.51538, 10.5],
			"rotation": {"angle": 0, "axis": "z", "origin": [8, 4.75769, 10.375]},
			"faces": {
				"north": {"uv": [8.65, 12.38462, 9.15, 12.88462], "rotation": 180, "texture": "#3"},
				"east": {"uv": [5.4, 12.38462, 5.75, 12.88462], "rotation": 180, "texture": "#3"},
				"south": {"uv": [6.85, 12.38462, 7.35, 12.88462], "rotation": 180, "texture": "#3"},
				"west": {"uv": [10.25, 12.38462, 10.6, 12.88462], "rotation": 180, "texture": "#3"},
				"up": {"uv": [6.85, 10.25, 7.2, 10.75], "rotation": 270, "texture": "#3"},
				"down": {"uv": [6.85, 5.4, 7.2, 5.9], "rotation": 90, "texture": "#3"}
			}
		},
		{
			"from": [7.15, 2.85, 10.25],
			"to": [8.85, 5.75, 10.35],
			"rotation": {"angle": 0, "axis": "z", "origin": [8, 4.5, 8]},
			"faces": {
				"north": {"uv": [7.15, 10.25, 8.85, 13.15], "texture": "#2"},
				"east": {"uv": [5.65, 10.25, 5.75, 13.15], "texture": "#2"},
				"south": {"uv": [7.15, 10.25, 8.85, 13.15], "texture": "#2"},
				"west": {"uv": [10.25, 10.25, 10.35, 13.15], "texture": "#2"},
				"up": {"uv": [7.15, 10.25, 7.25, 11.95], "rotation": 270, "texture": "#2"},
				"down": {"uv": [7.15, 5.65, 7.25, 7.35], "rotation": 90, "texture": "#2"}
			}
		},
		{
			"from": [6.85, 3.1, 10.25],
			"to": [7.15, 5.25, 10.35],
			"rotation": {"angle": 0, "axis": "z", "origin": [8.05, 4.5, 8]},
			"faces": {
				"north": {"uv": [8.85, 10.75, 9.15, 12.9], "texture": "#2"},
				"east": {"uv": [5.65, 10.75, 5.75, 12.9], "texture": "#2"},
				"south": {"uv": [6.85, 10.75, 7.15, 12.9], "texture": "#2"},
				"west": {"uv": [10.25, 10.75, 10.35, 12.9], "texture": "#2"},
				"up": {"uv": [6.85, 10.25, 6.95, 10.55], "rotation": 270, "texture": "#2"},
				"down": {"uv": [6.85, 5.65, 6.95, 5.95], "rotation": 90, "texture": "#2"}
			}
		},
		{
			"from": [8.85, 3.1, 10.25],
			"to": [9.15, 5.25, 10.35],
			"rotation": {"angle": 0, "axis": "z", "origin": [11.45, 4.5, 8]},
			"faces": {
				"north": {"uv": [6.85, 10.75, 7.15, 12.9], "texture": "#2"},
				"east": {"uv": [5.65, 10.75, 5.75, 12.9], "texture": "#2"},
				"south": {"uv": [8.85, 10.75, 9.15, 12.9], "texture": "#2"},
				"west": {"uv": [10.25, 10.75, 10.35, 12.9], "texture": "#2"},
				"up": {"uv": [8.85, 10.25, 8.95, 10.55], "rotation": 270, "texture": "#2"},
				"down": {"uv": [8.85, 5.65, 8.95, 5.95], "rotation": 90, "texture": "#2"}
			}
		},
		{
			"from": [9.15, 3.425, 10.25],
			"to": [9.45, 4.65, 10.35],
			"rotation": {"angle": 0, "axis": "z", "origin": [11.45, 4.5, 8]},
			"faces": {
				"north": {"uv": [6.55, 11.35, 6.85, 12.575], "texture": "#2"},
				"east": {"uv": [5.65, 11.35, 5.75, 12.575], "texture": "#2"},
				"south": {"uv": [9.15, 11.35, 9.45, 12.575], "texture": "#2"},
				"west": {"uv": [10.25, 11.35, 10.35, 12.575], "texture": "#2"},
				"up": {"uv": [9.15, 10.25, 9.25, 10.55], "rotation": 270, "texture": "#2"},
				"down": {"uv": [9.15, 5.65, 9.25, 5.95], "rotation": 90, "texture": "#2"}
			}
		},
		{
			"from": [6.55, 3.425, 10.25],
			"to": [6.85, 4.65, 10.35],
			"rotation": {"angle": 0, "axis": "z", "origin": [11.45, 4.5, 8]},
			"faces": {
				"north": {"uv": [9.15, 11.35, 9.45, 12.575], "texture": "#2"},
				"east": {"uv": [5.65, 11.35, 5.75, 12.575], "texture": "#2"},
				"south": {"uv": [6.55, 11.35, 6.85, 12.575], "texture": "#2"},
				"west": {"uv": [10.25, 11.35, 10.35, 12.575], "texture": "#2"},
				"up": {"uv": [6.55, 10.25, 6.65, 10.55], "rotation": 270, "texture": "#2"},
				"down": {"uv": [6.55, 5.65, 6.65, 5.95], "rotation": 90, "texture": "#2"}
			}
		},
		{
			"from": [7.425, 5.75, 10.25],
			"to": [8.575, 6.325, 10.35],
			"rotation": {"angle": 0, "axis": "z", "origin": [12.05, 4.325, 8]},
			"faces": {
				"north": {"uv": [7.425, 9.675, 8.575, 10.25], "texture": "#2"},
				"east": {"uv": [5.65, 9.675, 5.75, 10.25], "texture": "#2"},
				"south": {"uv": [7.425, 9.675, 8.575, 10.25], "texture": "#2"},
				"west": {"uv": [10.25, 9.675, 10.35, 10.25], "texture": "#2"},
				"up": {"uv": [7.425, 10.25, 7.525, 11.4], "rotation": 270, "texture": "#2"},
				"down": {"uv": [7.425, 5.65, 7.525, 6.8], "rotation": 90, "texture": "#2"}
			}
		},
		{
			"from": [7.725, 6.325, 10.25],
			"to": [8.275, 6.875, 10.35],
			"rotation": {"angle": 0, "axis": "z", "origin": [12.05, 4.325, 8]},
			"faces": {
				"north": {"uv": [7.725, 9.125, 8.275, 9.675], "texture": "#2"},
				"east": {"uv": [5.65, 9.125, 5.75, 9.675], "texture": "#2"},
				"south": {"uv": [7.725, 9.125, 8.275, 9.675], "texture": "#2"},
				"west": {"uv": [10.25, 9.125, 10.35, 9.675], "texture": "#2"},
				"up": {"uv": [7.725, 10.25, 7.825, 10.8], "rotation": 270, "texture": "#2"},
				"down": {"uv": [7.725, 5.65, 7.825, 6.2], "rotation": 90, "texture": "#2"}
			}
		},
		{
			"from": [5.75, 1, 9.75],
			"to": [10.25, 4, 10.25],
			"rotation": {"angle": 0, "axis": "y", "origin": [8, 4.5, 8]},
			"faces": {
				"north": {"uv": [5.75, 12, 10.25, 15], "texture": "#4"},
				"east": {"uv": [5.75, 12, 6.25, 15], "texture": "#4"},
				"south": {"uv": [5.75, 12, 10.25, 15], "texture": "#4"},
				"west": {"uv": [9.75, 12, 10.25, 15], "texture": "#4"},
				"up": {"uv": [5.75, 9.75, 6.25, 14.25], "rotation": 270, "texture": "#4"},
				"down": {"uv": [5.75, 5.75, 6.25, 10.25], "rotation": 90, "texture": "#4"}
			}
		},
		{
			"from": [6.75, 1, 10.25],
			"to": [9.25, 2.5, 10.5],
			"rotation": {"angle": 0, "axis": "y", "origin": [8, 4.5, 8]},
			"faces": {
				"north": {"uv": [6.75, 13.5, 9.25, 15], "texture": "#1"},
				"east": {"uv": [5.5, 13.5, 5.75, 15], "texture": "#1"},
				"south": {"uv": [6.75, 13.5, 9.25, 15], "texture": "#1"},
				"west": {"uv": [10.25, 13.5, 10.5, 15], "texture": "#1"},
				"up": {"uv": [6.75, 10.25, 7, 12.75], "rotation": 270, "texture": "#1"},
				"down": {"uv": [6.75, 5.5, 7, 8], "rotation": 90, "texture": "#1"}
			}
		},
		{
			"from": [10.25455, 1.93182, 7.70227],
			"to": [10.50455, 6.93182, 9.20227],
			"rotation": {"angle": 0, "axis": "x", "origin": [8, 5.18182, 8.27045]},
			"faces": {
				"north": {"uv": [6.75, 10.25, 7, 12.75], "texture": "#1"},
				"east": {"uv": [6.75, 13.5, 9.25, 15], "rotation": 90, "texture": "#1"},
				"south": {"uv": [6.75, 5.5, 7, 8], "rotation": 180, "texture": "#1"},
				"west": {"uv": [6.75, 13.5, 9.25, 15], "rotation": 270, "texture": "#1"},
				"up": {"uv": [10.25, 13.5, 10.5, 15], "texture": "#1"},
				"down": {"uv": [5.5, 13.5, 5.75, 15], "rotation": 180, "texture": "#1"}
			}
		},
		{
			"from": [9.51818, 4.93182, 10.275],
			"to": [10.01818, 5.93182, 10.525],
			"rotation": {"angle": 0, "axis": "y", "origin": [8, 5.18182, 8.27045]},
			"faces": {
				"north": {"uv": [6.75, 13.5, 9.25, 15], "rotation": 270, "texture": "#1"},
				"east": {"uv": [6.75, 10.25, 7, 12.75], "texture": "#1"},
				"south": {"uv": [6.75, 13.5, 9.25, 15], "rotation": 90, "texture": "#1"},
				"west": {"uv": [6.75, 5.5, 7, 8], "rotation": 180, "texture": "#1"},
				"up": {"uv": [10.25, 13.5, 10.5, 15], "rotation": 90, "texture": "#1"},
				"down": {"uv": [5.5, 13.5, 5.75, 15], "rotation": 90, "texture": "#1"}
			}
		},
		{
			"from": [6.00455, 4.93182, 10.275],
			"to": [6.50455, 5.93182, 10.525],
			"rotation": {"angle": 0, "axis": "z", "origin": [9.98636, 5.43182, 10.33182]},
			"faces": {
				"north": {"uv": [6.75, 13.5, 9.25, 15], "rotation": 90, "texture": "#1"},
				"east": {"uv": [6.75, 5.5, 7, 8], "texture": "#1"},
				"south": {"uv": [6.75, 13.5, 9.25, 15], "rotation": 270, "texture": "#1"},
				"west": {"uv": [6.75, 10.25, 7, 12.75], "rotation": 180, "texture": "#1"},
				"up": {"uv": [5.5, 13.5, 5.75, 15], "rotation": 270, "texture": "#1"},
				"down": {"uv": [10.25, 13.5, 10.5, 15], "rotation": 270, "texture": "#1"}
			}
		},
		{
			"from": [5.49545, 1.93182, 7.70227],
			"to": [5.74545, 7.18182, 9.20227],
			"rotation": {"angle": 0, "axis": "x", "origin": [8, 5.18182, 8.27045]},
			"faces": {
				"north": {"uv": [6.75, 10.25, 7, 12.75], "rotation": 180, "texture": "#1"},
				"east": {"uv": [6.75, 13.5, 9.25, 15], "rotation": 90, "texture": "#1"},
				"south": {"uv": [6.75, 5.5, 7, 8], "texture": "#1"},
				"west": {"uv": [6.75, 13.5, 9.25, 15], "rotation": 270, "texture": "#1"},
				"up": {"uv": [5.5, 13.5, 5.75, 15], "texture": "#1"},
				"down": {"uv": [10.25, 13.5, 10.5, 15], "rotation": 180, "texture": "#1"}
			}
		},
		{
			"from": [6.25, 1.25, 10.25],
			"to": [6.75, 2.75, 10.5],
			"rotation": {"angle": 0, "axis": "y", "origin": [8, 4.5, 8]},
			"faces": {
				"north": {"uv": [9.25, 13.25, 9.75, 14.75], "texture": "#1"},
				"east": {"uv": [5.5, 13.25, 5.75, 14.75], "texture": "#1"},
				"south": {"uv": [6.25, 13.25, 6.75, 14.75], "texture": "#1"},
				"west": {"uv": [10.25, 13.25, 10.5, 14.75], "texture": "#1"},
				"up": {"uv": [6.25, 10.25, 6.5, 10.75], "rotation": 270, "texture": "#1"},
				"down": {"uv": [6.25, 5.5, 6.5, 6], "rotation": 90, "texture": "#1"}
			}
		},
		{
			"from": [10.25455, 6.93182, 7.45227],
			"to": [10.50455, 7.43182, 8.95227],
			"rotation": {"angle": 0, "axis": "x", "origin": [8, 5.18182, 8.27045]},
			"faces": {
				"north": {"uv": [6.25, 10.25, 6.5, 10.75], "texture": "#1"},
				"east": {"uv": [6.25, 13.25, 6.75, 14.75], "rotation": 90, "texture": "#1"},
				"south": {"uv": [6.25, 5.5, 6.5, 6], "rotation": 180, "texture": "#1"},
				"west": {"uv": [9.25, 13.25, 9.75, 14.75], "rotation": 270, "texture": "#1"},
				"up": {"uv": [10.25, 13.25, 10.5, 14.75], "texture": "#1"},
				"down": {"uv": [5.5, 13.25, 5.75, 14.75], "rotation": 180, "texture": "#1"}
			}
		},
		{
			"from": [9.76818, 5.93182, 10.275],
			"to": [10.26818, 6.43182, 10.525],
			"rotation": {"angle": 0, "axis": "y", "origin": [8, 5.18182, 8.27045]},
			"faces": {
				"north": {"uv": [9.25, 13.25, 9.75, 14.75], "rotation": 270, "texture": "#1"},
				"east": {"uv": [6.25, 10.25, 6.5, 10.75], "texture": "#1"},
				"south": {"uv": [6.25, 13.25, 6.75, 14.75], "rotation": 90, "texture": "#1"},
				"west": {"uv": [6.25, 5.5, 6.5, 6], "rotation": 180, "texture": "#1"},
				"up": {"uv": [10.25, 13.25, 10.5, 14.75], "rotation": 90, "texture": "#1"},
				"down": {"uv": [5.5, 13.25, 5.75, 14.75], "rotation": 90, "texture": "#1"}
			}
		},
		{
			"from": [5.75455, 4.43182, 10.275],
			"to": [6.25455, 4.93182, 10.525],
			"rotation": {"angle": 0, "axis": "z", "origin": [9.98636, 5.43182, 10.33182]},
			"faces": {
				"north": {"uv": [9.25, 13.25, 9.75, 14.75], "rotation": 90, "texture": "#1"},
				"east": {"uv": [6.25, 5.5, 6.5, 6], "texture": "#1"},
				"south": {"uv": [6.25, 13.25, 6.75, 14.75], "rotation": 270, "texture": "#1"},
				"west": {"uv": [6.25, 10.25, 6.5, 10.75], "rotation": 180, "texture": "#1"},
				"up": {"uv": [5.5, 13.25, 5.75, 14.75], "rotation": 270, "texture": "#1"},
				"down": {"uv": [10.25, 13.25, 10.5, 14.75], "rotation": 270, "texture": "#1"}
			}
		},
		{
			"from": [5.49545, 1.43182, 7.45227],
			"to": [5.74545, 1.93182, 8.95227],
			"rotation": {"angle": 0, "axis": "x", "origin": [8, 5.18182, 8.27045]},
			"faces": {
				"north": {"uv": [6.25, 10.25, 6.5, 10.75], "rotation": 180, "texture": "#1"},
				"east": {"uv": [9.25, 13.25, 9.75, 14.75], "rotation": 90, "texture": "#1"},
				"south": {"uv": [6.25, 5.5, 6.5, 6], "texture": "#1"},
				"west": {"uv": [6.25, 13.25, 6.75, 14.75], "rotation": 270, "texture": "#1"},
				"up": {"uv": [5.5, 13.25, 5.75, 14.75], "texture": "#1"},
				"down": {"uv": [10.25, 13.25, 10.5, 14.75], "rotation": 180, "texture": "#1"}
			}
		},
		{
			"from": [9.25, 1.25, 10.25],
			"to": [9.75, 2.75, 10.5],
			"rotation": {"angle": 0, "axis": "y", "origin": [8, 4.5, 8]},
			"faces": {
				"north": {"uv": [6.25, 13.25, 6.75, 14.75], "texture": "#1"},
				"east": {"uv": [5.5, 13.25, 5.75, 14.75], "texture": "#1"},
				"south": {"uv": [9.25, 13.25, 9.75, 14.75], "texture": "#1"},
				"west": {"uv": [10.25, 13.25, 10.5, 14.75], "texture": "#1"},
				"up": {"uv": [9.25, 10.25, 9.5, 10.75], "rotation": 270, "texture": "#1"},
				"down": {"uv": [9.25, 5.5, 9.5, 6], "rotation": 90, "texture": "#1"}
			}
		},
		{
			"from": [10.25455, 1.43182, 7.45227],
			"to": [10.50455, 1.93182, 8.95227],
			"rotation": {"angle": 0, "axis": "x", "origin": [8, 5.18182, 8.27045]},
			"faces": {
				"north": {"uv": [9.25, 10.25, 9.5, 10.75], "texture": "#1"},
				"east": {"uv": [9.25, 13.25, 9.75, 14.75], "rotation": 90, "texture": "#1"},
				"south": {"uv": [9.25, 5.5, 9.5, 6], "rotation": 180, "texture": "#1"},
				"west": {"uv": [6.25, 13.25, 6.75, 14.75], "rotation": 270, "texture": "#1"},
				"up": {"uv": [10.25, 13.25, 10.5, 14.75], "texture": "#1"},
				"down": {"uv": [5.5, 13.25, 5.75, 14.75], "rotation": 180, "texture": "#1"}
			}
		},
		{
			"from": [9.76818, 4.43182, 10.275],
			"to": [10.26818, 4.93182, 10.525],
			"rotation": {"angle": 0, "axis": "y", "origin": [8, 5.18182, 8.27045]},
			"faces": {
				"north": {"uv": [6.25, 13.25, 6.75, 14.75], "rotation": 270, "texture": "#1"},
				"east": {"uv": [9.25, 10.25, 9.5, 10.75], "texture": "#1"},
				"south": {"uv": [9.25, 13.25, 9.75, 14.75], "rotation": 90, "texture": "#1"},
				"west": {"uv": [9.25, 5.5, 9.5, 6], "rotation": 180, "texture": "#1"},
				"up": {"uv": [10.25, 13.25, 10.5, 14.75], "rotation": 90, "texture": "#1"},
				"down": {"uv": [5.5, 13.25, 5.75, 14.75], "rotation": 90, "texture": "#1"}
			}
		},
		{
			"from": [5.75455, 5.93182, 10.275],
			"to": [6.25455, 6.43182, 10.525],
			"rotation": {"angle": 0, "axis": "z", "origin": [9.98636, 5.43182, 10.33182]},
			"faces": {
				"north": {"uv": [6.25, 13.25, 6.75, 14.75], "rotation": 90, "texture": "#1"},
				"east": {"uv": [9.25, 5.5, 9.5, 6], "texture": "#1"},
				"south": {"uv": [9.25, 13.25, 9.75, 14.75], "rotation": 270, "texture": "#1"},
				"west": {"uv": [9.25, 10.25, 9.5, 10.75], "rotation": 180, "texture": "#1"},
				"up": {"uv": [5.5, 13.25, 5.75, 14.75], "rotation": 270, "texture": "#1"},
				"down": {"uv": [10.25, 13.25, 10.5, 14.75], "rotation": 270, "texture": "#1"}
			}
		},
		{
			"from": [5.49545, 7.18182, 7.45227],
			"to": [5.74545, 7.68182, 8.95227],
			"rotation": {"angle": 0, "axis": "x", "origin": [8, 5.18182, 8.27045]},
			"faces": {
				"north": {"uv": [9.25, 10.25, 9.5, 10.75], "rotation": 180, "texture": "#1"},
				"east": {"uv": [6.25, 13.25, 6.75, 14.75], "rotation": 90, "texture": "#1"},
				"south": {"uv": [9.25, 5.5, 9.5, 6], "texture": "#1"},
				"west": {"uv": [9.25, 13.25, 9.75, 14.75], "rotation": 270, "texture": "#1"},
				"up": {"uv": [5.5, 13.25, 5.75, 14.75], "texture": "#1"},
				"down": {"uv": [10.25, 13.25, 10.5, 14.75], "rotation": 180, "texture": "#1"}
			}
		},
		{
			"from": [9.75, 1, 6.25],
			"to": [10.25, 4, 10.25],
			"rotation": {"angle": 0, "axis": "y", "origin": [8, 4.5, 8]},
			"faces": {
				"north": {"uv": [5.75, 12, 6.25, 15], "texture": "#4"},
				"east": {"uv": [5.75, 12, 9.75, 15], "texture": "#4"},
				"south": {"uv": [9.75, 12, 10.25, 15], "texture": "#4"},
				"west": {"uv": [6.25, 12, 10.25, 15], "texture": "#4"},
				"up": {"uv": [9.75, 6.25, 10.25, 10.25], "rotation": 180, "texture": "#4"},
				"down": {"uv": [9.75, 5.75, 10.25, 9.75], "rotation": 180, "texture": "#4"}
			}
		},
		{
			"from": [5.75, 1, 6.25],
			"to": [6.25, 4, 10.25],
			"rotation": {"angle": 0, "axis": "y", "origin": [8, 4.5, 8]},
			"faces": {
				"north": {"uv": [9.75, 12, 10.25, 15], "texture": "#4"},
				"east": {"uv": [5.75, 12, 9.75, 15], "texture": "#4"},
				"south": {"uv": [5.75, 12, 6.25, 15], "texture": "#4"},
				"west": {"uv": [6.25, 12, 10.25, 15], "texture": "#4"},
				"up": {"uv": [5.75, 6.25, 6.25, 10.25], "texture": "#4"},
				"down": {"uv": [5.75, 5.75, 6.25, 9.75], "texture": "#4"}
			}
		},
		{
			"from": [5.75, 2.5, 5.75],
			"to": [6.75, 3.5, 6.25],
			"rotation": {"angle": 0, "axis": "y", "origin": [8, 4.5, 8]},
			"faces": {
				"north": {"uv": [9, 12.5, 10.25, 13.5], "texture": "#4"},
				"east": {"uv": [9.75, 12.5, 10.25, 13.5], "texture": "#4"},
				"south": {"uv": [5.75, 12.5, 7, 13.5], "texture": "#4"},
				"west": {"uv": [5.75, 12.5, 6.25, 13.5], "texture": "#4"},
				"up": {"uv": [5.75, 5.75, 6.25, 7], "rotation": 270, "texture": "#4"},
				"down": {"uv": [5.75, 9.75, 6.25, 11], "rotation": 90, "texture": "#4"}
			}
		},
		{
			"from": [9.25, 2.5, 5.75],
			"to": [10.25, 3.5, 6.25],
			"rotation": {"angle": 0, "axis": "y", "origin": [8, 4.5, 8]},
			"faces": {
				"north": {"uv": [5.75, 12.5, 7, 13.5], "texture": "#4"},
				"east": {"uv": [9.75, 12.5, 10.25, 13.5], "texture": "#4"},
				"south": {"uv": [9, 12.5, 10.25, 13.5], "texture": "#4"},
				"west": {"uv": [5.75, 12.5, 6.25, 13.5], "texture": "#4"},
				"up": {"uv": [9, 5.75, 9.5, 7], "rotation": 270, "texture": "#4"},
				"down": {"uv": [9, 9.75, 9.5, 11], "rotation": 90, "texture": "#4"}
			}
		},
		{
			"from": [9, 2.25, 5.5],
			"to": [9.5, 3.75, 6],
			"faces": {
				"north": {"uv": [6.5, 12.25, 7, 13.75], "texture": "#2"},
				"east": {"uv": [10, 12.25, 10.5, 13.75], "texture": "#2"},
				"south": {"uv": [9, 12.25, 9.5, 13.75], "texture": "#2"},
				"west": {"uv": [5.5, 12.25, 6, 13.75], "texture": "#2"},
				"up": {"uv": [9, 5.5, 9.5, 6], "texture": "#2"},
				"down": {"uv": [9, 10, 9.5, 10.5], "texture": "#2"}
			}
		},
		{
			"from": [6.5, 2.25, 5.5],
			"to": [7, 3.75, 6],
			"faces": {
				"north": {"uv": [9, 12.25, 9.5, 13.75], "texture": "#2"},
				"east": {"uv": [10, 12.25, 10.5, 13.75], "texture": "#2"},
				"south": {"uv": [6.5, 12.25, 7, 13.75], "texture": "#2"},
				"west": {"uv": [5.5, 12.25, 6, 13.75], "texture": "#2"},
				"up": {"uv": [6.5, 5.5, 7, 6], "texture": "#2"},
				"down": {"uv": [6.5, 10, 7, 10.5], "texture": "#2"}
			}
		},
		{
			"from": [9.25, 2.75, 10.25],
			"to": [9.75, 3, 10.35],
			"rotation": {"angle": 0, "axis": "z", "origin": [8, 4.5, 8]},
			"faces": {
				"north": {"uv": [6.25, 13, 6.75, 13.25], "texture": "#1"},
				"east": {"uv": [5.65, 13, 5.75, 13.25], "texture": "#1"},
				"south": {"uv": [9.25, 13, 9.75, 13.25], "texture": "#1"},
				"west": {"uv": [10.25, 13, 10.35, 13.25], "texture": "#1"},
				"up": {"uv": [9.25, 10.25, 9.35, 10.75], "rotation": 270, "texture": "#1"},
				"down": {"uv": [9.25, 5.65, 9.35, 6.15], "rotation": 90, "texture": "#1"}
			}
		},
		{
			"from": [10.25455, 1.43182, 7.20227],
			"to": [10.35455, 1.93182, 7.45227],
			"rotation": {"angle": 0, "axis": "x", "origin": [8, 5.18182, 8.27045]},
			"faces": {
				"north": {"uv": [9.25, 10.25, 9.35, 10.75], "texture": "#1"},
				"east": {"uv": [9.25, 13, 9.75, 13.25], "rotation": 90, "texture": "#1"},
				"south": {"uv": [9.25, 5.65, 9.35, 6.15], "rotation": 180, "texture": "#1"},
				"west": {"uv": [6.25, 13, 6.75, 13.25], "rotation": 270, "texture": "#1"},
				"up": {"uv": [10.25, 13, 10.35, 13.25], "texture": "#1"},
				"down": {"uv": [5.65, 13, 5.75, 13.25], "rotation": 180, "texture": "#1"}
			}
		},
		{
			"from": [10.26818, 4.43182, 10.125],
			"to": [10.36818, 4.93182, 10.375],
			"rotation": {"angle": 0, "axis": "y", "origin": [10.36818, 5.43182, 10.15]},
			"faces": {
				"north": {"uv": [9.25, 10.25, 9.35, 10.75], "texture": "#1"},
				"east": {"uv": [9.25, 13, 9.75, 13.25], "rotation": 90, "texture": "#1"},
				"south": {"uv": [9.25, 5.65, 9.35, 6.15], "rotation": 180, "texture": "#1"},
				"west": {"uv": [6.25, 13, 6.75, 13.25], "rotation": 270, "texture": "#1"},
				"up": {"uv": [10.25, 13, 10.35, 13.25], "texture": "#1"},
				"down": {"uv": [5.65, 13, 5.75, 13.25], "rotation": 180, "texture": "#1"}
			}
		},
		{
			"from": [5.65455, 5.93182, 10.125],
			"to": [5.75455, 6.43182, 10.375],
			"rotation": {"angle": 0, "axis": "z", "origin": [9.98636, 5.43182, 10.33182]},
			"faces": {
				"north": {"uv": [9.25, 10.25, 9.35, 10.75], "rotation": 180, "texture": "#1"},
				"east": {"uv": [6.25, 13, 6.75, 13.25], "rotation": 90, "texture": "#1"},
				"south": {"uv": [9.25, 5.65, 9.35, 6.15], "texture": "#1"},
				"west": {"uv": [9.25, 13, 9.75, 13.25], "rotation": 270, "texture": "#1"},
				"up": {"uv": [5.65, 13, 5.75, 13.25], "texture": "#1"},
				"down": {"uv": [10.25, 13, 10.35, 13.25], "rotation": 180, "texture": "#1"}
			}
		},
		{
			"from": [5.64545, 7.18182, 7.20227],
			"to": [5.74545, 7.68182, 7.45227],
			"rotation": {"angle": 0, "axis": "x", "origin": [8, 5.18182, 8.27045]},
			"faces": {
				"north": {"uv": [9.25, 10.25, 9.35, 10.75], "rotation": 180, "texture": "#1"},
				"east": {"uv": [6.25, 13, 6.75, 13.25], "rotation": 90, "texture": "#1"},
				"south": {"uv": [9.25, 5.65, 9.35, 6.15], "texture": "#1"},
				"west": {"uv": [9.25, 13, 9.75, 13.25], "rotation": 270, "texture": "#1"},
				"up": {"uv": [5.65, 13, 5.75, 13.25], "texture": "#1"},
				"down": {"uv": [10.25, 13, 10.35, 13.25], "rotation": 180, "texture": "#1"}
			}
		},
		{
			"from": [9.75, 1.25, 10.25],
			"to": [10, 2.75, 10.35],
			"rotation": {"angle": 0, "axis": "z", "origin": [8, 4.5, 8]},
			"faces": {
				"north": {"uv": [6.25, 13, 6.75, 13.25], "texture": "#1"},
				"east": {"uv": [5.65, 13, 5.75, 13.25], "texture": "#1"},
				"south": {"uv": [9.25, 13, 9.75, 13.25], "texture": "#1"},
				"west": {"uv": [10.25, 13, 10.35, 13.25], "texture": "#1"},
				"up": {"uv": [9.25, 10.25, 9.35, 10.75], "rotation": 270, "texture": "#1"},
				"down": {"uv": [9.25, 5.65, 9.35, 6.15], "rotation": 90, "texture": "#1"}
			}
		},
		{
			"from": [10.25455, 1.18182, 7.45227],
			"to": [10.35455, 1.43182, 8.95227],
			"rotation": {"angle": 0, "axis": "x", "origin": [8, 5.18182, 8.27045]},
			"faces": {
				"north": {"uv": [9.25, 10.25, 9.35, 10.75], "texture": "#1"},
				"east": {"uv": [9.25, 13, 9.75, 13.25], "rotation": 90, "texture": "#1"},
				"south": {"uv": [9.25, 5.65, 9.35, 6.15], "rotation": 180, "texture": "#1"},
				"west": {"uv": [6.25, 13, 6.75, 13.25], "rotation": 270, "texture": "#1"},
				"up": {"uv": [10.25, 13, 10.35, 13.25], "texture": "#1"},
				"down": {"uv": [5.65, 13, 5.75, 13.25], "rotation": 180, "texture": "#1"}
			}
		},
		{
			"from": [9.76818, 4.18182, 10.275],
			"to": [10.26818, 4.43182, 10.375],
			"rotation": {"angle": 0, "axis": "y", "origin": [8, 5.18182, 8.27045]},
			"faces": {
				"north": {"uv": [6.25, 13, 6.75, 13.25], "rotation": 270, "texture": "#1"},
				"east": {"uv": [9.25, 10.25, 9.35, 10.75], "texture": "#1"},
				"south": {"uv": [9.25, 13, 9.75, 13.25], "rotation": 90, "texture": "#1"},
				"west": {"uv": [9.25, 5.65, 9.35, 6.15], "rotation": 180, "texture": "#1"},
				"up": {"uv": [10.25, 13, 10.35, 13.25], "rotation": 90, "texture": "#1"},
				"down": {"uv": [5.65, 13, 5.75, 13.25], "rotation": 90, "texture": "#1"}
			}
		},
		{
			"from": [5.75455, 6.43182, 10.275],
			"to": [6.25455, 6.68182, 10.375],
			"rotation": {"angle": 0, "axis": "z", "origin": [9.98636, 5.43182, 10.33182]},
			"faces": {
				"north": {"uv": [6.25, 13, 6.75, 13.25], "rotation": 90, "texture": "#1"},
				"east": {"uv": [9.25, 5.65, 9.35, 6.15], "texture": "#1"},
				"south": {"uv": [9.25, 13, 9.75, 13.25], "rotation": 270, "texture": "#1"},
				"west": {"uv": [9.25, 10.25, 9.35, 10.75], "rotation": 180, "texture": "#1"},
				"up": {"uv": [5.65, 13, 5.75, 13.25], "rotation": 270, "texture": "#1"},
				"down": {"uv": [10.25, 13, 10.35, 13.25], "rotation": 270, "texture": "#1"}
			}
		},
		{
			"from": [5.64545, 7.68182, 7.45227],
			"to": [5.74545, 7.93182, 8.95227],
			"rotation": {"angle": 0, "axis": "x", "origin": [8, 5.18182, 8.27045]},
			"faces": {
				"north": {"uv": [9.25, 10.25, 9.35, 10.75], "rotation": 180, "texture": "#1"},
				"east": {"uv": [6.25, 13, 6.75, 13.25], "rotation": 90, "texture": "#1"},
				"south": {"uv": [9.25, 5.65, 9.35, 6.15], "texture": "#1"},
				"west": {"uv": [9.25, 13, 9.75, 13.25], "rotation": 270, "texture": "#1"},
				"up": {"uv": [5.65, 13, 5.75, 13.25], "texture": "#1"},
				"down": {"uv": [10.25, 13, 10.35, 13.25], "rotation": 180, "texture": "#1"}
			}
		},
		{
			"from": [6, 1.25, 10.25],
			"to": [6.25, 2.75, 10.35],
			"rotation": {"angle": 0, "axis": "z", "origin": [8, 4.5, 8]},
			"faces": {
				"north": {"uv": [6.25, 13, 6.75, 13.25], "texture": "#1"},
				"east": {"uv": [5.65, 13, 5.75, 13.25], "texture": "#1"},
				"south": {"uv": [9.25, 13, 9.75, 13.25], "texture": "#1"},
				"west": {"uv": [10.25, 13, 10.35, 13.25], "texture": "#1"},
				"up": {"uv": [9.25, 10.25, 9.35, 10.75], "rotation": 270, "texture": "#1"},
				"down": {"uv": [9.25, 5.65, 9.35, 6.15], "rotation": 90, "texture": "#1"}
			}
		},
		{
			"from": [10.25455, 7.43182, 7.45227],
			"to": [10.35455, 7.68182, 8.95227],
			"rotation": {"angle": 0, "axis": "x", "origin": [8, 5.18182, 8.27045]},
			"faces": {
				"north": {"uv": [9.25, 10.25, 9.35, 10.75], "texture": "#1"},
				"east": {"uv": [9.25, 13, 9.75, 13.25], "rotation": 90, "texture": "#1"},
				"south": {"uv": [9.25, 5.65, 9.35, 6.15], "rotation": 180, "texture": "#1"},
				"west": {"uv": [6.25, 13, 6.75, 13.25], "rotation": 270, "texture": "#1"},
				"up": {"uv": [10.25, 13, 10.35, 13.25], "texture": "#1"},
				"down": {"uv": [5.65, 13, 5.75, 13.25], "rotation": 180, "texture": "#1"}
			}
		},
		{
			"from": [9.76818, 6.43182, 10.275],
			"to": [10.26818, 6.68182, 10.375],
			"rotation": {"angle": 0, "axis": "y", "origin": [8, 5.18182, 8.27045]},
			"faces": {
				"north": {"uv": [6.25, 13, 6.75, 13.25], "rotation": 270, "texture": "#1"},
				"east": {"uv": [9.25, 10.25, 9.35, 10.75], "texture": "#1"},
				"south": {"uv": [9.25, 13, 9.75, 13.25], "rotation": 90, "texture": "#1"},
				"west": {"uv": [9.25, 5.65, 9.35, 6.15], "rotation": 180, "texture": "#1"},
				"up": {"uv": [10.25, 13, 10.35, 13.25], "rotation": 90, "texture": "#1"},
				"down": {"uv": [5.65, 13, 5.75, 13.25], "rotation": 90, "texture": "#1"}
			}
		},
		{
			"from": [5.75455, 4.18182, 10.275],
			"to": [6.25455, 4.43182, 10.375],
			"rotation": {"angle": 0, "axis": "z", "origin": [9.98636, 5.43182, 10.33182]},
			"faces": {
				"north": {"uv": [6.25, 13, 6.75, 13.25], "rotation": 90, "texture": "#1"},
				"east": {"uv": [9.25, 5.65, 9.35, 6.15], "texture": "#1"},
				"south": {"uv": [9.25, 13, 9.75, 13.25], "rotation": 270, "texture": "#1"},
				"west": {"uv": [9.25, 10.25, 9.35, 10.75], "rotation": 180, "texture": "#1"},
				"up": {"uv": [5.65, 13, 5.75, 13.25], "rotation": 270, "texture": "#1"},
				"down": {"uv": [10.25, 13, 10.35, 13.25], "rotation": 270, "texture": "#1"}
			}
		},
		{
			"from": [5.64545, 1.18182, 7.45227],
			"to": [5.74545, 1.43182, 8.95227],
			"rotation": {"angle": 0, "axis": "x", "origin": [8, 5.18182, 8.27045]},
			"faces": {
				"north": {"uv": [9.25, 10.25, 9.35, 10.75], "rotation": 180, "texture": "#1"},
				"east": {"uv": [6.25, 13, 6.75, 13.25], "rotation": 90, "texture": "#1"},
				"south": {"uv": [9.25, 5.65, 9.35, 6.15], "texture": "#1"},
				"west": {"uv": [9.25, 13, 9.75, 13.25], "rotation": 270, "texture": "#1"},
				"up": {"uv": [5.65, 13, 5.75, 13.25], "texture": "#1"},
				"down": {"uv": [10.25, 13, 10.35, 13.25], "rotation": 180, "texture": "#1"}
			}
		},
		{
			"from": [9.25, 1, 10.25],
			"to": [9.75, 1.25, 10.35],
			"rotation": {"angle": 0, "axis": "z", "origin": [8, 4.5, 8]},
			"faces": {
				"north": {"uv": [6.25, 14.75, 6.75, 15], "texture": "#1"},
				"east": {"uv": [5.65, 14.75, 5.75, 15], "texture": "#1"},
				"south": {"uv": [9.25, 14.75, 9.75, 15], "texture": "#1"},
				"west": {"uv": [10.25, 14.75, 10.35, 15], "texture": "#1"},
				"up": {"uv": [9.25, 10.25, 9.35, 10.75], "rotation": 270, "texture": "#1"},
				"down": {"uv": [9.25, 5.65, 9.35, 6.15], "rotation": 90, "texture": "#1"}
			}
		},
		{
			"from": [10.25455, 1.43182, 8.95227],
			"to": [10.35455, 1.93182, 9.20227],
			"rotation": {"angle": 0, "axis": "x", "origin": [8, 5.18182, 8.27045]},
			"faces": {
				"north": {"uv": [9.25, 10.25, 9.35, 10.75], "texture": "#1"},
				"east": {"uv": [9.25, 14.75, 9.75, 15], "rotation": 90, "texture": "#1"},
				"south": {"uv": [9.25, 5.65, 9.35, 6.15], "rotation": 180, "texture": "#1"},
				"west": {"uv": [6.25, 14.75, 6.75, 15], "rotation": 270, "texture": "#1"},
				"up": {"uv": [10.25, 14.75, 10.35, 15], "texture": "#1"},
				"down": {"uv": [5.65, 14.75, 5.75, 15], "rotation": 180, "texture": "#1"}
			}
		},
		{
			"from": [9.51818, 4.43182, 10.275],
			"to": [9.76818, 4.93182, 10.375],
			"rotation": {"angle": 0, "axis": "y", "origin": [8, 5.18182, 8.27045]},
			"faces": {
				"north": {"uv": [6.25, 14.75, 6.75, 15], "rotation": 270, "texture": "#1"},
				"east": {"uv": [9.25, 10.25, 9.35, 10.75], "texture": "#1"},
				"south": {"uv": [9.25, 14.75, 9.75, 15], "rotation": 90, "texture": "#1"},
				"west": {"uv": [9.25, 5.65, 9.35, 6.15], "rotation": 180, "texture": "#1"},
				"up": {"uv": [10.25, 14.75, 10.35, 15], "rotation": 90, "texture": "#1"},
				"down": {"uv": [5.65, 14.75, 5.75, 15], "rotation": 90, "texture": "#1"}
			}
		},
		{
			"from": [6.25455, 5.93182, 10.275],
			"to": [6.50455, 6.43182, 10.375],
			"rotation": {"angle": 0, "axis": "z", "origin": [9.98636, 5.43182, 10.33182]},
			"faces": {
				"north": {"uv": [6.25, 14.75, 6.75, 15], "rotation": 90, "texture": "#1"},
				"east": {"uv": [9.25, 5.65, 9.35, 6.15], "texture": "#1"},
				"south": {"uv": [9.25, 14.75, 9.75, 15], "rotation": 270, "texture": "#1"},
				"west": {"uv": [9.25, 10.25, 9.35, 10.75], "rotation": 180, "texture": "#1"},
				"up": {"uv": [5.65, 14.75, 5.75, 15], "rotation": 270, "texture": "#1"},
				"down": {"uv": [10.25, 14.75, 10.35, 15], "rotation": 270, "texture": "#1"}
			}
		},
		{
			"from": [5.64545, 7.18182, 8.95227],
			"to": [5.74545, 7.68182, 9.20227],
			"rotation": {"angle": 0, "axis": "x", "origin": [8, 5.18182, 8.27045]},
			"faces": {
				"north": {"uv": [9.25, 10.25, 9.35, 10.75], "rotation": 180, "texture": "#1"},
				"east": {"uv": [6.25, 14.75, 6.75, 15], "rotation": 90, "texture": "#1"},
				"south": {"uv": [9.25, 5.65, 9.35, 6.15], "texture": "#1"},
				"west": {"uv": [9.25, 14.75, 9.75, 15], "rotation": 270, "texture": "#1"},
				"up": {"uv": [5.65, 14.75, 5.75, 15], "texture": "#1"},
				"down": {"uv": [10.25, 14.75, 10.35, 15], "rotation": 180, "texture": "#1"}
			}
		},
		{
			"from": [6.25, 2.75, 10.25],
			"to": [6.75, 3, 10.35],
			"rotation": {"angle": 0, "axis": "z", "origin": [8, 4.5, 8]},
			"faces": {
				"north": {"uv": [9.25, 13, 9.75, 13.25], "texture": "#1"},
				"east": {"uv": [5.65, 13, 5.75, 13.25], "texture": "#1"},
				"south": {"uv": [6.25, 13, 6.75, 13.25], "texture": "#1"},
				"west": {"uv": [10.25, 13, 10.35, 13.25], "texture": "#1"},
				"up": {"uv": [6.25, 10.25, 6.35, 10.75], "rotation": 270, "texture": "#1"},
				"down": {"uv": [6.25, 5.65, 6.35, 6.15], "rotation": 90, "texture": "#1"}
			}
		},
		{
			"from": [10.25455, 6.93182, 7.20227],
			"to": [10.35455, 7.43182, 7.45227],
			"rotation": {"angle": 0, "axis": "x", "origin": [8, 5.18182, 8.27045]},
			"faces": {
				"north": {"uv": [6.25, 10.25, 6.35, 10.75], "texture": "#1"},
				"east": {"uv": [6.25, 13, 6.75, 13.25], "rotation": 90, "texture": "#1"},
				"south": {"uv": [6.25, 5.65, 6.35, 6.15], "rotation": 180, "texture": "#1"},
				"west": {"uv": [9.25, 13, 9.75, 13.25], "rotation": 270, "texture": "#1"},
				"up": {"uv": [10.25, 13, 10.35, 13.25], "texture": "#1"},
				"down": {"uv": [5.65, 13, 5.75, 13.25], "rotation": 180, "texture": "#1"}
			}
		},
		{
			"from": [10.26818, 5.93182, 10.125],
			"to": [10.36818, 6.43182, 10.375],
			"rotation": {"angle": 0, "axis": "y", "origin": [10.36818, 5.43182, 10.15]},
			"faces": {
				"north": {"uv": [6.25, 10.25, 6.35, 10.75], "texture": "#1"},
				"east": {"uv": [6.25, 13, 6.75, 13.25], "rotation": 90, "texture": "#1"},
				"south": {"uv": [6.25, 5.65, 6.35, 6.15], "rotation": 180, "texture": "#1"},
				"west": {"uv": [9.25, 13, 9.75, 13.25], "rotation": 270, "texture": "#1"},
				"up": {"uv": [10.25, 13, 10.35, 13.25], "texture": "#1"},
				"down": {"uv": [5.65, 13, 5.75, 13.25], "rotation": 180, "texture": "#1"}
			}
		},
		{
			"from": [5.65455, 4.43182, 10.125],
			"to": [5.75455, 4.93182, 10.375],
			"rotation": {"angle": 0, "axis": "z", "origin": [9.98636, 5.43182, 10.33182]},
			"faces": {
				"north": {"uv": [6.25, 10.25, 6.35, 10.75], "rotation": 180, "texture": "#1"},
				"east": {"uv": [9.25, 13, 9.75, 13.25], "rotation": 90, "texture": "#1"},
				"south": {"uv": [6.25, 5.65, 6.35, 6.15], "texture": "#1"},
				"west": {"uv": [6.25, 13, 6.75, 13.25], "rotation": 270, "texture": "#1"},
				"up": {"uv": [5.65, 13, 5.75, 13.25], "texture": "#1"},
				"down": {"uv": [10.25, 13, 10.35, 13.25], "rotation": 180, "texture": "#1"}
			}
		},
		{
			"from": [5.64545, 1.43182, 7.20227],
			"to": [5.74545, 1.93182, 7.45227],
			"rotation": {"angle": 0, "axis": "x", "origin": [8, 5.18182, 8.27045]},
			"faces": {
				"north": {"uv": [6.25, 10.25, 6.35, 10.75], "rotation": 180, "texture": "#1"},
				"east": {"uv": [9.25, 13, 9.75, 13.25], "rotation": 90, "texture": "#1"},
				"south": {"uv": [6.25, 5.65, 6.35, 6.15], "texture": "#1"},
				"west": {"uv": [6.25, 13, 6.75, 13.25], "rotation": 270, "texture": "#1"},
				"up": {"uv": [5.65, 13, 5.75, 13.25], "texture": "#1"},
				"down": {"uv": [10.25, 13, 10.35, 13.25], "rotation": 180, "texture": "#1"}
			}
		},
		{
			"from": [6.25, 1, 10.25],
			"to": [6.75, 1.25, 10.35],
			"rotation": {"angle": 0, "axis": "z", "origin": [8, 4.5, 8]},
			"faces": {
				"north": {"uv": [9.25, 14.75, 9.75, 15], "texture": "#1"},
				"east": {"uv": [5.65, 14.75, 5.75, 15], "texture": "#1"},
				"south": {"uv": [6.25, 14.75, 6.75, 15], "texture": "#1"},
				"west": {"uv": [10.25, 14.75, 10.35, 15], "texture": "#1"},
				"up": {"uv": [6.25, 10.25, 6.35, 10.75], "rotation": 270, "texture": "#1"},
				"down": {"uv": [6.25, 5.65, 6.35, 6.15], "rotation": 90, "texture": "#1"}
			}
		},
		{
			"from": [10.25455, 6.93182, 8.95227],
			"to": [10.35455, 7.43182, 9.20227],
			"rotation": {"angle": 0, "axis": "x", "origin": [8, 5.18182, 8.27045]},
			"faces": {
				"north": {"uv": [6.25, 10.25, 6.35, 10.75], "texture": "#1"},
				"east": {"uv": [6.25, 14.75, 6.75, 15], "rotation": 90, "texture": "#1"},
				"south": {"uv": [6.25, 5.65, 6.35, 6.15], "rotation": 180, "texture": "#1"},
				"west": {"uv": [9.25, 14.75, 9.75, 15], "rotation": 270, "texture": "#1"},
				"up": {"uv": [10.25, 14.75, 10.35, 15], "texture": "#1"},
				"down": {"uv": [5.65, 14.75, 5.75, 15], "rotation": 180, "texture": "#1"}
			}
		},
		{
			"from": [9.51818, 5.93182, 10.275],
			"to": [9.76818, 6.43182, 10.375],
			"rotation": {"angle": 0, "axis": "y", "origin": [8, 5.18182, 8.27045]},
			"faces": {
				"north": {"uv": [9.25, 14.75, 9.75, 15], "rotation": 270, "texture": "#1"},
				"east": {"uv": [6.25, 10.25, 6.35, 10.75], "texture": "#1"},
				"south": {"uv": [6.25, 14.75, 6.75, 15], "rotation": 90, "texture": "#1"},
				"west": {"uv": [6.25, 5.65, 6.35, 6.15], "rotation": 180, "texture": "#1"},
				"up": {"uv": [10.25, 14.75, 10.35, 15], "rotation": 90, "texture": "#1"},
				"down": {"uv": [5.65, 14.75, 5.75, 15], "rotation": 90, "texture": "#1"}
			}
		},
		{
			"from": [6.25455, 4.43182, 10.275],
			"to": [6.50455, 4.93182, 10.375],
			"rotation": {"angle": 0, "axis": "z", "origin": [9.98636, 5.43182, 10.33182]},
			"faces": {
				"north": {"uv": [9.25, 14.75, 9.75, 15], "rotation": 90, "texture": "#1"},
				"east": {"uv": [6.25, 5.65, 6.35, 6.15], "texture": "#1"},
				"south": {"uv": [6.25, 14.75, 6.75, 15], "rotation": 270, "texture": "#1"},
				"west": {"uv": [6.25, 10.25, 6.35, 10.75], "rotation": 180, "texture": "#1"},
				"up": {"uv": [5.65, 14.75, 5.75, 15], "rotation": 270, "texture": "#1"},
				"down": {"uv": [10.25, 14.75, 10.35, 15], "rotation": 270, "texture": "#1"}
			}
		},
		{
			"from": [5.64545, 1.43182, 8.95227],
			"to": [5.74545, 1.93182, 9.20227],
			"rotation": {"angle": 0, "axis": "x", "origin": [8, 5.18182, 8.27045]},
			"faces": {
				"north": {"uv": [6.25, 10.25, 6.35, 10.75], "rotation": 180, "texture": "#1"},
				"east": {"uv": [9.25, 14.75, 9.75, 15], "rotation": 90, "texture": "#1"},
				"south": {"uv": [6.25, 5.65, 6.35, 6.15], "texture": "#1"},
				"west": {"uv": [6.25, 14.75, 6.75, 15], "rotation": 270, "texture": "#1"},
				"up": {"uv": [5.65, 14.75, 5.75, 15], "texture": "#1"},
				"down": {"uv": [10.25, 14.75, 10.35, 15], "rotation": 180, "texture": "#1"}
			}
		},
		{
			"from": [6.75, 2.5, 10.25],
			"to": [9.25, 2.75, 10.35],
			"rotation": {"angle": 0, "axis": "z", "origin": [8, 4.5, 8]},
			"faces": {
				"north": {"uv": [6.75, 13.25, 9.25, 13.5], "texture": "#1"},
				"east": {"uv": [5.65, 13.25, 5.75, 13.5], "texture": "#1"},
				"south": {"uv": [6.75, 13.25, 9.25, 13.5], "texture": "#1"},
				"west": {"uv": [10.25, 13.25, 10.35, 13.5], "texture": "#1"},
				"up": {"uv": [6.75, 10.25, 6.85, 12.75], "rotation": 270, "texture": "#1"},
				"down": {"uv": [6.75, 5.65, 6.85, 8.15], "rotation": 90, "texture": "#1"}
			}
		},
		{
			"from": [10.25455, 1.93182, 7.45227],
			"to": [10.35455, 6.93182, 7.70227],
			"rotation": {"angle": 0, "axis": "x", "origin": [8, 5.18182, 8.27045]},
			"faces": {
				"north": {"uv": [6.75, 10.25, 6.85, 12.75], "texture": "#1"},
				"east": {"uv": [6.75, 13.25, 9.25, 13.5], "rotation": 90, "texture": "#1"},
				"south": {"uv": [6.75, 5.65, 6.85, 8.15], "rotation": 180, "texture": "#1"},
				"west": {"uv": [6.75, 13.25, 9.25, 13.5], "rotation": 270, "texture": "#1"},
				"up": {"uv": [10.25, 13.25, 10.35, 13.5], "texture": "#1"},
				"down": {"uv": [5.65, 13.25, 5.75, 13.5], "rotation": 180, "texture": "#1"}
			}
		},
		{
			"from": [10.01818, 4.93182, 10.275],
			"to": [10.26818, 5.93182, 10.375],
			"rotation": {"angle": 0, "axis": "y", "origin": [8, 5.18182, 8.27045]},
			"faces": {
				"north": {"uv": [6.75, 13.25, 9.25, 13.5], "rotation": 270, "texture": "#1"},
				"east": {"uv": [6.75, 10.25, 6.85, 12.75], "texture": "#1"},
				"south": {"uv": [6.75, 13.25, 9.25, 13.5], "rotation": 90, "texture": "#1"},
				"west": {"uv": [6.75, 5.65, 6.85, 8.15], "rotation": 180, "texture": "#1"},
				"up": {"uv": [10.25, 13.25, 10.35, 13.5], "rotation": 90, "texture": "#1"},
				"down": {"uv": [5.65, 13.25, 5.75, 13.5], "rotation": 90, "texture": "#1"}
			}
		},
		{
			"from": [5.75455, 4.93182, 10.275],
			"to": [6.00455, 5.93182, 10.375],
			"rotation": {"angle": 0, "axis": "z", "origin": [9.98636, 5.43182, 10.33182]},
			"faces": {
				"north": {"uv": [6.75, 13.25, 9.25, 13.5], "rotation": 90, "texture": "#1"},
				"east": {"uv": [6.75, 5.65, 6.85, 8.15], "texture": "#1"},
				"south": {"uv": [6.75, 13.25, 9.25, 13.5], "rotation": 270, "texture": "#1"},
				"west": {"uv": [6.75, 10.25, 6.85, 12.75], "rotation": 180, "texture": "#1"},
				"up": {"uv": [5.65, 13.25, 5.75, 13.5], "rotation": 270, "texture": "#1"},
				"down": {"uv": [10.25, 13.25, 10.35, 13.5], "rotation": 270, "texture": "#1"}
			}
		},
		{
			"from": [5.64545, 1.93182, 7.45227],
			"to": [5.74545, 7.18182, 7.70227],
			"rotation": {"angle": 0, "axis": "x", "origin": [8, 5.18182, 8.27045]},
			"faces": {
				"north": {"uv": [6.75, 10.25, 6.85, 12.75], "rotation": 180, "texture": "#1"},
				"east": {"uv": [6.75, 13.25, 9.25, 13.5], "rotation": 90, "texture": "#1"},
				"south": {"uv": [6.75, 5.65, 6.85, 8.15], "texture": "#1"},
				"west": {"uv": [6.75, 13.25, 9.25, 13.5], "rotation": 270, "texture": "#1"},
				"up": {"uv": [5.65, 13.25, 5.75, 13.5], "texture": "#1"},
				"down": {"uv": [10.25, 13.25, 10.35, 13.5], "rotation": 180, "texture": "#1"}
			}
		},
		{
			"from": [6.75, 0.75, 10.25],
			"to": [9.25, 1, 10.35],
			"rotation": {"angle": 0, "axis": "z", "origin": [8, 4.5, 8]},
			"faces": {
				"north": {"uv": [6.75, 15, 9.25, 15.25], "texture": "#1"},
				"east": {"uv": [5.65, 15, 5.75, 15.25], "texture": "#1"},
				"south": {"uv": [6.75, 15, 9.25, 15.25], "texture": "#1"},
				"west": {"uv": [10.25, 15, 10.35, 15.25], "texture": "#1"},
				"up": {"uv": [6.75, 10.25, 6.85, 12.75], "rotation": 270, "texture": "#1"},
				"down": {"uv": [6.75, 5.65, 6.85, 8.15], "rotation": 90, "texture": "#1"}
			}
		},
		{
			"from": [10.25455, 1.93182, 9.20227],
			"to": [10.35455, 6.93182, 9.45227],
			"rotation": {"angle": 0, "axis": "x", "origin": [8, 5.18182, 8.27045]},
			"faces": {
				"north": {"uv": [6.75, 10.25, 6.85, 12.75], "texture": "#1"},
				"east": {"uv": [6.75, 15, 9.25, 15.25], "rotation": 90, "texture": "#1"},
				"south": {"uv": [6.75, 5.65, 6.85, 8.15], "rotation": 180, "texture": "#1"},
				"west": {"uv": [6.75, 15, 9.25, 15.25], "rotation": 270, "texture": "#1"},
				"up": {"uv": [10.25, 15, 10.35, 15.25], "texture": "#1"},
				"down": {"uv": [5.65, 15, 5.75, 15.25], "rotation": 180, "texture": "#1"}
			}
		},
		{
			"from": [9.26818, 4.93182, 10.275],
			"to": [9.51818, 5.93182, 10.375],
			"rotation": {"angle": 0, "axis": "y", "origin": [8, 5.18182, 8.27045]},
			"faces": {
				"north": {"uv": [6.75, 15, 9.25, 15.25], "rotation": 270, "texture": "#1"},
				"east": {"uv": [6.75, 10.25, 6.85, 12.75], "texture": "#1"},
				"south": {"uv": [6.75, 15, 9.25, 15.25], "rotation": 90, "texture": "#1"},
				"west": {"uv": [6.75, 5.65, 6.85, 8.15], "rotation": 180, "texture": "#1"},
				"up": {"uv": [10.25, 15, 10.35, 15.25], "rotation": 90, "texture": "#1"},
				"down": {"uv": [5.65, 15, 5.75, 15.25], "rotation": 90, "texture": "#1"}
			}
		},
		{
			"from": [6.50455, 4.93182, 10.275],
			"to": [6.75455, 5.93182, 10.375],
			"rotation": {"angle": 0, "axis": "z", "origin": [9.98636, 5.43182, 10.33182]},
			"faces": {
				"north": {"uv": [6.75, 15, 9.25, 15.25], "rotation": 90, "texture": "#1"},
				"east": {"uv": [6.75, 5.65, 6.85, 8.15], "texture": "#1"},
				"south": {"uv": [6.75, 15, 9.25, 15.25], "rotation": 270, "texture": "#1"},
				"west": {"uv": [6.75, 10.25, 6.85, 12.75], "rotation": 180, "texture": "#1"},
				"up": {"uv": [5.65, 15, 5.75, 15.25], "rotation": 270, "texture": "#1"},
				"down": {"uv": [10.25, 15, 10.35, 15.25], "rotation": 270, "texture": "#1"}
			}
		},
		{
			"from": [5.64545, 1.93182, 9.20227],
			"to": [5.74545, 7.18182, 9.45227],
			"rotation": {"angle": 0, "axis": "x", "origin": [8, 5.18182, 8.27045]},
			"faces": {
				"north": {"uv": [6.75, 10.25, 6.85, 12.75], "rotation": 180, "texture": "#1"},
				"east": {"uv": [6.75, 15, 9.25, 15.25], "rotation": 90, "texture": "#1"},
				"south": {"uv": [6.75, 5.65, 6.85, 8.15], "texture": "#1"},
				"west": {"uv": [6.75, 15, 9.25, 15.25], "rotation": 270, "texture": "#1"},
				"up": {"uv": [5.65, 15, 5.75, 15.25], "texture": "#1"},
				"down": {"uv": [10.25, 15, 10.35, 15.25], "rotation": 180, "texture": "#1"}
			}
		},
		{
			"from": [5.75, 5.75, 5.75],
			"to": [6.75, 6.75, 6.25],
			"rotation": {"angle": 0, "axis": "y", "origin": [8, 4.5, 8]},
			"faces": {
				"north": {"uv": [9, 9.25, 10.25, 10.25], "texture": "#4"},
				"east": {"uv": [9.75, 9.25, 10.25, 10.25], "texture": "#4"},
				"south": {"uv": [5.75, 9.25, 7, 10.25], "texture": "#4"},
				"west": {"uv": [5.75, 9.25, 6.25, 10.25], "texture": "#4"},
				"up": {"uv": [5.75, 5.75, 6.25, 7], "rotation": 270, "texture": "#4"},
				"down": {"uv": [5.75, 9.75, 6.25, 11], "rotation": 90, "texture": "#4"}
			}
		},
		{
			"from": [9.25, 5.75, 5.75],
			"to": [10.25, 6.75, 6.25],
			"rotation": {"angle": 0, "axis": "y", "origin": [8, 4.5, 8]},
			"faces": {
				"north": {"uv": [5.75, 9.25, 7, 10.25], "texture": "#4"},
				"east": {"uv": [9.75, 9.25, 10.25, 10.25], "texture": "#4"},
				"south": {"uv": [9, 9.25, 10.25, 10.25], "texture": "#4"},
				"west": {"uv": [5.75, 9.25, 6.25, 10.25], "texture": "#4"},
				"up": {"uv": [9, 5.75, 9.5, 7], "rotation": 270, "texture": "#4"},
				"down": {"uv": [9, 9.75, 9.5, 11], "rotation": 90, "texture": "#4"}
			}
		},
		{
			"from": [5.75, 4, 9.75],
			"to": [10.25, 8, 10.25],
			"rotation": {"angle": 0, "axis": "y", "origin": [8, 4.25, 8]},
			"faces": {
				"north": {"uv": [5.75, 8, 10.25, 12], "texture": "#4"},
				"east": {"uv": [5.75, 8, 6.25, 12], "texture": "#4"},
				"south": {"uv": [5.75, 8, 10.25, 12], "texture": "#4"},
				"west": {"uv": [9.75, 8, 10.25, 12], "texture": "#4"},
				"up": {"uv": [5.75, 9.75, 6.25, 14.25], "rotation": 270, "texture": "#4"},
				"down": {"uv": [5.75, 5.75, 6.25, 10.25], "rotation": 90, "texture": "#4"}
			}
		},
		{
			"from": [9.75, 4, 6.25],
			"to": [10.25, 8, 10.25],
			"rotation": {"angle": 0, "axis": "y", "origin": [8, 4.25, 8]},
			"faces": {
				"north": {"uv": [5.75, 8, 6.25, 12], "texture": "#4"},
				"east": {"uv": [5.75, 8, 9.75, 12], "texture": "#4"},
				"south": {"uv": [9.75, 8, 10.25, 12], "texture": "#4"},
				"west": {"uv": [6.25, 8, 10.25, 12], "texture": "#4"},
				"up": {"uv": [9.75, 6.25, 10.25, 10.25], "rotation": 180, "texture": "#4"},
				"down": {"uv": [9.75, 5.75, 10.25, 9.75], "rotation": 180, "texture": "#4"}
			}
		},
		{
			"from": [5.75, 4, 6.25],
			"to": [6.25, 8, 10.25],
			"rotation": {"angle": 0, "axis": "y", "origin": [8, 4.25, 8]},
			"faces": {
				"north": {"uv": [9.75, 8, 10.25, 12], "texture": "#4"},
				"east": {"uv": [5.75, 8, 9.75, 12], "texture": "#4"},
				"south": {"uv": [5.75, 8, 6.25, 12], "texture": "#4"},
				"west": {"uv": [6.25, 8, 10.25, 12], "texture": "#4"},
				"up": {"uv": [5.75, 6.25, 6.25, 10.25], "texture": "#4"},
				"down": {"uv": [5.75, 5.75, 6.25, 9.75], "texture": "#4"}
			}
		},
		{
			"from": [9, 5.5, 5.5],
			"to": [9.5, 7, 6],
			"faces": {
				"north": {"uv": [6.5, 9, 7, 10.5], "texture": "#2"},
				"east": {"uv": [10, 9, 10.5, 10.5], "texture": "#2"},
				"south": {"uv": [9, 9, 9.5, 10.5], "texture": "#2"},
				"west": {"uv": [5.5, 9, 6, 10.5], "texture": "#2"},
				"up": {"uv": [9, 5.5, 9.5, 6], "texture": "#2"},
				"down": {"uv": [9, 10, 9.5, 10.5], "texture": "#2"}
			}
		},
		{
			"from": [6.5, 5.5, 5.5],
			"to": [7, 7, 6],
			"faces": {
				"north": {"uv": [9, 9, 9.5, 10.5], "texture": "#2"},
				"east": {"uv": [10, 9, 10.5, 10.5], "texture": "#2"},
				"south": {"uv": [6.5, 9, 7, 10.5], "texture": "#2"},
				"west": {"uv": [5.5, 9, 6, 10.5], "texture": "#2"},
				"up": {"uv": [6.5, 5.5, 7, 6], "texture": "#2"},
				"down": {"uv": [6.5, 10, 7, 10.5], "texture": "#2"}
			}
		},
		{
			"from": [9.25, 7, 10.25],
			"to": [9.75, 7.5, 10.5],
			"rotation": {"angle": 0, "axis": "z", "origin": [8, 4.5, 8]},
			"faces": {
				"north": {"uv": [6.25, 8.5, 6.75, 9], "rotation": 180, "texture": "#1"},
				"east": {"uv": [5.5, 8.5, 5.75, 9], "rotation": 180, "texture": "#1"},
				"south": {"uv": [9.25, 8.5, 9.75, 9], "rotation": 180, "texture": "#1"},
				"west": {"uv": [10.25, 8.5, 10.5, 9], "rotation": 180, "texture": "#1"},
				"up": {"uv": [9.25, 10.25, 9.5, 10.75], "rotation": 270, "texture": "#1"},
				"down": {"uv": [9.25, 5.5, 9.5, 6], "rotation": 90, "texture": "#1"}
			}
		},
		{
			"from": [9.25, 6.75, 10.25],
			"to": [9.75, 7, 10.35],
			"rotation": {"angle": 0, "axis": "z", "origin": [8, 4.5, 8]},
			"faces": {
				"north": {"uv": [6.25, 9, 6.75, 9.25], "rotation": 180, "texture": "#1"},
				"east": {"uv": [5.65, 9, 5.75, 9.25], "rotation": 180, "texture": "#1"},
				"south": {"uv": [9.25, 9, 9.75, 9.25], "rotation": 180, "texture": "#1"},
				"west": {"uv": [10.25, 9, 10.35, 9.25], "rotation": 180, "texture": "#1"},
				"up": {"uv": [9.25, 10.25, 9.35, 10.75], "rotation": 270, "texture": "#1"},
				"down": {"uv": [9.25, 5.65, 9.35, 6.15], "rotation": 90, "texture": "#1"}
			}
		},
		{
			"from": [9.75, 7, 10.25],
			"to": [10, 7.5, 10.35],
			"rotation": {"angle": 0, "axis": "z", "origin": [8, 4.5, 8]},
			"faces": {
				"north": {"uv": [6.25, 9, 6.75, 9.25], "rotation": 180, "texture": "#1"},
				"east": {"uv": [5.65, 9, 5.75, 9.25], "rotation": 180, "texture": "#1"},
				"south": {"uv": [9.25, 9, 9.75, 9.25], "rotation": 180, "texture": "#1"},
				"west": {"uv": [10.25, 9, 10.35, 9.25], "rotation": 180, "texture": "#1"},
				"up": {"uv": [9.25, 10.25, 9.35, 10.75], "rotation": 270, "texture": "#1"},
				"down": {"uv": [9.25, 5.65, 9.35, 6.15], "rotation": 90, "texture": "#1"}
			}
		},
		{
			"from": [9.25, 7.5, 10.25],
			"to": [9.75, 7.75, 10.35],
			"rotation": {"angle": 0, "axis": "z", "origin": [8, 4.5, 8]},
			"faces": {
				"north": {"uv": [6.25, 8.25, 6.75, 8.5], "rotation": 180, "texture": "#1"},
				"east": {"uv": [5.65, 8.25, 5.75, 8.5], "rotation": 180, "texture": "#1"},
				"south": {"uv": [9.25, 8.25, 9.75, 8.5], "rotation": 180, "texture": "#1"},
				"west": {"uv": [10.25, 8.25, 10.35, 8.5], "rotation": 180, "texture": "#1"},
				"up": {"uv": [9.25, 10.25, 9.35, 10.75], "rotation": 270, "texture": "#1"},
				"down": {"uv": [9.25, 5.65, 9.35, 6.15], "rotation": 90, "texture": "#1"}
			}
		},
		{
			"from": [6.25, 7, 10.25],
			"to": [6.75, 7.5, 10.5],
			"rotation": {"angle": 0, "axis": "z", "origin": [8, 4.5, 8]},
			"faces": {
				"north": {"uv": [9.25, 8.5, 9.75, 9], "rotation": 180, "texture": "#1"},
				"east": {"uv": [5.5, 8.5, 5.75, 9], "rotation": 180, "texture": "#1"},
				"south": {"uv": [6.25, 8.5, 6.75, 9], "rotation": 180, "texture": "#1"},
				"west": {"uv": [10.25, 8.5, 10.5, 9], "rotation": 180, "texture": "#1"},
				"up": {"uv": [6.25, 10.25, 6.5, 10.75], "rotation": 270, "texture": "#1"},
				"down": {"uv": [6.25, 5.5, 6.5, 6], "rotation": 90, "texture": "#1"}
			}
		},
		{
			"from": [6.25, 6.75, 10.25],
			"to": [6.75, 7, 10.35],
			"rotation": {"angle": 0, "axis": "z", "origin": [8, 4.5, 8]},
			"faces": {
				"north": {"uv": [9.25, 9, 9.75, 9.25], "rotation": 180, "texture": "#1"},
				"east": {"uv": [5.65, 9, 5.75, 9.25], "rotation": 180, "texture": "#1"},
				"south": {"uv": [6.25, 9, 6.75, 9.25], "rotation": 180, "texture": "#1"},
				"west": {"uv": [10.25, 9, 10.35, 9.25], "rotation": 180, "texture": "#1"},
				"up": {"uv": [6.25, 10.25, 6.35, 10.75], "rotation": 270, "texture": "#1"},
				"down": {"uv": [6.25, 5.65, 6.35, 6.15], "rotation": 90, "texture": "#1"}
			}
		},
		{
			"from": [6, 7, 10.25],
			"to": [6.25, 7.5, 10.35],
			"rotation": {"angle": 0, "axis": "z", "origin": [8, 4.5, 8]},
			"faces": {
				"north": {"uv": [9.25, 9, 9.75, 9.25], "rotation": 180, "texture": "#1"},
				"east": {"uv": [5.65, 9, 5.75, 9.25], "rotation": 180, "texture": "#1"},
				"south": {"uv": [6.25, 9, 6.75, 9.25], "rotation": 180, "texture": "#1"},
				"west": {"uv": [10.25, 9, 10.35, 9.25], "rotation": 180, "texture": "#1"},
				"up": {"uv": [6.25, 10.25, 6.35, 10.75], "rotation": 270, "texture": "#1"},
				"down": {"uv": [6.25, 5.65, 6.35, 6.15], "rotation": 90, "texture": "#1"}
			}
		},
		{
			"from": [6.25, 7.5, 10.25],
			"to": [6.75, 7.75, 10.35],
			"rotation": {"angle": 0, "axis": "z", "origin": [8, 4.5, 8]},
			"faces": {
				"north": {"uv": [9.25, 8.25, 9.75, 8.5], "rotation": 180, "texture": "#1"},
				"east": {"uv": [5.65, 8.25, 5.75, 8.5], "rotation": 180, "texture": "#1"},
				"south": {"uv": [6.25, 8.25, 6.75, 8.5], "rotation": 180, "texture": "#1"},
				"west": {"uv": [10.25, 8.25, 10.35, 8.5], "rotation": 180, "texture": "#1"},
				"up": {"uv": [6.25, 10.25, 6.35, 10.75], "rotation": 270, "texture": "#1"},
				"down": {"uv": [6.25, 5.65, 6.35, 6.15], "rotation": 90, "texture": "#1"}
			}
		},
		{
			"from": [6.75, 7.25, 10.25],
			"to": [9.25, 7.75, 10.5],
			"rotation": {"angle": 0, "axis": "z", "origin": [8, 4.5, 8]},
			"faces": {
				"north": {"uv": [6.75, 8.25, 9.25, 8.75], "rotation": 180, "texture": "#1"},
				"east": {"uv": [5.5, 8.25, 5.75, 8.75], "rotation": 180, "texture": "#1"},
				"south": {"uv": [6.75, 8.25, 9.25, 8.75], "rotation": 180, "texture": "#1"},
				"west": {"uv": [10.25, 8.25, 10.5, 8.75], "rotation": 180, "texture": "#1"},
				"up": {"uv": [6.75, 10.25, 7, 12.75], "rotation": 270, "texture": "#1"},
				"down": {"uv": [6.75, 5.5, 7, 8], "rotation": 90, "texture": "#1"}
			}
		},
		{
			"from": [6.75, 7, 10.25],
			"to": [9.25, 7.25, 10.35],
			"rotation": {"angle": 0, "axis": "z", "origin": [8, 4.5, 8]},
			"faces": {
				"north": {"uv": [6.75, 8.75, 9.25, 9], "rotation": 180, "texture": "#1"},
				"east": {"uv": [5.65, 8.75, 5.75, 9], "rotation": 180, "texture": "#1"},
				"south": {"uv": [6.75, 8.75, 9.25, 9], "rotation": 180, "texture": "#1"},
				"west": {"uv": [10.25, 8.75, 10.35, 9], "rotation": 180, "texture": "#1"},
				"up": {"uv": [6.75, 10.25, 6.85, 12.75], "rotation": 270, "texture": "#1"},
				"down": {"uv": [6.75, 5.65, 6.85, 8.15], "rotation": 90, "texture": "#1"}
			}
		},
		{
			"from": [6.75, 7.75, 10.25],
			"to": [9.25, 8, 10.35],
			"rotation": {"angle": 0, "axis": "z", "origin": [8, 4.5, 8]},
			"faces": {
				"north": {"uv": [6.75, 8, 9.25, 8.25], "rotation": 180, "texture": "#1"},
				"east": {"uv": [5.65, 8, 5.75, 8.25], "rotation": 180, "texture": "#1"},
				"south": {"uv": [6.75, 8, 9.25, 8.25], "rotation": 180, "texture": "#1"},
				"west": {"uv": [10.25, 8, 10.35, 8.25], "rotation": 180, "texture": "#1"},
				"up": {"uv": [6.75, 10.25, 6.85, 12.75], "rotation": 270, "texture": "#1"},
				"down": {"uv": [6.75, 5.65, 6.85, 8.15], "rotation": 90, "texture": "#1"}
			}
		},
		{
			"from": [7, 2, 5.25],
			"to": [9, 7.5, 6],
			"faces": {
				"north": {"uv": [7, 8.5, 9, 14], "texture": "#2"},
				"east": {"uv": [10, 8.5, 10.75, 14], "texture": "#2"},
				"south": {"uv": [7, 8.5, 9, 14], "texture": "#2"},
				"west": {"uv": [5.25, 8.5, 6, 14], "texture": "#2"},
				"up": {"uv": [7, 5.25, 9, 6], "texture": "#2"},
				"down": {"uv": [7, 10, 9, 10.75], "texture": "#2"}
			}
		},
		{
			"from": [7.25, -4, 5.5],
			"to": [8.75, 2, 5.75],
			"faces": {
				"north": {"uv": [7, 9, 8.5, 15], "texture": "#1"},
				"east": {"uv": [10, 9, 10.25, 15], "texture": "#1"},
				"south": {"uv": [7, 9, 8.5, 15], "texture": "#1"},
				"west": {"uv": [6, 9, 6.25, 15], "texture": "#1"},
				"up": {"uv": [7.25, 5.5, 8.75, 5.75], "texture": "#1"},
				"down": {"uv": [7.25, 10.25, 8.75, 10.5], "texture": "#1"}
			}
		},
		{
			"from": [7.26079, -5, 5.5],
			"to": [8.33579, -3.925, 5.75],
			"rotation": {"angle": 45, "axis": "z", "origin": [7.33579, -4, 5.625]},
			"faces": {
				"north": {"uv": [8, 13, 9.075, 14.075], "rotation": 270, "texture": "#1"},
				"east": {"uv": [10, 15, 11.075, 15.25], "rotation": 90, "texture": "#1"},
				"south": {"uv": [7, 14, 8.075, 15.075], "rotation": 90, "texture": "#1"},
				"west": {"uv": [6, 14, 7.075, 14.25], "rotation": 90, "texture": "#1"},
				"up": {"uv": [7.26079, 5.5, 7.51079, 6.575], "rotation": 90, "texture": "#1"},
				"down": {"uv": [7.26079, 10.25, 7.51079, 11.325], "rotation": 90, "texture": "#1"}
			}
		}
	],
	"display": {
		"thirdperson_righthand": {
			"rotation": [90, 90, 0],
			"translation": [0, -2, 8]
		},
		"thirdperson_lefthand": {
			"rotation": [90, 90, 0],
			"translation": [0, -2, 8]
		},
		"firstperson_righthand": {
			"rotation": [124, 153, 14],
			"translation": [4.25, -0.75, 0.5]
		},
		"firstperson_lefthand": {
			"rotation": [124, 153, 14],
			"translation": [4.25, -0.75, 0.5]
		},
		"ground": {
			"rotation": [127, 134, 14],
			"translation": [3, -0.75, 5.25]
		},
		"gui": {
			"rotation": [-146, 52, -64],
			"translation": [5.5, -5.75, 5.25],
			"scale": [1.45, 1.45, 1.45]
		},
		"head": {
			"rotation": [-141, 0, 0],
			"translation": [0, -15, -16.25],
			"scale": [1.5, 1.5, 1.5]
		},
		"fixed": {
			"translation": [0, 9.5, -3.5],
			"scale": [1.5, 1.5, 1.5]
		}
	},
	"groups": [
		{
			"name": "straps",
			"origin": [8, 8, 8],
			"children": [
				{
					"name": "logo",
					"origin": [8.5, 4.5, 8],
					"children": [0, 1, 2, 3, 4, 5, 6, 7, 8, 9, 10, 11, 12, 13, 14, 15, 16, 17, 18, 19]
				},
				{
					"name": "wrist",
					"origin": [8, 4.5, 8],
					"children": [20, 21, 22, 23, 24, 25, 26, 27, 28, 29, 30, 31, 32, 33, 34, 35, 36, 37, 38, 39, 40, 41, 42, 43, 44, 45, 46, 47, 48, 49, 50, 51, 52, 53, 54, 55, 56, 57, 58, 59, 60, 61, 62, 63, 64, 65, 66, 67, 68, 69, 70, 71, 72, 73, 74, 75, 76, 77, 78, 79, 80, 81]
				},
				{
					"name": "arm",
					"origin": [0, 0, 0],
					"children": [82, 83, 84, 85, 86, 87, 88, 89, 90, 91, 92, 93, 94, 95, 96, 97, 98, 99]
				}
			]
		},
		{
			"name": "bladde",
			"origin": [8, 8, 8],
			"children": [100, 101, 102]
		}
	]
}