{
	"credit": "Made with Blockbench",
	"textures": {
		"1": "block/iron_block",
		"2": "block/anvil",
		"4": "block/gray_terracotta",
		"particle": "block/iron_block"
	},
	"elements": [
		{
			"from": [5.75, 2.25, 5.75],
			"to": [10.25, 3.25, 6.25],
			"rotation": {"angle": 0, "axis": "y", "origin": [8, 4.5, 8]},
			"faces": {
				"north": {"uv": [5.75, 12.75, 10.25, 13.75], "texture": "#4"},
				"east": {"uv": [9.75, 12.75, 10.25, 13.75], "texture": "#4"},
				"south": {"uv": [5.75, 12.75, 10.25, 13.75], "texture": "#4"},
				"west": {"uv": [5.75, 12.75, 6.25, 13.75], "texture": "#4"},
				"up": {"uv": [5.75, 5.75, 6.25, 10.25], "rotation": 270, "texture": "#4"},
				"down": {"uv": [5.75, 9.75, 6.25, 14.25], "rotation": 90, "texture": "#4"}
			}
		},
		{
			"from": [9.75, 2.25, 5.75],
			"to": [10.25, 3.25, 10.25],
			"faces": {
				"north": {"uv": [5.75, 12.75, 6.25, 13.75], "texture": "#4"},
				"east": {"uv": [5.75, 12.75, 10.25, 13.75], "texture": "#4"},
				"south": {"uv": [9.75, 12.75, 10.25, 13.75], "texture": "#4"},
				"west": {"uv": [5.75, 12.75, 10.25, 13.75], "texture": "#4"},
				"up": {"uv": [9.75, 5.75, 10.25, 10.25], "texture": "#4"},
				"down": {"uv": [9.75, 5.75, 10.25, 10.25], "texture": "#4"}
			}
		},
		{
			"from": [5.75, 2.25, 5.75],
			"to": [6.25, 3.25, 10.25],
			"faces": {
				"north": {"uv": [9.75, 12.75, 10.25, 13.75], "texture": "#4"},
				"east": {"uv": [5.75, 12.75, 10.25, 13.75], "texture": "#4"},
				"south": {"uv": [5.75, 12.75, 6.25, 13.75], "texture": "#4"},
				"west": {"uv": [5.75, 12.75, 10.25, 13.75], "texture": "#4"},
				"up": {"uv": [5.75, 5.75, 6.25, 10.25], "texture": "#4"},
				"down": {"uv": [5.75, 5.75, 6.25, 10.25], "texture": "#4"}
			}
		},
		{
			"from": [5.75, 2.25, 9.75],
			"to": [10.25, 3.25, 10.25],
			"rotation": {"angle": 0, "axis": "y", "origin": [8, 4.5, 8]},
			"faces": {
				"north": {"uv": [5.75, 12.75, 10.25, 13.75], "texture": "#4"},
				"east": {"uv": [5.75, 12.75, 6.25, 13.75], "texture": "#4"},
				"south": {"uv": [5.75, 12.75, 10.25, 13.75], "texture": "#4"},
				"west": {"uv": [9.75, 12.75, 10.25, 13.75], "texture": "#4"},
				"up": {"uv": [5.75, 9.75, 6.25, 14.25], "rotation": 270, "texture": "#4"},
				"down": {"uv": [5.75, 5.75, 6.25, 10.25], "rotation": 90, "texture": "#4"}
			}
		},
		{
			"from": [5.5, 1.75, 6.75],
			"to": [6, 3.75, 8.75],
			"rotation": {"angle": 0, "axis": "y", "origin": [3, 3, 5.75]},
			"faces": {
				"north": {"uv": [10, 8.75, 10.5, 10.75], "texture": "#1"},
				"east": {"uv": [7.25, 8.75, 9.25, 10.75], "texture": "#1"},
				"south": {"uv": [5.5, 8.75, 6, 10.75], "texture": "#1"},
				"west": {"uv": [6.75, 8.75, 8.75, 10.75], "texture": "#1"},
				"up": {"uv": [5.5, 6.75, 7.5, 7.25], "rotation": 270, "texture": "#1"},
				"down": {"uv": [5.5, 7.25, 7.5, 7.75], "rotation": 90, "texture": "#1"}
			}
		},
		{
			"from": [9.75, 5.75, 5.75],
			"to": [10.25, 6.75, 10.25],
			"faces": {
				"north": {"uv": [5.75, 9.25, 6.25, 10.25], "texture": "#4"},
				"east": {"uv": [5.75, 9.25, 10.25, 10.25], "texture": "#4"},
				"south": {"uv": [9.75, 9.25, 10.25, 10.25], "texture": "#4"},
				"west": {"uv": [5.75, 9.25, 10.25, 10.25], "texture": "#4"},
				"up": {"uv": [9.75, 5.75, 10.25, 10.25], "texture": "#4"},
				"down": {"uv": [9.75, 5.75, 10.25, 10.25], "texture": "#4"}
			}
		},
		{
			"from": [5.75, 5.75, 5.75],
			"to": [10.25, 6.75, 6.25],
			"rotation": {"angle": 0, "axis": "y", "origin": [8, 4.5, 8]},
			"faces": {
				"north": {"uv": [5.75, 9.25, 10.25, 10.25], "texture": "#4"},
				"east": {"uv": [9.75, 9.25, 10.25, 10.25], "texture": "#4"},
				"south": {"uv": [5.75, 9.25, 10.25, 10.25], "texture": "#4"},
				"west": {"uv": [5.75, 9.25, 6.25, 10.25], "texture": "#4"},
				"up": {"uv": [5.75, 5.75, 6.25, 10.25], "rotation": 270, "texture": "#4"},
				"down": {"uv": [5.75, 9.75, 6.25, 14.25], "rotation": 90, "texture": "#4"}
			}
		},
		{
			"from": [5.75, 5.75, 9.75],
			"to": [10.25, 6.75, 10.25],
			"rotation": {"angle": 0, "axis": "y", "origin": [8, 4.5, 8]},
			"faces": {
				"north": {"uv": [5.75, 9.25, 10.25, 10.25], "texture": "#4"},
				"east": {"uv": [5.75, 9.25, 6.25, 10.25], "texture": "#4"},
				"south": {"uv": [5.75, 9.25, 10.25, 10.25], "texture": "#4"},
				"west": {"uv": [9.75, 9.25, 10.25, 10.25], "texture": "#4"},
				"up": {"uv": [5.75, 9.75, 6.25, 14.25], "rotation": 270, "texture": "#4"},
				"down": {"uv": [5.75, 5.75, 6.25, 10.25], "rotation": 90, "texture": "#4"}
			}
		},
		{
			"from": [5.75, 5.75, 5.75],
			"to": [6.25, 6.75, 10.25],
			"faces": {
				"north": {"uv": [9.75, 9.25, 10.25, 10.25], "texture": "#4"},
				"east": {"uv": [5.75, 9.25, 10.25, 10.25], "texture": "#4"},
				"south": {"uv": [5.75, 9.25, 6.25, 10.25], "texture": "#4"},
				"west": {"uv": [5.75, 9.25, 10.25, 10.25], "texture": "#4"},
				"up": {"uv": [5.75, 5.75, 6.25, 10.25], "texture": "#4"},
				"down": {"uv": [5.75, 5.75, 6.25, 10.25], "texture": "#4"}
			}
		},
		{
			"from": [10, 5.25, 7.5],
			"to": [10.5, 7.25, 9.5],
			"rotation": {"angle": 0, "axis": "y", "origin": [3, 3, 5.75]},
			"faces": {
				"north": {"uv": [5.5, 12.25, 6, 14.25], "texture": "#1"},
				"east": {"uv": [6.5, 12.25, 8.5, 14.25], "texture": "#1"},
				"south": {"uv": [10, 12.25, 10.5, 14.25], "texture": "#1"},
				"west": {"uv": [7.5, 12.25, 9.5, 14.25], "texture": "#1"},
				"up": {"uv": [10, 7.5, 12, 8], "rotation": 270, "texture": "#1"},
				"down": {"uv": [10, 6.5, 12, 7], "rotation": 90, "texture": "#1"}
			}
		},
		{
			"from": [7, 2, 5.25],
			"to": [9, 7.5, 6],
			"faces": {
				"north": {"uv": [7, 8.5, 9, 14], "texture": "#2"},
				"east": {"uv": [10, 8.5, 10.75, 14], "texture": "#2"},
				"south": {"uv": [7, 8.5, 9, 14], "texture": "#2"},
				"west": {"uv": [5.25, 8.5, 6, 14], "texture": "#2"},
				"up": {"uv": [7, 5.25, 9, 6], "texture": "#2"},
				"down": {"uv": [7, 10, 9, 10.75], "texture": "#2"}
			}
		},
		{
			"from": [7.25, -4, 5.5],
			"to": [8.75, 2, 5.75],
			"faces": {
				"north": {"uv": [7, 9, 8.5, 15], "texture": "#1"},
				"east": {"uv": [10.25, 9, 10.5, 15], "texture": "#1"},
				"south": {"uv": [7, 9, 8.5, 15], "texture": "#1"},
				"west": {"uv": [5.5, 9, 5.75, 15], "texture": "#1"},
				"up": {"uv": [7.25, 5.5, 8.75, 5.75], "texture": "#1"},
				"down": {"uv": [7.25, 10.25, 8.75, 10.5], "texture": "#1"}
			}
		},
		{
			"from": [7.26079, -5, 5.5],
			"to": [8.33579, -3.925, 5.75],
			"rotation": {"angle": 45, "axis": "z", "origin": [7.33579, -4, 5.625]},
			"faces": {
				"north": {"uv": [8, 13, 9.075, 14.075], "rotation": 270, "texture": "#1"},
				"east": {"uv": [10, 15, 11.075, 15.25], "rotation": 90, "texture": "#1"},
				"south": {"uv": [7, 14, 8.075, 15.075], "rotation": 90, "texture": "#1"},
				"west": {"uv": [6, 14, 7.075, 14.25], "rotation": 90, "texture": "#1"},
				"up": {"uv": [7.26079, 5.5, 7.51079, 6.575], "rotation": 90, "texture": "#1"},
				"down": {"uv": [7.26079, 10.25, 7.51079, 11.325], "rotation": 90, "texture": "#1"}
			}
		}
	],
	"display": {
		"thirdperson_righthand": {
			"rotation": [90, 90, 0],
			"translation": [0, -2, 8]
		},
		"thirdperson_lefthand": {
			"rotation": [90, 90, 0],
			"translation": [0, -2, 8]
		},
		"firstperson_righthand": {
			"rotation": [127, 134, 14],
			"translation": [3, -0.75, 5.25]
		},
		"firstperson_lefthand": {
			"rotation": [127, 134, 14],
			"translation": [3, -0.75, 5.25]
		},
		"ground": {
			"rotation": [127, 134, 14],
			"translation": [3, -0.75, 5.25]
		},
		"gui": {
			"rotation": [-146, 52, -64],
			"translation": [5.5, -5.75, 5.25],
			"scale": [1.45, 1.45, 1.45]
		},
		"head": {
			"rotation": [-141, 0, 0],
			"translation": [0, -11.25, -12]
		},
		"fixed": {
			"translation": [0, 9.5, -3.5],
			"scale": [1.5, 1.5, 1.5]
		}
	},
	"groups": [
		{
			"name": "straps",
			"origin": [8, 8, 8],
			"children": [
				{
					"name": "wrist",
					"origin": [8, 4.5, 8],
					"children": [0, 1, 2, 3, 4]
				},
				{
					"name": "arm",
					"origin": [0, 0, 0],
					"children": [5, 6, 7, 8, 9]
				}
			]
		},
		{
			"name": "bladde",
			"origin": [8, 8, 8],
			"children": [10, 11, 12]
		}
	]
}